ASV	BL.20130417	BL.20130507	BL.20130604	BL.20130709	BL.20130801	BL.20130917	BL.20131015	BL.20140114	BL.20140211	BL.20140310	BL.20141007	BL.20141111	BL.20150113	BL.20150210	BL.20150916	BL.20151006	BL.20151110	BL.20151215	BL.20160119	BL.20160210	BL.20160308	BL.20160405	BL.20160504	abundancesum_big
OTU_3_18S	24	651	13633	5787	4405	1305	1456	1813	957	1021	4438	5341	1689	1321	9222	1509	4811	2987	5100	1347	88362	60144	18248	235571
OTU_10_18S	502	19	0	0	0	0	0	13012	17786	13121	203	8967	23172	41052	21	127	1628	4415	17581	3106	31	0	0	144743
OTU_11_18S	0	17	11	4462	568	6	30	0	0	0	15	65	0	0	117	0	0	0	0	0	359	359	2233	8242
OTU_12_18S	0	0	13	8640	172	0	0	0	0	0	290	0	0	0	240	0	0	25	57	380	612	10398	2177	23004
OTU_17_18S	0	0	35	18281	1346	42	83	0	0	0	0	0	0	0	175	0	0	88	0	132	1019	8428	4151	33780
OTU_18_18S	8145	58	0	0	0	0	0	1756	1220	5399	646	486	670	9182	530	21	295	679	1529	31973	0	0	0	62589
OTU_16_18S	0	0	0	0	0	0	0	84	0	0	0	1421	0	0	0	14	46	193	0	0	0	0	0	1758
OTU_29_18S	25	0	0	0	0	0	0	1782	1429	408	132	1438	479	0	0	172	291	226	541	19	15	0	0	6957
OTU_30_18S	0	0	0	0	0	0	0	65	181	0	0	0	0	0	1355	56	0	0	0	0	0	0	38	1695
OTU_32_18S	0	0	0	0	0	0	7	0	0	131	209	80	34	0	0	0	0	26	0	0	0	0	0	487
OTU_34_18S	70	0	0	0	0	0	0	15	0	0	0	77	95	647	77	20	39	98	805	30	0	0	0	1973
OTU_40_18S	0	0	0	161	235	0	112	616	72	0	0	67	118	0	0	179	738	233	0	0	0	6373	72400	81304
OTU_38_18S	0	0	0	0	0	0	0	1977	1873	0	1367	4395	7292	0	103	2831	4635	1663	212	0	0	0	0	26348
OTU_44_18S	0	0	0	0	0	0	0	0	0	0	0	425	0	131	92	240	0	0	0	0	0	0	0	888
OTU_50_18S	0	0	0	0	0	0	0	2828	7194	705	0	3369	3035	671	76	800	514	2797	998	834	38	0	0	23859
OTU_48_18S	83	47	0	0	0	0	0	2298	932	1537	1972	796	470	3801	8737	1257	2969	1543	2537	393	1624	592	0	31588
OTU_62_18S	0	0	0	0	0	0	0	46417	0	0	1213	0	204	0	2319	85	805	0	148	0	0	0	0	51191
OTU_68_18S	0	115	0	1282	0	0	0	0	0	0	0	0	0	0	355	0	0	0	0	131	3715	3972	750	10320
OTU_71_18S	0	0	0	0	0	0	0	714	249	410	62	351	637	0	0	500	553	1091	520	494	0	0	0	5581
OTU_72_18S	0	39	60	534	0	126	179	138	0	269	0	0	120	0	2461	364	452	379	200	887	3424	1024	0	10656
OTU_75_18S	0	0	0	0	0	4089	1833	266	0	213	1576	30	12	3	4405	81	80	17	7	0	0	0	0	12612
OTU_78_18S	0	0	0	0	0	0	0	355	2466	1041	187	355	835	0	0	224	436	817	789	526	0	0	0	8031
OTU_82_18S	0	0	0	0	0	0	0	132	49	413	0	1685	611	0	0	120	349	787	326	0	0	0	0	4472
OTU_83_18S	0	0	31	0	690	755	0	0	0	0	0	0	0	0	0	0	0	0	0	0	0	0	8610	10086
OTU_81_18S	0	117	39	685	43	0	153	583	292	716	1094	445	0	1185	5858	183	733	442	1981	143	231	3919	175	19017
OTU_86_18S	0	0	0	0	0	0	0	65	996	91	0	0	94	0	0	0	0	0	0	0	0	0	0	1246
OTU_89_18S	0	257	834	0	1429	290	191	448	0	610	711	457	135	0	5433	316	1423	318	212	378	0	0	2482	15924
OTU_103_18S	0	0	0	0	27	9	70	0	0	0	26	0	0	0	206	0	0	0	0	0	0	60	749	1147
OTU_102_18S	0	0	0	0	0	0	0	0	25	0	0	0	6	31446	0	0	0	0	0	425	0	0	0	31902
OTU_101_18S	54	0	0	0	0	0	0	602	840	397	0	1677	703	330	0	0	215	188	946	0	0	0	0	5952
OTU_105_18S	0	0	0	0	0	0	0	230	80	0	173	77	421	106	0	60	105	213	606	251	0	0	0	2322
OTU_109_18S	0	0	0	0	0	4	0	0	0	0	645	472	341	0	41	0	591	345	208	0	0	28	56	2731
OTU_106_18S	0	0	0	0	0	0	0	740	899	75	1439	891	720	0	361	1167	1600	962	197	0	0	0	0	9051
OTU_118_18S	0	0	0	0	0	0	0	0	0	0	283	116	0	0	267	74	115	0	0	0	0	0	194	1049
OTU_119_18S	105	0	0	0	0	0	0	149	67	281	98	0	71	0	0	79	111	246	53	3694	51	22	15	5042
OTU_116_18S	0	0	229	0	0	71	161	371	390	0	0	1271	941	0	4330	744	1063	1024	359	0	0	0	0	10954
OTU_125_18S	0	0	104	0	0	39	92	0	0	360	446	5	1	0	0	0	928	198	0	0	0	0	9411	11584
OTU_131_18S	0	0	0	4	0	0	0	0	0	0	0	0	0	0	0	11	0	0	0	0	96	10	20	141
OTU_136_18S	0	0	0	0	0	0	0	64	347	0	0	66	257	0	0	824	200	433	122	185	36	0	0	2534
OTU_138_18S	63	0	0	0	0	0	0	0	0	196	407	0	69	0	0	51	308	90	0	0	0	0	0	1184
OTU_129_18S	0	0	0	6	0	12	25	873	644	158	380	1036	1191	284	0	636	545	974	740	144	41	46	0	7735
OTU_142_18S	0	0	0	0	0	0	0	414	0	315	2367	1686	158	63	105	0	0	0	43	0	0	0	0	5151
OTU_137_18S	0	0	0	0	0	60	0	389	462	102	632	517	1005	139	0	471	539	401	378	131	0	0	169	5395
OTU_128_18S	0	0	0	0	0	0	0	0	308	420	0	0	422	0	0	132	45	844	1817	324	12	0	0	4324
OTU_146_18S	0	0	0	0	0	0	0	74	241	0	0	0	0	0	0	42	9	31	29	0	0	0	0	426
OTU_141_18S	0	0	0	0	0	0	23	126	0	0	536	156	354	0	171	701	1542	140	84	0	0	0	0	3833
OTU_155_18S	0	0	0	0	0	0	0	0	0	0	5	0	0	0	63	23	0	0	0	0	0	36	4	131
OTU_152_18S	0	86	0	10	0	339	19	18	327	0	94	165	0	375	24	814	354	1307	871	451	107	193	0	5554
OTU_151_18S	0	0	0	0	0	0	0	325	344	0	650	176	208	0	68	393	560	273	159	16	0	18	0	3190
OTU_167_18S	0	0	0	0	0	32	0	0	0	0	152	274	0	0	0	28	0	0	0	0	95	25	7	613
OTU_166_18S	0	186	28	0	0	0	0	269	113	145	223	145	159	0	416	171	332	408	185	570	124	0	0	3474
OTU_162_18S	0	37	0	0	0	98	160	394	341	357	1555	260	285	0	1644	314	663	453	332	108	420	69	162	7652
OTU_183_18S	0	0	0	0	0	0	0	0	355	747	161	0	0	229	0	0	102	72	61	220	39	25	0	2011
OTU_189_18S	0	0	70	200	269	99	69	0	0	0	12	0	0	0	0	0	0	0	0	0	99	2180	4906	7904
OTU_186_18S	100	62	15	0	40	0	92	183	151	1841	352	231	380	22	478	239	220	255	167	0	333	189	65	5415
OTU_191_18S	0	0	0	0	0	0	0	0	0	0	0	87	80	0	0	328	94	124	0	0	0	0	0	713
OTU_195_18S	0	0	0	0	0	4	0	262	64	0	166	514	270	0	30	483	318	672	143	0	0	0	8	2934
OTU_197_18S	0	0	0	0	0	0	0	220	43	0	0	40	49	109	0	0	51	0	108	0	0	0	0	620
OTU_198_18S	0	0	0	0	0	164	110	0	0	0	0	0	0	0	333	0	423	0	408	0	0	0	0	1438
OTU_196_18S	0	0	0	0	0	0	0	0	0	0	2982	379	0	0	3380	134	318	98	0	0	0	10096	0	17387
OTU_174_18S	164	0	0	0	0	0	0	1953	142	1898	115	828	395	912	1064	208	1487	431	518	99	0	0	0	10214
OTU_204_18S	0	109	17	0	28	1569	616	0	0	0	209	202	45	0	1375	50	32	31	19	0	0	0	840	5142
OTU_217_18S	0	0	0	0	0	0	17	150	0	739	121	48	0	0	16	240	141	488	41	156	0	0	0	2157
OTU_212_18S	14	15	0	0	0	9	0	0	0	0	161	0	0	80	190	0	196	2645	425	123	58	142	48	4106
OTU_205_18S	0	0	0	0	0	0	0	27	0	0	64	504	673	0	41	28	1376	1496	144	0	0	0	0	4353
OTU_231_18S	0	0	0	0	0	0	0	0	0	0	202	0	59	35	729	105	101	320	0	0	0	0	0	1551
OTU_232_18S	0	0	0	0	0	0	0	0	0	0	1106	42	29	302	0	0	38	29	0	0	0	0	0	1546
OTU_235_18S	0	0	0	0	0	0	18	78	0	0	443	119	0	0	1025	26	101	0	0	0	0	0	0	1810
OTU_236_18S	0	0	0	0	0	0	0	0	0	144	89	497	238	0	0	205	174	139	0	0	0	0	0	1486
OTU_213_18S	26	0	0	0	0	0	0	121	420	276	0	346	497	401	0	663	1715	3182	933	360	0	0	0	8940
OTU_240_18S	0	0	0	1629	109	0	0	0	0	106	0	0	0	0	0	0	0	0	0	0	128	5478	2187	9637
OTU_242_18S	0	0	0	0	0	8	0	35	26	1596	469	50	52	171	87	96	39	270	49	1252	38	20	0	4258
OTU_249_18S	0	0	0	61	25	0	0	0	0	0	0	0	0	0	0	0	0	0	0	0	0	618	975	1679
OTU_228_18S	0	0	0	0	0	0	0	0	0	0	0	125	25	0	0	0	705	2478	1776	57	0	0	0	5166
OTU_260_18S	0	0	0	0	0	0	0	0	0	373	0	0	0	0	0	0	0	148	0	16	26	0	0	563
OTU_257_18S	0	0	0	0	0	50	352	131	0	310	871	67	0	150	942	0	15	7	0	0	52	341	0	3288
OTU_270_18S	0	0	0	0	0	0	0	107	5	0	47	36	72	0	0	47	107	62	46	9	0	0	0	538
OTU_268_18S	0	0	0	0	0	0	0	182	624	320	0	92	609	0	0	198	31	383	229	47	0	0	0	2715
OTU_277_18S	0	0	0	0	0	0	0	0	0	147	0	0	0	0	0	0	58	67	34	0	0	757	1078	2141
OTU_278_18S	0	0	0	0	0	16	39	0	0	0	63	0	0	0	0	0	0	0	0	0	0	0	153	271
OTU_286_18S	0	0	34	856	0	0	0	0	0	0	0	0	0	0	0	0	0	0	0	0	167	5923	432	7412
OTU_288_18S	0	0	0	0	0	23	0	0	149	1012	109	142	381	0	0	0	0	0	107	0	0	0	0	1923
OTU_245_18S	0	0	37	0	0	0	32	146	0	0	202	286	72	0	229	695	531	327	91	0	0	0	0	2648
OTU_292_18S	0	0	0	0	0	28	0	0	0	0	264	119	99	0	0	0	0	0	0	0	0	0	0	510
OTU_293_18S	0	0	0	781	0	0	0	0	0	0	0	0	0	0	0	0	0	0	0	0	198	374	1364	2717
OTU_300_18S	0	0	66	813	73	42	136	0	0	0	0	0	0	0	33	0	0	0	0	0	0	1439	2527	5129
OTU_291_18S	0	0	0	0	0	22	0	257	323	0	327	625	227	0	0	206	234	194	0	0	0	0	0	2415
OTU_298_18S	0	0	0	0	0	196	0	0	0	0	1338	0	0	0	0	145	0	103	0	0	0	0	937	2719
OTU_303_18S	0	0	0	0	0	0	0	410	216	860	0	304	165	0	0	89	134	72	0	0	0	0	0	2250
OTU_304_18S	0	0	0	0	0	0	0	0	0	0	0	0	0	0	905	84	210	0	0	0	0	16	5964	7179
OTU_315_18S	54	4449	7	27	0	0	0	0	0	0	0	0	0	0	88	0	0	0	0	0	3647	0	0	8272
OTU_322_18S	0	0	0	0	0	0	0	0	0	190	0	214	0	0	208	0	0	75	126	0	0	0	0	813
OTU_325_18S	0	0	0	0	0	0	0	80	59	0	0	89	118	0	0	79	53	100	27	0	0	0	0	605
OTU_329_18S	0	0	0	0	0	0	0	895	261	0	40	229	154	499	0	749	53	101	54	164	0	0	0	3199
OTU_332_18S	0	0	0	0	0	0	0	108	714	0	395	536	0	0	17	171	196	129	0	0	0	0	0	2266
OTU_348_18S	0	0	0	0	0	9	8	45	0	0	203	0	54	178	100	51	95	93	77	2270	343	0	0	3526
OTU_290_18S	0	0	0	0	0	0	0	135	110	0	560	20	118	1613	84	15	170	445	3295	90	25	11	0	6691
OTU_361_18S	63	1499	0	155	0	0	0	0	0	291	0	41	0	0	54	0	38	101	29	72	1617	460	121	4541
OTU_353_18S	0	0	0	0	0	0	0	0	58	0	0	108	163	0	44	154	38	529	166	51	0	0	0	1311
OTU_360_18S	0	0	0	0	0	163	156	0	0	0	1141	183	0	0	767	94	93	33	0	0	0	0	0	2630
OTU_351_18S	0	0	0	0	0	0	0	0	485	140	0	0	0	0	0	0	93	1285	549	1604	0	0	0	4156
OTU_368_18S	0	0	0	0	0	283	92	0	0	0	418	74	0	186	902	40	0	0	66	0	0	0	0	2061
OTU_343_18S	0	0	0	0	0	0	0	118	1159	790	90	1633	473	306	34	181	422	1130	278	42	6	0	0	6662
OTU_363_18S	0	0	0	0	0	0	0	0	183	0	0	464	4820	35	0	44	141	1938	279	0	0	0	0	7904
OTU_356_18S	0	0	0	0	0	0	0	64	46	0	96	0	0	0	0	0	31	0	25	0	0	0	0	262
OTU_379_18S	14	0	0	0	0	0	56	0	0	0	0	0	0	345	429	0	0	0	0	0	0	0	118	962
OTU_371_18S	0	0	0	0	0	0	0	268	0	182	0	519	498	0	0	0	211	234	450	591	106	55	0	3114
OTU_387_18S	0	0	0	0	0	0	34	0	0	0	117	0	0	0	0	0	0	0	0	0	183	346	0	680
OTU_362_18S	0	0	0	0	0	0	0	0	155	0	592	1223	490	0	0	430	334	0	0	0	0	0	0	3224
OTU_391_18S	0	0	0	0	0	0	0	0	0	0	158	128	101	0	0	73	0	0	35	0	0	0	0	495
OTU_398_18S	0	0	0	0	0	0	0	0	0	0	7781	34	12	0	649	0	0	0	0	0	0	0	0	8476
OTU_404_18S	10	0	0	0	0	0	0	0	142	0	0	46	0	0	0	0	0	0	30	77	0	0	0	305
OTU_382_18S	0	0	0	0	0	0	0	115	329	0	371	373	275	0	0	386	541	371	164	0	0	150	109	3184
OTU_403_18S	0	0	0	0	0	0	0	0	0	0	98	111	96	0	0	0	46	27	0	0	0	0	0	378
OTU_413_18S	0	0	0	0	0	0	0	61	103	0	31	581	262	0	20	81	90	81	100	0	0	0	0	1410
OTU_412_18S	0	0	0	0	0	0	0	0	0	0	455	62	36	0	0	15	494	57	0	0	0	35	80	1234
OTU_419_18S	0	0	0	0	0	0	0	117	439	76	0	0	78	22	0	43	22	57	151	80	0	0	0	1085
OTU_393_18S	0	0	0	0	0	0	0	189	342	423	0	0	509	0	0	0	24	137	982	61	0	0	0	2667
OTU_373_18S	41	0	0	0	0	0	0	69	213	569	0	82	321	0	0	213	347	331	1093	1147	34	0	0	4460
OTU_453_18S	0	0	0	0	0	0	0	0	353	324	167	49	0	0	0	109	75	0	0	0	0	33	0	1110
OTU_444_18S	0	0	0	0	0	0	0	0	59	41	203	98	109	48	69	88	52	62	281	1204	56	0	0	2370
OTU_422_18S	0	0	0	0	0	0	0	655	353	402	0	379	749	0	0	0	191	348	209	40	0	0	0	3326
OTU_430_18S	0	0	0	0	0	0	0	1584	755	0	0	451	106	0	0	0	0	121	570	0	0	0	0	3587
OTU_456_18S	0	0	0	0	0	0	0	25	376	298	0	40	36	0	0	66	0	338	160	285	0	0	0	1624
OTU_390_18S	0	0	0	0	0	0	0	0	0	0	45	0	0	0	0	87	545	5961	900	0	0	0	0	7538
OTU_467_18S	0	0	0	0	0	0	0	96	62	0	0	0	124	0	60	118	84	56	47	0	0	0	0	647
OTU_458_18S	0	0	0	0	0	14	40	699	135	22	106	482	403	0	0	358	349	593	92	435	0	0	0	3728
OTU_472_18S	0	0	0	0	0	31	10	0	0	0	35	0	0	0	447	25	19	0	10	0	0	0	0	577
OTU_477_18S	0	0	0	0	0	0	0	0	23	6	0	328	60	0	0	0	0	0	0	0	0	0	0	417
OTU_478_18S	0	0	0	0	0	18	0	24	0	205	0	45	38	0	0	84	117	163	0	0	0	74	0	768
OTU_466_18S	0	0	0	0	0	0	0	262	350	240	0	336	208	149	0	48	196	238	51	0	0	0	0	2078
OTU_476_18S	0	0	0	0	0	0	0	0	372	98	0	0	65	312	0	46	17	467	370	118	0	0	0	1865
OTU_470_18S	29	0	0	0	0	0	0	115	0	0	0	60	62	268	379	56	83	210	0	208	491	111	29	2101
OTU_471_18S	0	8	0	0	0	0	0	0	946	1216	0	244	450	579	0	0	0	0	123	0	20	0	0	3586
OTU_377_18S	0	0	0	0	0	0	0	0	189	206	0	0	204	432	0	0	147	504	2193	47	0	0	0	3922
OTU_487_18S	0	0	0	0	0	0	0	65	0	0	0	0	0	140	0	0	0	0	0	0	0	462	331	998
OTU_492_18S	0	0	0	0	0	0	0	0	0	0	82	173	0	0	0	0	43	15	0	0	0	0	0	313
OTU_506_18S	0	0	0	0	0	0	0	0	410	329	0	0	43	0	0	32	0	114	27	0	0	0	0	955
OTU_509_18S	0	0	0	0	0	0	38	0	70	202	0	96	0	0	197	0	0	0	0	0	0	0	0	603
OTU_515_18S	0	0	0	0	0	0	0	0	0	0	0	232	0	0	0	0	13	62	44	0	0	0	0	351
OTU_517_18S	0	20	0	0	0	96	0	0	0	0	130	0	0	0	1076	26	36	0	48	40	0	0	0	1472
OTU_536_18S	0	0	0	0	0	3	0	58	106	126	29	189	153	0	0	99	55	41	13	0	0	0	0	872
OTU_498_18S	0	0	0	0	0	0	0	528	98	0	494	210	187	0	28	98	177	331	198	58	0	0	0	2407
OTU_480_18S	0	0	33	0	0	67	32	0	0	1	8	112	216	0	0	0	1097	3	0	0	0	0	957	2526
OTU_537_18S	0	0	0	0	0	0	0	49	680	390	0	0	43	139	0	0	0	382	120	625	0	0	0	2428
OTU_534_18S	0	0	0	0	0	0	0	0	0	336	0	41	319	0	0	163	79	239	168	0	0	0	0	1345
OTU_550_18S	0	0	0	0	0	0	0	0	0	0	691	35	0	0	111	15	0	0	0	0	0	0	0	852
OTU_539_18S	0	0	0	0	0	15	0	28	0	257	178	0	66	0	81	73	342	533	30	0	0	0	62	1665
OTU_512_18S	0	0	0	0	0	0	0	105	0	89	0	205	0	0	0	112	132	117	17	41	0	0	0	818
OTU_493_18S	0	0	0	0	0	0	0	26	0	0	0	207	1677	0	0	61	1024	160	75	0	0	0	0	3230
OTU_558_18S	0	0	0	0	0	0	0	0	0	0	0	5	55	0	0	110	180	44	103	0	0	0	0	497
OTU_547_18S	0	0	0	0	0	0	0	0	226	429	2126	35	487	0	0	0	154	171	87	0	0	0	11	3726
OTU_497_18S	0	0	0	0	0	0	0	0	0	62	0	0	0	3526	0	0	0	0	1245	361	0	0	0	5194
OTU_560_18S	84	0	0	0	0	0	0	229	0	200	0	107	107	0	0	55	0	36	39	122	0	0	0	979
OTU_568_18S	0	0	0	0	0	0	0	0	184	0	220	178	212	0	0	219	127	208	0	141	0	0	0	1489
OTU_582_18S	0	0	0	0	0	0	0	185	0	32	83	78	0	0	620	81	252	48	28	48	62	0	122	1639
OTU_588_18S	0	0	0	0	0	5	14	24	0	0	597	96	51	0	0	29	115	40	17	0	36	64	0	1088
OTU_598_18S	0	0	0	0	0	0	0	0	617	128	142	45	68	0	0	25	98	53	0	0	0	0	0	1176
OTU_605_18S	0	0	0	0	0	0	0	92	521	279	18	0	153	0	0	107	74	31	0	0	20	0	0	1295
OTU_606_18S	0	0	0	0	0	0	0	0	49	0	0	0	120	0	0	1676	0	0	40	0	0	0	0	1885
OTU_610_18S	65	0	0	0	0	0	0	0	0	0	0	0	0	0	38	0	0	0	0	24	57	12	0	196
OTU_621_18S	0	0	0	0	0	0	0	40	0	0	0	0	0	0	217	46	287	0	0	0	0	0	0	590
OTU_613_18S	0	0	0	0	0	0	0	249	437	0	0	166	267	0	0	149	192	171	81	0	0	0	0	1712
OTU_625_18S	0	0	0	0	0	0	0	43	0	70	0	59	0	0	0	102	0	226	26	0	16	0	0	542
OTU_641_18S	0	0	0	0	0	0	0	45	0	29	0	41	35	20	0	29	0	0	0	0	0	0	0	199
OTU_577_18S	0	0	0	0	0	0	0	0	0	789	229	0	278	0	131	116	227	335	145	0	0	0	0	2250
OTU_624_18S	0	0	0	0	0	135	113	0	0	0	0	108	0	0	124	18	0	0	0	0	0	9	0	507
OTU_564_18S	0	0	0	0	0	0	0	0	0	0	0	0	14	0	0	0	1215	35	8	0	121	10	0	1403
OTU_622_18S	0	0	0	0	0	0	0	195	564	0	0	636	418	484	0	0	0	0	106	0	0	0	0	2403
OTU_655_18S	0	0	0	0	0	0	0	0	0	33	170	375	34	0	0	46	112	29	0	0	0	0	0	799
OTU_670_18S	0	0	0	0	0	0	0	46	0	0	282	0	0	0	991	15	21	11	123	0	0	0	72	1561
OTU_680_18S	0	0	0	0	0	0	0	130	134	299	0	185	0	0	0	0	0	0	0	0	35	0	0	783
OTU_683_18S	0	0	0	0	0	0	0	10	0	0	123	0	0	0	0	18	0	54	0	0	0	0	0	205
OTU_682_18S	0	0	0	0	0	0	0	637	852	2222	526	69	0	236	0	0	50	28	0	0	0	0	0	4620
OTU_671_18S	0	0	0	0	0	0	0	0	446	0	65	475	174	0	0	219	93	0	0	0	0	0	0	1472
OTU_691_18S	0	0	21	657	0	38	0	0	0	0	0	0	0	0	0	0	0	0	0	0	21	1794	603	3134
OTU_699_18S	0	0	0	0	0	0	0	0	0	0	0	50	0	17	141	0	0	47	0	240	0	0	599	1094
OTU_726_18S	0	0	0	0	0	0	0	0	0	0	0	0	32	0	0	9	20	28	35	0	0	0	0	124
OTU_732_18S	78	191	0	0	0	0	0	111	0	215	0	0	0	0	245	0	0	0	0	138	696	0	0	1674
OTU_646_18S	59	0	0	0	0	0	0	95	38	0	0	0	45	1317	12	0	88	77	982	86	0	0	0	2799
OTU_711_18S	0	0	0	0	0	0	0	0	100	0	0	0	966	152	0	0	0	0	166	0	0	0	0	1384
OTU_741_18S	0	0	0	0	0	0	0	81	0	0	0	52	44	0	0	46	80	0	0	0	0	0	0	303
OTU_749_18S	0	0	0	0	0	0	0	0	0	0	595	0	30	0	0	33	0	0	30	0	0	58	0	746
OTU_756_18S	0	0	0	0	0	0	0	0	0	0	0	810	38	0	0	0	0	19	99	251	0	0	0	1217
OTU_722_18S	0	0	0	0	0	0	0	119	96	0	82	173	371	27	27	894	232	542	63	245	0	0	0	2871
OTU_747_18S	0	0	0	0	0	0	0	44	0	129	122	29	0	0	0	24	51	81	0	72	40	30	0	622
OTU_734_18S	0	0	0	0	0	0	0	65	0	0	283	209	240	122	22	158	194	25	52	21	0	0	17	1408
OTU_653_18S	0	0	0	0	0	0	0	0	0	0	826	329	0	0	64	0	1059	980	0	0	0	24	0	3282
OTU_778_18S	0	14	0	159	0	0	0	0	0	0	0	0	0	0	50	0	0	0	0	5	54	141	87	510
OTU_714_18S	0	0	0	0	0	0	0	157	0	0	0	303	659	81	0	0	0	0	389	0	0	0	0	1589
OTU_768_18S	0	0	0	0	0	0	0	0	0	0	1723	174	7	0	0	476	66	0	0	0	0	0	0	2446
OTU_698_18S	0	0	0	0	0	0	0	199	177	0	0	0	87	0	0	25	81	136	450	113	0	0	0	1268
OTU_800_18S	0	0	0	0	0	0	0	106	82	505	121	114	56	0	0	7	0	52	20	0	0	0	0	1063
OTU_791_18S	0	0	0	0	0	0	0	0	0	0	0	54	0	0	0	114	141	91	0	0	0	0	0	400
OTU_817_18S	0	0	0	0	0	0	0	146	111	0	0	470	709	0	19	82	55	44	0	0	0	0	0	1636
OTU_799_18S	0	0	0	0	0	0	0	125	0	359	482	182	0	0	111	53	0	0	0	0	0	0	0	1312
OTU_797_18S	0	0	0	0	0	0	0	156	320	0	0	0	209	249	0	0	0	33	100	159	0	0	0	1226
OTU_806_18S	0	0	0	0	0	8	0	57	0	0	0	0	0	0	20	0	0	23	67	0	0	162	0	337
OTU_842_18S	0	0	0	0	0	0	0	0	0	133	0	0	0	1576	0	0	0	918	32	37	0	0	0	2696
OTU_761_18S	0	0	0	0	0	137	207	161	0	0	917	0	0	0	393	0	196	28	0	0	0	0	0	2039
OTU_839_18S	0	16	0	0	0	0	0	0	0	0	0	0	0	0	0	0	0	0	26	171	110	0	0	323
OTU_858_18S	0	0	0	0	0	0	0	389	143	2	0	38	124	694	0	83	99	285	0	248	43	16	0	2164
OTU_868_18S	0	0	0	0	0	0	0	0	104	0	0	856	31	0	0	98	24	13	0	0	0	0	0	1126
OTU_787_18S	8	0	0	0	0	0	0	151	180	0	0	0	158	0	0	22	109	132	441	0	0	0	0	1201
OTU_871_18S	0	0	0	0	0	0	0	0	151	743	131	36	30	0	0	39	39	76	29	0	17	0	0	1291
OTU_866_18S	0	0	0	0	0	0	0	0	0	0	224	707	280	0	58	498	0	0	0	0	0	0	0	1767
OTU_767_18S	0	0	0	0	0	0	0	202	206	51	314	211	169	0	0	166	296	84	74	0	0	0	0	1773
OTU_879_18S	0	0	0	0	0	0	0	107	206	265	0	0	0	512	0	0	0	71	163	0	0	0	0	1324
OTU_886_18S	0	0	0	544	23	0	16	0	0	0	0	0	0	0	0	0	0	0	0	0	0	0	260	843
OTU_889_18S	0	0	0	0	0	0	0	24	0	0	0	137	54	0	0	0	0	0	0	72	0	0	0	287
OTU_855_18S	0	0	0	0	0	0	0	0	0	0	0	221	132	0	0	0	0	2314	77	56	0	0	0	2800
OTU_899_18S	0	51	0	0	0	132	0	0	0	626	268	0	0	652	137	0	0	0	19	750	0	0	0	2635
OTU_910_18S	0	0	0	7	0	0	10	0	0	616	0	0	0	0	0	0	0	0	0	328	125	14	0	1100
OTU_829_18S	0	0	0	0	0	0	0	0	0	506	409	189	486	976	0	0	162	0	195	0	0	0	0	2923
OTU_902_18S	0	0	0	0	0	0	0	43	158	0	0	92	83	0	0	53	42	27	121	37	0	0	0	656
OTU_923_18S	6	0	0	0	0	0	0	0	0	0	0	0	0	446	0	0	20	0	131	35	12	0	0	650
OTU_924_18S	0	0	0	158	0	0	0	0	0	0	0	0	0	0	112	0	0	0	0	0	0	101	436	807
OTU_932_18S	0	0	0	0	0	0	0	124	63	226	0	164	0	0	0	0	0	74	66	419	0	0	0	1136
OTU_962_18S	0	0	0	0	0	53	0	0	181	356	49	0	0	299	0	0	46	44	0	1636	0	31	0	2695
OTU_904_18S	0	0	0	0	0	0	0	191	77	473	0	328	335	0	0	201	350	194	8	0	0	0	0	2157
OTU_960_18S	0	0	0	0	0	0	0	162	0	0	0	187	209	0	0	197	0	183	121	0	0	0	0	1059
OTU_911_18S	0	0	0	0	0	0	0	319	149	213	0	291	165	0	0	135	164	329	132	0	0	0	0	1897
OTU_994_18S	0	0	0	0	0	0	0	64	0	0	38	37	0	0	0	0	0	29	20	0	0	0	0	188
OTU_909_18S	0	0	0	0	0	0	0	0	373	0	0	0	347	0	0	18	186	66	425	287	0	0	0	1702
OTU_937_18S	0	0	0	0	0	0	0	0	64	0	73	0	31	63	0	380	38	410	34	294	0	0	0	1387
OTU_985_18S	0	0	0	0	0	0	0	69	562	0	0	0	86	0	0	0	0	151	0	131	0	0	0	999
OTU_997_18S	0	0	0	0	0	79	69	0	0	0	0	0	0	0	101	0	0	0	0	0	0	0	10	259
OTU_998_18S	0	0	0	0	0	0	0	0	76	53	321	142	0	0	35	258	0	307	0	266	0	10	0	1468
OTU_973_18S	0	0	0	0	0	0	0	0	0	0	0	50	0	0	0	59	58	93	56	41	0	12	23	392
OTU_989_18S	0	0	0	0	0	0	0	0	0	0	0	0	0	0	0	69	48	205	126	0	0	0	0	448
OTU_1019_18S	0	5	0	0	0	0	0	23	8	2	37	55	70	0	49	52	108	47	26	19	0	0	0	501
OTU_505_18S	0	0	0	0	0	0	0	361	0	671	0	38	77	396	194	29	152	85	156	0	0	0	0	2159
OTU_1034_18S	0	0	0	0	0	0	0	0	0	73	0	49	64	0	85	94	0	150	37	0	0	0	0	552
OTU_859_18S	0	36	0	0	0	0	0	0	0	0	0	0	0	0	471	126	603	0	0	338	0	0	0	1574
OTU_965_18S	0	0	0	0	0	0	0	0	75	711	0	0	0	0	0	181	0	503	438	0	172	0	0	2080
OTU_982_18S	11	15	80	0	0	0	0	1577	1	128	1	5	21	0	9	15	13	8	281	49	9	0	0	2223
OTU_1023_18S	0	0	0	0	0	0	0	0	31	0	236	492	52	0	0	0	118	0	21	0	0	0	0	950
OTU_881_18S	0	0	0	0	0	0	0	0	0	0	0	107	34	0	31	0	66	692	722	0	0	0	0	1652
OTU_833_18S	0	0	0	0	0	0	0	38	0	437	0	86	70	0	0	873	519	11	265	0	0	0	0	2299
OTU_995_18S	0	0	0	0	0	0	0	0	0	0	491	0	600	0	0	0	376	643	82	0	0	0	0	2192
OTU_1086_18S	0	0	0	0	0	0	0	2	2	161	0	1	1	0	0	1	0	14	48	0	0	0	0	230
OTU_1076_18S	0	0	0	0	0	0	0	0	271	0	140	0	78	0	0	28	155	19	58	15	0	13	0	777
OTU_1095_18S	0	0	0	0	0	0	0	29	102	0	0	37	119	0	16	109	49	157	64	0	22	0	0	704
OTU_1106_18S	0	0	0	0	0	0	0	0	0	0	0	0	22	0	0	129	38	0	28	0	0	0	0	217
OTU_1114_18S	0	0	0	0	0	0	0	0	0	185	0	0	0	0	79	0	0	312	90	86	0	0	0	752
OTU_1121_18S	0	0	0	0	0	0	0	0	0	0	67	127	64	0	74	0	24	3	0	0	0	0	0	359
OTU_1105_18S	0	0	0	0	0	0	0	50	0	0	0	266	28	0	0	63	0	147	37	0	0	0	0	591
OTU_1104_18S	0	0	0	0	0	0	0	0	151	0	0	0	98	0	51	52	0	0	180	439	0	0	0	971
OTU_1148_18S	0	0	0	0	0	0	0	0	47	46	203	124	222	0	0	35	39	49	101	0	0	0	0	866
OTU_1027_18S	0	0	0	0	0	0	0	75	0	53	0	75	59	0	0	772	565	0	185	0	0	0	0	1784
OTU_1146_18S	0	0	0	0	0	56	0	0	0	0	285	0	0	0	717	4	1	3	0	0	0	0	0	1066
OTU_1111_18S	0	0	0	0	0	0	0	86	0	0	0	178	0	46	0	128	0	62	0	104	0	0	0	604
OTU_1144_18S	0	0	0	0	0	5	20	117	0	0	0	28	0	0	126	0	0	12	0	42	42	0	0	392
OTU_1207_18S	0	0	0	0	0	0	0	14	351	0	0	22	0	210	0	0	0	0	0	0	0	0	0	597
OTU_1214_18S	18	0	0	0	0	0	0	111	370	0	0	641	328	345	0	0	0	50	42	0	0	0	0	1905
OTU_1127_18S	0	0	0	0	0	0	0	142	0	0	137	238	107	0	0	137	227	246	103	26	0	0	36	1399
OTU_1226_18S	0	0	0	0	0	0	0	0	0	215	0	0	0	0	32	0	0	32	0	0	0	20	0	299
OTU_1165_18S	0	0	0	0	0	0	0	0	0	0	0	0	1258	211	0	55	12	0	301	0	0	0	0	1837
OTU_1123_18S	0	0	0	0	0	0	0	0	129	166	0	0	0	59	0	25	0	0	297	116	9	0	0	801
OTU_1233_18S	31	0	0	0	0	0	0	0	0	15	0	0	0	0	0	0	0	27	31	6	0	0	0	110
OTU_1252_18S	0	0	0	0	0	0	0	22	60	0	0	308	98	0	0	116	47	56	0	0	0	0	0	707
OTU_1256_18S	0	0	0	0	0	0	0	135	251	139	0	395	319	700	0	0	0	0	0	0	0	0	0	1939
OTU_1263_18S	0	0	0	0	0	0	0	0	0	0	99	111	172	0	0	165	67	104	0	0	0	0	0	718
OTU_1266_18S	0	0	0	0	0	0	0	149	0	416	0	0	0	0	0	36	67	31	62	0	21	0	0	782
OTU_1286_18S	0	0	0	0	0	0	0	80	0	50	0	0	0	0	124	0	136	0	48	0	0	0	0	438
OTU_1202_18S	0	0	0	0	0	0	0	0	0	18	237	103	0	0	178	85	185	0	41	0	0	0	0	847
OTU_1258_18S	0	0	0	0	0	0	0	0	552	93	0	0	0	0	0	0	0	118	107	63	0	0	0	933
OTU_1296_18S	0	0	0	0	0	0	0	72	0	0	192	72	39	0	0	51	142	0	0	0	0	0	0	568
OTU_1290_18S	0	0	0	0	0	0	0	283	0	0	76	0	40	0	0	73	78	78	28	0	0	0	0	656
OTU_1309_18S	0	0	0	101	0	0	0	0	0	0	1	0	0	0	2	0	0	2	1	8	0	0	52	167
OTU_1257_18S	0	0	13	0	0	54	57	111	0	0	0	0	0	668	164	0	102	25	8	0	288	0	0	1490
OTU_1159_18S	0	0	0	0	0	0	0	78	0	855	0	397	25	0	0	0	0	29	334	0	0	0	0	1718
OTU_1172_18S	0	0	0	0	0	0	0	49	0	222	0	0	25	832	0	0	0	63	381	32	0	0	0	1604
OTU_1299_18S	0	0	0	0	0	23	0	82	0	0	0	0	0	0	119	0	155	0	34	0	0	0	255	668
OTU_1281_18S	0	0	0	0	0	0	0	0	26	0	0	32	158	0	0	161	142	75	40	0	0	0	0	634
OTU_1332_18S	0	0	0	0	0	0	0	0	0	0	86	159	0	0	0	48	6	51	0	0	0	0	0	350
OTU_1337_18S	0	0	0	0	0	23	0	0	0	0	420	47	0	0	0	0	0	21	0	0	0	0	0	511
OTU_1345_18S	0	0	0	0	0	0	0	0	210	0	0	0	38	178	0	0	0	47	71	0	0	0	0	544
OTU_1347_18S	0	0	0	0	0	0	0	0	241	0	0	0	0	0	0	81	84	96	0	183	0	0	0	685
OTU_1354_18S	0	0	0	0	0	0	0	64	0	0	0	0	50	0	0	0	0	48	32	0	0	0	0	194
OTU_1304_18S	0	0	0	0	0	0	0	89	308	0	0	0	204	0	0	0	18	37	142	0	0	0	0	798
OTU_1313_18S	0	0	0	0	0	0	0	144	0	0	279	142	106	0	59	48	0	0	40	0	0	0	0	818
OTU_1291_18S	0	0	0	0	0	0	0	288	288	0	0	0	69	0	0	35	71	131	117	111	0	0	0	1110
OTU_1245_18S	3	0	0	0	0	0	0	0	0	2	1	164	17	0	748	42	180	27	71	0	0	0	0	1255
OTU_1334_18S	0	0	0	0	0	0	0	0	16	0	0	0	81	0	21	27	0	109	27	0	0	0	0	281
OTU_1374_18S	0	0	0	0	0	0	0	125	77	0	0	0	0	348	0	0	0	0	53	0	0	0	0	603
OTU_1358_18S	0	0	0	0	0	0	0	87	200	0	0	0	359	0	0	0	0	0	49	0	0	0	0	695
OTU_1355_18S	0	0	0	0	0	0	0	0	0	0	243	259	0	0	602	34	0	140	185	0	0	0	0	1463
OTU_1399_18S	0	0	0	0	0	0	0	58	189	0	33	62	108	0	0	80	0	92	0	0	0	0	0	622
OTU_1404_18S	0	0	0	0	0	0	0	0	0	0	181	0	0	97	0	94	0	0	0	243	43	0	0	658
OTU_1335_18S	0	0	0	0	0	0	0	9	0	0	0	370	18	0	0	23	226	25	0	0	0	0	0	671
OTU_1398_18S	0	0	0	0	0	0	0	0	0	0	0	0	0	0	0	0	0	25	166	95	553	0	0	839
OTU_1417_18S	0	0	0	0	0	0	0	0	0	0	120	0	21	0	0	25	39	0	0	0	0	0	0	205
OTU_1408_18S	0	0	0	0	0	0	0	130	0	0	678	66	65	0	0	0	0	0	0	0	0	0	0	939
OTU_1414_18S	0	0	0	0	0	10	0	66	0	0	0	0	43	0	7	19	0	97	58	35	0	0	0	335
OTU_1444_18S	0	0	0	189	0	0	0	0	0	0	0	0	0	0	2	0	0	0	0	2	21	83	74	371
OTU_1431_18S	0	0	0	0	0	0	0	0	0	0	0	0	106	113	32	18	0	14	0	0	0	0	0	283
OTU_1390_18S	0	0	0	0	0	14	0	0	0	0	212	132	0	0	1058	71	42	12	0	0	0	0	0	1541
OTU_1364_18S	0	0	0	0	0	0	0	0	0	0	92	0	279	0	121	255	0	0	0	0	0	0	0	747
OTU_1397_18S	0	0	0	0	0	0	0	0	0	0	85	948	0	0	0	44	101	0	0	0	0	0	0	1178
OTU_1329_18S	0	0	0	0	0	0	0	0	0	0	301	43	0	27	660	46	154	116	76	0	0	0	0	1423
OTU_1346_18S	0	0	0	0	0	0	0	95	67	0	21	47	50	0	32	65	62	50	54	0	0	0	0	543
OTU_1406_18S	0	0	0	0	0	0	0	79	52	0	0	0	0	0	0	19	0	38	66	0	0	0	0	254
OTU_1485_18S	0	0	0	0	0	0	0	0	0	413	0	0	0	0	0	0	0	56	0	73	16	0	0	558
OTU_1222_18S	0	0	0	0	0	0	0	101	0	0	81	0	0	0	80	76	628	76	0	0	112	0	0	1154
OTU_1463_18S	0	0	0	0	0	0	0	0	284	0	0	206	13	0	0	0	36	48	29	30	0	0	0	646
OTU_1394_18S	0	0	0	0	0	0	0	34	0	0	0	238	381	0	0	0	125	0	0	0	0	0	0	778
OTU_1363_18S	0	0	0	0	0	0	0	0	0	0	274	283	187	0	42	158	155	0	0	0	0	0	0	1099
OTU_1511_18S	0	0	0	0	0	0	0	0	0	0	72	0	0	0	0	16	11	12	0	0	0	0	0	111
OTU_1514_18S	0	0	0	0	0	0	0	0	69	0	118	41	0	0	0	0	0	1112	0	0	0	0	0	1340
OTU_1509_18S	0	0	0	0	0	0	0	17	38	35	115	124	132	0	0	76	35	22	49	0	0	0	0	643
OTU_1365_18S	0	0	0	0	0	0	0	0	0	0	0	0	0	0	0	0	0	0	194	1217	163	24	0	1598
OTU_1274_18S	0	0	0	0	0	0	0	0	99	0	0	0	0	0	0	222	587	126	0	0	0	0	0	1034
OTU_1405_18S	0	0	0	0	0	0	0	158	0	0	0	0	487	0	0	0	27	0	130	0	0	0	0	802
OTU_1318_18S	0	0	0	0	0	12	0	95	0	0	244	934	0	0	0	0	158	0	0	0	0	0	0	1443
OTU_1477_18S	0	0	0	0	0	0	0	0	0	0	0	18	58	126	0	0	15	160	240	0	0	0	0	617
OTU_1557_18S	0	0	0	0	0	0	0	0	106	0	0	64	131	0	38	79	19	92	0	0	0	0	0	529
OTU_1562_18S	0	0	0	0	0	0	0	0	0	0	0	0	0	0	0	0	8	0	0	0	916	269	35	1228
OTU_1391_18S	0	0	0	0	0	0	0	0	0	0	0	90	0	0	0	77	476	62	0	0	0	0	0	705
OTU_1532_18S	0	0	0	0	0	10	0	17	0	0	0	252	0	0	0	49	0	0	0	0	0	0	0	328
OTU_1367_18S	0	0	0	0	0	0	0	392	0	246	0	0	0	0	177	0	143	0	124	104	43	0	0	1229
OTU_1576_18S	0	0	0	0	0	0	0	0	0	0	0	38	39	0	1098	50	45	18	0	0	0	0	0	1288
OTU_1627_18S	0	0	0	0	0	0	0	0	0	0	247	0	0	0	0	14	53	26	0	0	0	0	0	340
OTU_1611_18S	0	0	0	0	0	0	0	131	223	0	0	119	0	0	0	0	60	0	0	0	0	0	0	533
OTU_1592_18S	0	0	0	0	0	0	0	0	0	0	109	0	161	0	0	0	28	64	58	118	0	0	0	538
OTU_1607_18S	0	0	0	0	0	0	0	159	0	0	0	0	73	592	84	0	0	0	150	134	52	0	0	1244
OTU_1646_18S	0	0	0	0	0	0	0	0	0	0	0	0	0	35	113	0	0	0	0	65	0	39	34	286
OTU_1649_18S	0	0	0	0	0	0	0	0	326	389	0	0	0	0	0	0	32	145	0	0	0	0	0	892
OTU_1577_18S	0	0	0	0	0	9	0	32	37	2	9	24	89	4	0	87	47	117	47	5	147	0	19	675
OTU_1650_18S	0	0	0	0	0	0	0	0	211	0	0	0	37	0	0	110	0	202	0	19	0	0	0	579
OTU_1536_18S	0	0	0	0	0	0	0	374	0	485	0	89	33	263	49	73	0	0	0	0	0	0	0	1366
OTU_1219_18S	0	0	0	0	0	0	0	0	0	0	0	0	0	0	0	72	760	269	37	0	0	0	0	1138
OTU_1706_18S	0	0	0	0	0	0	0	0	0	0	0	49	108	0	0	25	8	0	0	0	0	0	0	190
OTU_1702_18S	0	0	0	0	0	0	0	0	0	0	532	0	0	0	63	0	67	31	0	0	0	0	0	693
OTU_1732_18S	0	0	0	0	0	0	0	24	220	0	0	0	0	0	0	23	0	29	94	0	0	0	0	390
OTU_1721_18S	0	0	0	0	0	0	0	0	0	0	0	0	19	0	630	84	73	75	97	0	0	0	0	978
OTU_1767_18S	0	0	0	0	0	0	0	44	319	0	0	0	26	0	0	0	41	41	51	0	0	0	0	522
OTU_1774_18S	0	0	0	0	0	0	14	54	0	0	0	0	39	0	0	0	0	0	0	169	0	0	0	276
OTU_1778_18S	0	0	0	0	0	0	0	101	0	0	0	114	0	134	0	0	0	132	0	0	0	80	0	561
OTU_1454_18S	0	0	0	0	0	0	0	154	0	91	0	50	0	406	0	0	35	63	239	158	0	0	0	1196
OTU_1728_18S	0	0	0	0	0	0	0	0	77	0	0	0	323	0	0	103	136	0	0	0	0	0	0	639
OTU_1798_18S	0	0	0	0	0	0	0	104	62	0	0	132	0	124	0	128	0	0	0	160	0	0	0	710
OTU_1786_18S	0	0	0	0	0	7	0	0	0	466	0	0	0	15	0	0	13	0	25	364	0	0	0	890
OTU_1680_18S	0	0	0	0	0	0	0	365	0	0	0	30	0	0	0	57	86	42	0	0	0	0	0	580
OTU_1819_18S	0	0	0	0	0	0	0	0	0	0	0	106	0	0	191	32	0	0	0	0	0	0	413	742
OTU_1836_18S	0	0	0	0	0	3	0	31	0	0	893	31	0	148	0	0	0	0	0	0	0	0	0	1106
OTU_1625_18S	0	0	0	0	0	0	0	91	108	0	0	153	0	0	0	108	0	50	285	42	0	0	0	837
OTU_1886_18S	0	0	0	0	0	0	0	0	0	0	183	0	0	0	0	0	38	536	26	0	0	0	0	783
OTU_1906_18S	0	0	0	0	0	0	0	0	0	0	0	241	32	0	0	10	0	0	6	0	0	0	0	289
OTU_1887_18S	0	0	9	0	0	7	16	58	0	0	38	65	29	0	6	86	10	63	10	0	0	0	0	397
OTU_1917_18S	0	0	0	0	0	0	15	0	0	0	0	0	0	0	500	0	64	39	0	0	0	0	0	618
OTU_1844_18S	0	0	0	0	0	0	0	83	63	6	0	54	109	2	0	85	73	69	90	9	0	0	0	643
OTU_1934_18S	0	0	0	0	0	0	0	0	0	0	0	0	0	0	0	0	0	15	9	0	0	16	68	108
OTU_1884_18S	0	0	0	0	0	0	0	0	216	0	69	272	0	0	59	46	95	0	0	0	0	0	0	757
OTU_1968_18S	0	0	0	0	0	0	0	0	0	0	182	361	0	0	0	37	0	11	0	0	0	0	0	591
OTU_1940_18S	0	0	0	0	0	0	0	0	0	0	0	150	35	0	0	31	0	48	41	0	0	0	0	305
OTU_1999_18S	0	0	0	0	0	0	0	31	0	166	64	0	0	0	0	0	0	39	0	698	0	0	0	998
OTU_1898_18S	0	0	0	0	0	0	0	0	0	0	0	0	0	0	0	9	71	199	71	0	0	0	0	350
OTU_2009_18S	0	0	0	0	0	0	0	29	0	0	0	121	133	26	85	99	21	0	0	0	0	0	0	514
OTU_2017_18S	0	0	0	0	0	0	0	22	0	114	0	0	20	0	0	0	16	50	44	14	0	0	0	280
OTU_1896_18S	0	0	0	0	0	0	0	0	68	0	0	0	42	0	0	0	57	0	0	0	0	0	15	182
OTU_2035_18S	0	0	0	0	0	0	0	0	0	228	0	287	24	0	0	72	0	0	25	0	0	0	0	636
OTU_2037_18S	0	0	0	0	0	0	0	0	84	0	0	124	64	0	0	0	18	0	15	0	0	0	0	305
OTU_2041_18S	0	0	0	0	0	0	0	0	167	181	0	39	10	0	0	0	0	8	0	0	0	0	0	405
OTU_1967_18S	0	0	0	0	0	0	0	21	34	68	0	353	116	0	0	0	26	0	54	0	0	0	0	672
OTU_2033_18S	0	0	0	0	0	0	0	187	0	0	0	0	0	0	0	0	68	68	86	0	0	0	0	409
OTU_2054_18S	0	0	0	0	0	0	0	0	0	0	0	0	0	0	153	0	0	0	0	102	20	24	0	299
OTU_1924_18S	0	0	0	0	0	0	0	0	0	0	215	23	29	109	0	58	24	44	21	26	0	0	0	549
OTU_2069_18S	0	0	0	0	0	0	0	0	0	0	0	0	25	0	0	55	39	19	44	0	0	0	0	182
OTU_1970_18S	0	0	0	0	0	15	0	0	0	0	238	95	0	0	93	16	28	175	0	0	0	0	0	660
OTU_2005_18S	0	0	0	0	0	0	0	0	0	0	162	54	42	0	0	65	40	19	17	0	0	0	0	399
OTU_2058_18S	0	0	0	0	0	0	2	1	1	0	0	1	2	0	0	3	9	0	0	0	2	19	787	827
OTU_2031_18S	0	0	0	0	0	0	0	0	0	0	47	0	58	0	49	0	24	120	8	0	0	39	0	345
OTU_2155_18S	0	0	0	0	0	0	0	0	0	0	0	0	0	162	0	0	0	0	0	71	77	67	0	377
OTU_2094_18S	0	0	0	0	0	0	0	66	5	11	0	45	50	0	0	35	43	12	0	0	0	0	0	267
OTU_2181_18S	0	0	0	0	0	0	0	0	0	159	168	0	57	0	45	33	141	55	89	0	0	0	0	747
OTU_2105_18S	0	0	0	0	0	0	0	3	16	153	34	57	3	0	29	4	5	15	42	0	40	1	0	402
OTU_2088_18S	0	0	0	0	0	0	0	0	0	65	0	0	12	0	45	6	0	19	31	0	0	33	0	211
OTU_2203_18S	21	0	0	0	0	0	0	0	0	0	0	0	0	210	0	0	0	0	34	327	0	0	0	592
OTU_2020_18S	0	0	0	0	0	0	0	124	0	0	0	0	113	0	0	0	175	55	0	0	0	0	0	467
OTU_2225_18S	0	0	0	0	0	0	0	0	44	0	170	93	0	70	52	0	0	0	0	0	0	92	0	521
OTU_2253_18S	0	0	0	373	33	0	8	0	0	0	0	0	0	0	1	0	0	0	0	0	0	2	43	460
OTU_2133_18S	0	0	0	0	0	0	0	67	21	0	0	27	14	0	0	64	37	15	42	0	0	0	0	287
OTU_2297_18S	0	0	0	0	0	0	0	114	52	0	0	0	25	0	17	50	11	68	35	87	0	0	0	459
OTU_2179_18S	0	0	0	0	0	0	0	0	0	0	0	149	57	0	0	362	45	54	0	0	0	0	0	667
OTU_2308_18S	0	0	0	0	0	0	0	0	0	0	0	97	0	0	81	0	0	49	26	0	0	0	0	253
OTU_2322_18S	0	0	0	0	0	0	0	0	113	0	0	46	113	95	0	46	0	0	23	0	0	0	0	436
OTU_2333_18S	25	0	0	0	0	7	41	0	0	0	0	0	0	0	45	0	24	0	0	0	0	0	0	142
OTU_2344_18S	0	0	0	0	0	0	0	0	0	0	22	178	56	0	0	26	0	0	0	0	0	0	0	282
OTU_2047_18S	0	0	0	0	0	0	0	169	196	0	0	16	0	0	0	0	0	34	59	0	0	0	0	474
OTU_2309_18S	0	0	0	0	0	0	0	63	0	0	139	124	18	0	0	0	0	0	0	0	0	0	0	344
OTU_2376_18S	0	0	0	0	0	0	0	21	55	0	0	0	53	0	0	0	0	24	39	213	0	0	0	405
OTU_2342_18S	0	0	0	0	0	0	0	12	0	0	0	0	0	0	15	0	15	36	12	598	0	0	0	688
OTU_1948_18S	0	0	0	0	0	0	0	84	0	0	0	0	0	0	0	21	173	82	0	0	0	0	0	360
OTU_2305_18S	0	0	0	0	0	0	0	0	76	0	0	0	14	0	0	0	0	30	14	52	0	0	0	186
OTU_2242_18S	0	0	0	0	0	0	0	159	0	0	0	0	15	0	0	0	0	42	32	0	0	0	0	248
OTU_2398_18S	0	0	0	0	0	0	0	142	0	79	0	93	16	222	88	0	0	53	0	0	0	0	0	693
OTU_2120_18S	0	0	0	0	0	0	0	58	0	53	0	0	0	91	0	10	37	0	321	92	0	0	0	662
OTU_2459_18S	0	0	0	0	0	0	0	0	0	0	0	96	117	0	45	0	49	350	24	0	0	0	0	681
OTU_2466_18S	0	0	0	0	0	0	0	0	0	0	270	0	97	0	0	71	20	0	0	0	0	0	0	458
OTU_2095_18S	0	0	0	0	0	0	0	75	124	0	0	0	0	0	0	0	0	69	241	0	0	0	0	509
OTU_2394_18S	0	0	0	0	0	0	0	49	0	0	81	59	0	109	144	0	89	12	0	0	0	0	0	543
OTU_2403_18S	0	0	0	0	0	0	0	37	0	0	0	0	0	101	0	0	0	0	212	171	0	0	0	521
OTU_2399_18S	0	0	0	0	0	0	0	57	85	0	0	49	75	0	0	20	0	17	47	0	0	0	0	350
OTU_2420_18S	0	0	0	0	0	0	0	0	0	0	0	19	106	0	0	0	50	9	28	0	0	0	0	212
OTU_2429_18S	0	0	0	0	0	0	0	0	0	0	0	0	0	0	0	41	8	171	17	0	0	0	0	237
OTU_2489_18S	0	0	0	0	0	0	0	0	132	0	0	0	135	0	0	0	0	89	55	212	0	0	0	623
OTU_2496_18S	0	0	0	0	0	1	0	0	0	0	2	0	0	0	4	93	106	74	0	0	0	0	0	280
OTU_1926_18S	0	0	0	0	0	7	0	0	0	0	134	47	68	0	0	41	188	114	41	0	0	0	0	640
OTU_2515_18S	0	0	0	0	0	0	0	18	28	0	0	63	24	0	0	95	0	29	16	206	9	0	0	488
OTU_2449_18S	0	0	0	0	0	0	0	0	278	111	0	0	0	0	0	0	33	87	0	101	0	0	0	610
OTU_2295_18S	0	0	0	0	0	0	0	19	0	0	60	0	26	0	0	0	96	270	193	0	0	0	0	664
OTU_2532_18S	0	0	0	0	0	0	0	0	0	0	0	182	70	0	0	98	227	93	54	0	0	0	0	724
OTU_2456_18S	0	0	0	0	0	0	0	0	0	0	0	0	553	0	0	0	75	82	6	0	0	0	0	716
OTU_2418_18S	0	0	0	0	0	0	0	0	0	0	417	106	43	0	0	43	23	0	0	0	0	0	0	632
OTU_2512_18S	0	0	0	0	0	0	0	73	0	0	0	0	21	0	0	0	0	67	0	433	0	0	0	594
OTU_2603_18S	0	18	14	0	0	0	0	0	0	0	0	0	0	188	43	0	0	53	0	53	0	14	18	401
OTU_2433_18S	0	0	0	0	0	0	0	0	0	0	0	81	27	0	0	10	69	0	0	0	0	0	0	187
OTU_2631_18S	0	0	0	0	0	5	0	0	0	0	0	39	114	0	74	0	19	198	0	0	0	0	0	449
OTU_2503_18S	0	0	0	0	0	0	0	160	0	0	0	0	22	0	0	8	21	38	0	197	0	0	0	446
OTU_2601_18S	0	0	0	0	0	0	0	0	0	0	0	0	45	0	0	25	36	28	0	0	0	0	0	134
OTU_2578_18S	34	0	0	0	0	0	0	44	0	112	178	0	0	0	0	0	0	0	20	53	0	0	0	441
OTU_2508_18S	0	0	0	0	0	0	0	0	0	0	0	21	0	64	0	0	0	100	80	265	0	0	0	530
OTU_2557_18S	0	0	0	0	0	0	0	0	0	75	0	25	0	0	0	0	16	0	49	0	0	0	0	165
OTU_2259_18S	0	0	0	0	0	0	0	0	83	0	0	157	47	134	0	0	116	84	30	0	0	0	0	651
OTU_2572_18S	1	8	62	16	22	0	44	6	0	2	2	5	0	5	44	8	19	17	23	0	10	112	4	410
OTU_2699_18S	0	0	0	0	0	0	0	0	0	0	0	0	0	29	178	0	0	18	0	92	0	0	0	317
OTU_2615_18S	0	0	0	0	0	0	0	0	0	0	193	0	57	0	0	62	31	39	0	0	0	0	0	382
OTU_2712_18S	0	0	0	0	0	0	0	84	0	0	235	0	0	46	51	25	0	0	0	0	0	0	0	441
OTU_2714_18S	0	0	0	0	0	0	0	59	0	0	0	51	21	0	0	0	0	14	0	0	0	0	0	145
OTU_2682_18S	0	0	0	0	0	0	0	0	80	0	0	0	0	0	0	47	0	0	98	228	0	0	0	453
OTU_2649_18S	0	0	0	0	0	0	0	0	0	0	0	97	111	0	0	0	133	277	23	0	0	0	0	641
OTU_2727_18S	0	0	0	0	0	0	0	428	0	0	0	0	0	0	0	36	96	0	10	0	0	0	0	570
OTU_2745_18S	0	0	0	0	0	0	0	0	0	0	0	113	37	0	0	39	0	33	10	0	0	0	0	232
OTU_2750_18S	0	0	0	0	0	0	0	0	0	0	272	114	0	0	82	154	0	0	0	0	0	0	0	622
OTU_2510_18S	0	0	0	0	0	0	0	70	331	54	0	77	0	0	0	0	0	13	86	0	0	0	0	631
OTU_2785_18S	0	0	0	0	0	0	0	27	229	0	0	198	0	0	0	45	0	0	0	0	0	0	0	499
OTU_2589_18S	0	0	0	0	0	0	0	0	0	0	0	0	0	0	0	10	45	57	8	0	0	0	0	120
OTU_2419_18S	0	0	0	0	0	0	0	0	0	0	109	69	0	0	0	0	177	14	0	0	0	0	0	369
OTU_2590_18S	0	0	0	0	0	0	0	13	0	37	0	145	136	0	0	0	44	44	67	0	0	0	0	486
OTU_2848_18S	0	0	0	0	0	0	0	0	0	0	14	0	0	139	241	0	0	0	0	206	0	0	0	600
OTU_2474_18S	0	0	0	0	0	0	0	0	0	0	0	0	66	0	0	0	96	0	38	47	0	0	0	247
OTU_2700_18S	0	0	0	0	0	0	0	0	27	0	0	0	0	0	0	0	0	212	37	0	0	0	31	307
OTU_2744_18S	0	0	0	0	0	0	0	56	0	0	0	82	120	0	0	0	42	10	0	0	0	0	0	310
OTU_2867_18S	0	0	0	0	0	0	0	18	0	28	0	0	0	0	0	0	0	20	0	488	0	0	0	554
OTU_2620_18S	0	0	0	0	0	0	0	51	0	0	0	39	101	0	0	37	36	16	0	0	0	0	0	280
OTU_2795_18S	0	0	41	117	28	0	34	0	0	0	0	0	0	0	0	0	0	0	0	0	0	0	37	257
OTU_2876_18S	0	0	0	0	0	0	0	0	114	0	0	0	0	0	0	19	18	61	12	0	0	0	0	224
OTU_2905_18S	17	0	0	0	0	0	0	0	0	0	152	0	24	0	0	0	0	35	29	0	0	0	0	257
OTU_2884_18S	0	0	0	0	0	0	0	63	0	143	196	0	0	0	98	0	27	8	43	0	0	0	0	578
OTU_2914_18S	0	0	0	0	0	17	0	0	0	0	0	0	0	13	183	0	0	26	0	0	0	0	0	239
OTU_2635_18S	0	0	0	0	0	0	6	0	0	0	0	0	0	0	185	57	128	0	0	0	0	0	0	376
OTU_3023_18S	0	0	0	0	0	0	0	0	0	0	0	101	0	0	0	69	17	0	42	0	0	0	0	229
OTU_2732_18S	0	0	0	0	0	0	0	0	113	128	0	0	0	0	0	0	0	48	83	16	0	0	0	388
OTU_2807_18S	0	5	0	13	0	0	37	8	1	8	21	13	69	5	41	25	24	16	25	2	0	0	6	319
OTU_3068_18S	0	0	0	0	0	0	0	0	0	0	0	34	0	0	0	89	27	0	48	0	0	0	0	198
OTU_3072_18S	0	0	0	0	0	0	0	0	0	0	0	163	33	0	0	41	0	0	0	25	0	0	0	262
OTU_3113_18S	0	0	0	0	0	0	0	0	0	0	0	0	0	0	0	0	17	135	209	0	0	11	0	372
OTU_2758_18S	0	0	0	0	0	0	0	0	0	0	0	182	0	0	0	10	100	0	46	0	9	0	0	347
OTU_3167_18S	0	0	0	0	0	0	0	15	0	0	83	18	17	0	0	0	0	40	0	0	0	0	0	173
OTU_3190_18S	0	0	0	0	0	0	0	0	0	0	0	0	0	0	0	0	0	14	29	0	173	87	0	303
OTU_3083_18S	0	0	0	0	0	0	0	35	0	0	0	0	0	256	0	6	0	0	42	0	0	0	0	339
OTU_3206_18S	0	0	0	0	0	0	0	0	240	0	77	28	27	0	0	18	0	0	0	0	0	0	0	390
OTU_3210_18S	0	0	0	0	0	0	0	52	58	0	0	47	28	0	0	55	5	0	0	0	0	0	0	245
OTU_3225_18S	0	0	0	0	0	0	0	1	0	1	2	0	46	0	0	1	63	25	0	30	9	0	0	178
OTU_3255_18S	0	0	0	0	0	0	0	0	0	0	0	75	68	0	0	0	20	87	0	0	0	0	0	250
OTU_3261_18S	0	0	0	0	0	0	0	83	0	0	0	0	51	0	0	0	57	46	0	0	0	0	0	237
OTU_3269_18S	0	0	0	0	0	0	0	53	118	0	0	63	108	0	0	0	0	0	0	0	0	0	0	342
OTU_3295_18S	0	0	0	0	0	0	0	0	0	0	69	8	22	0	0	8	0	0	0	0	0	0	0	107
OTU_3223_18S	0	0	0	0	0	0	0	0	40	0	0	0	13	0	25	0	16	11	0	0	0	0	0	105
OTU_3338_18S	0	0	0	0	0	6	0	0	0	0	0	91	0	0	0	0	41	0	0	0	0	0	19	157
OTU_2812_18S	0	0	0	0	0	0	0	43	115	0	0	0	72	0	0	7	52	0	0	0	0	0	0	289
OTU_3386_18S	0	0	0	0	0	0	0	0	147	77	0	83	53	0	0	0	0	0	0	0	0	0	0	360
OTU_3160_18S	0	0	0	0	0	0	0	0	0	0	0	59	0	0	0	0	125	142	0	44	0	0	0	370
OTU_3422_18S	0	0	0	0	0	0	0	0	0	0	0	70	0	0	219	51	0	32	34	0	0	0	0	406
OTU_3389_18S	0	0	0	0	0	10	0	26	0	0	0	44	0	0	0	0	22	0	0	0	0	0	0	102
OTU_2998_18S	0	0	0	4	0	3	0	0	0	0	0	29	31	0	0	0	36	88	41	0	0	0	0	232
OTU_3342_18S	0	0	0	0	0	0	0	0	32	0	2	27	9	0	0	21	82	132	42	25	0	0	0	372
OTU_2303_18S	0	0	0	0	0	0	0	0	0	0	0	0	58	0	0	77	0	25	240	0	0	0	0	400
OTU_3314_18S	0	0	0	0	0	0	0	0	0	121	0	40	0	0	0	0	31	0	0	44	0	0	0	236
OTU_3454_18S	0	0	0	0	0	0	0	30	63	0	0	41	32	0	0	0	26	8	18	19	0	0	0	237
OTU_3603_18S	0	0	0	0	0	0	0	0	0	0	129	15	100	0	0	13	24	19	0	0	0	0	0	300
OTU_3606_18S	0	0	0	0	0	0	0	0	0	253	0	0	44	56	0	0	29	10	16	0	0	0	0	408
OTU_3490_18S	0	0	0	0	0	0	0	0	0	0	70	0	34	0	0	0	0	237	49	0	0	0	0	390
OTU_3655_18S	6	0	0	0	0	0	0	42	204	0	0	0	36	0	0	0	0	0	0	0	0	0	0	288
OTU_3448_18S	0	0	0	0	0	0	0	0	0	0	216	0	32	0	0	0	17	57	0	51	0	0	0	373
OTU_3382_18S	0	0	0	0	0	0	0	0	0	0	0	0	36	0	270	9	84	0	0	0	0	0	0	399
OTU_3704_18S	0	0	0	0	0	0	0	46	0	0	0	57	0	106	17	53	63	0	0	50	0	0	0	392
OTU_3738_18S	0	0	0	0	0	0	0	0	38	0	136	32	54	0	0	67	0	0	0	0	0	0	0	327
OTU_3755_18S	0	0	0	0	0	0	0	0	0	81	0	0	0	0	0	0	0	0	12	104	0	28	0	225
OTU_3773_18S	0	0	0	0	0	0	0	0	0	0	0	0	11	65	38	0	0	0	0	0	0	0	46	160
OTU_3782_18S	0	0	0	0	0	0	0	36	0	0	0	0	27	0	0	12	0	38	0	0	0	0	0	113
OTU_3563_18S	0	0	0	0	0	0	0	0	0	0	177	0	27	0	0	0	0	146	26	0	0	0	0	376
OTU_3811_18S	0	0	0	0	0	0	0	0	0	0	0	89	0	0	0	34	15	0	0	89	0	0	0	227
OTU_3823_18S	0	0	0	0	0	0	0	0	0	0	0	0	11	48	0	23	11	13	0	0	0	0	0	106
OTU_3625_18S	0	0	33	0	0	3	78	8	3	1	4	11	6	3	4	20	6	15	3	6	9	7	0	220
OTU_3944_18S	0	0	0	0	0	0	0	0	0	0	0	83	0	0	0	25	0	23	22	0	0	0	0	153
OTU_3348_18S	0	0	0	0	0	0	0	0	0	0	0	162	13	0	0	0	128	43	0	0	0	0	0	346
OTU_3774_18S	0	0	0	0	0	52	72	0	0	0	1	2	0	2	15	8	0	52	0	0	0	0	0	204
OTU_3994_18S	0	0	0	0	0	0	0	94	55	0	0	0	24	0	0	23	0	135	0	0	0	0	0	331
OTU_3733_18S	0	0	0	0	0	0	0	0	0	0	0	3	1	0	0	1	34	65	0	0	0	0	0	104
OTU_4002_18S	0	0	0	0	0	0	0	0	0	0	0	0	0	0	69	0	124	15	45	0	0	0	0	253
OTU_3532_18S	0	0	0	0	0	0	0	0	0	0	0	0	36	0	0	0	33	92	27	0	0	0	0	188
OTU_3624_18S	0	0	0	0	0	0	0	0	0	0	101	48	0	0	0	40	25	0	0	0	0	0	0	214
OTU_3744_18S	0	4	0	0	0	0	0	1	8	2	0	9	15	15	0	0	0	43	96	41	0	0	0	234
OTU_3877_18S	0	0	0	0	0	4	52	2	0	2	5	4	0	4	10	0	6	2	0	0	25	41	0	157
OTU_4181_18S	0	0	0	0	0	0	0	0	0	0	85	122	0	0	0	50	0	59	0	0	0	0	0	316
OTU_4249_18S	0	0	0	0	0	0	0	60	0	0	0	0	6	0	0	18	44	39	69	0	0	0	0	236
OTU_4075_18S	0	0	0	0	0	0	0	51	0	0	0	18	24	0	0	0	63	0	0	0	0	0	0	156
OTU_4389_18S	0	0	0	0	0	0	0	0	20	0	0	0	45	0	0	0	0	125	38	0	0	0	0	228
OTU_3933_18S	0	0	111	43	0	9	40	0	0	0	0	0	0	0	0	0	0	0	0	0	0	0	0	203
OTU_4115_18S	0	0	0	0	0	0	0	56	0	0	39	0	0	141	23	0	24	0	0	0	0	0	0	283
OTU_4500_18S	0	0	0	0	0	0	0	0	0	0	0	46	22	0	0	28	0	0	35	0	0	0	0	131
OTU_4260_18S	0	0	0	0	0	0	0	52	0	0	0	0	24	0	102	0	66	22	0	0	0	0	0	266
OTU_3576_18S	0	0	0	0	0	0	0	0	0	0	0	0	0	0	0	85	66	17	42	0	0	0	0	210
OTU_4154_18S	0	0	0	0	0	0	0	0	55	0	0	0	23	75	0	0	0	0	63	33	0	0	0	249
OTU_4135_18S	0	0	0	0	0	0	0	62	0	0	0	0	45	0	0	0	0	60	27	0	0	0	0	194
OTU_4921_18S	0	18	0	0	0	81	0	0	0	0	0	0	0	30	0	0	0	0	0	113	0	0	0	242
OTU_4934_18S	0	0	0	0	0	0	0	0	0	0	0	55	20	0	74	34	21	0	0	0	0	0	0	204
OTU_4876_18S	0	0	0	0	0	0	0	0	8	0	0	1	15	0	0	61	38	47	15	0	0	0	0	185
OTU_4463_18S	0	0	62	48	0	0	30	0	0	0	0	0	0	0	0	28	0	0	0	0	0	0	0	168
OTU_4276_18S	0	0	0	0	0	0	0	40	0	0	0	0	7	0	0	0	17	24	35	0	0	0	0	123
OTU_4392_18S	0	0	0	0	0	0	0	13	0	0	10	32	21	0	27	0	51	0	0	0	0	0	0	154
OTU_5301_18S	0	0	0	0	0	0	0	51	0	0	0	93	7	0	0	54	0	0	0	0	0	0	0	205
OTU_5536_18S	0	0	0	0	0	0	0	0	0	0	0	25	15	0	0	0	0	16	68	0	0	0	0	124
OTU_5527_18S	0	0	0	0	0	0	0	0	0	0	0	24	54	0	19	24	0	0	0	0	0	0	0	121
OTU_5560_18S	0	0	0	0	0	0	0	48	0	0	0	0	0	0	0	5	10	73	0	0	0	0	0	136
OTU_5090_18S	0	0	0	0	0	0	0	44	6	0	0	0	0	0	0	0	20	37	15	28	0	0	0	150
OTU_5666_18S	0	0	0	0	0	0	0	37	0	0	0	0	100	0	0	4	0	11	15	0	0	0	0	167
OTU_5822_18S	0	0	0	0	0	0	0	0	0	0	0	47	16	0	0	41	0	22	0	0	0	0	0	126
OTU_5861_18S	0	0	0	0	0	0	0	0	54	0	0	0	9	0	0	49	0	0	17	0	0	0	0	129
OTU_4651_18S	0	0	0	0	0	0	0	0	0	0	0	55	82	0	0	24	0	0	15	0	0	0	0	176
OTU_5966_18S	0	0	0	0	0	0	0	108	0	0	0	0	0	0	0	0	33	19	14	0	0	0	0	174
OTU_6104_18S	0	0	0	0	0	0	0	0	1	3	0	0	0	0	0	0	20	58	25	0	0	0	0	107
OTU_5282_18S	0	0	10	85	3	0	28	0	0	0	0	0	0	0	0	0	0	0	0	0	0	0	6	132
OTU_5407_18S	0	0	0	0	0	0	0	0	0	0	0	47	0	0	28	0	27	5	0	0	0	0	0	107
OTU_6274_18S	0	0	0	0	0	0	0	0	0	0	0	0	12	0	0	0	6	0	73	63	0	0	0	154
OTU_5402_18S	0	0	0	0	0	0	0	10	0	0	0	0	46	0	0	0	0	41	0	21	0	0	0	118
OTU_6854_18S	0	0	0	0	0	0	0	0	0	0	0	0	97	0	0	17	17	9	0	0	0	0	0	140
OTU_6332_18S	0	0	0	0	0	0	0	0	3	35	0	0	0	0	0	0	0	1	2	61	0	0	0	102
OTU_5512_18S	0	0	0	0	0	0	0	0	3	0	1	1	14	0	0	5	35	7	32	3	12	0	0	113
OTU_7128_18S	0	0	0	0	0	0	0	0	0	0	0	0	12	80	0	27	12	0	0	0	0	0	0	131
OTU_5358_18S	0	0	0	0	0	0	0	0	0	0	0	0	25	0	0	32	39	35	0	0	0	0	0	131
OTU_7531_18S	0	0	0	0	0	0	0	61	0	0	0	0	11	0	0	23	0	24	0	0	0	0	0	119
