ASV	BL.20130417	BL.20130507	BL.20130604	BL.20130709	BL.20130801	BL.20130917	BL.20131015	BL.20140114	BL.20140211	BL.20140310	BL.20141007	BL.20141111	BL.20150113	BL.20150210	BL.20150916	BL.20151006	BL.20151110	BL.20151215	BL.20160119	BL.20160210	BL.20160308	BL.20160405	BL.20160504
ASV_20_16S	3.16613399977899	3.65665277220914	5.7232427668571	6.08643688982824	5.16369440406015	4.70724560902302	4.18605335318624	4.19995226080475	3.50920515454177	4.37157673017092	4.80342472371134	4.30905982851274	2.21418711125816	3.1226305774435	4.96010378610495	4.28962587882677	4.8007050262924	3.19119544756777	3.95717995901769	2.14822137390109	2.24019409534053	3.0109247453312	4.33134175948481
ASV_26_16S	1.07539290284522	0.823439428152928	3.66755531118537	3.37016102542499	3.4870898480822	3.40480555834	3.05432545573363	2.61202055359161	1.73613781832587	1.87537052512898	2.57157618180908	1.78333118420448	-0.921307104670993	-1.72155650901509	2.27599379254875	1.62587593662114	1.99912876717937	2.40526653355686	1.9921487685156	-1.07065445096711	-1.49747552294284	1.3589272184783	1.96421814535319
ASV_35_16S	2.20385815466301	2.18674427104812	4.54067387119432	5.52725985875543	4.33589033835394	4.47101442295345	5.3936028155276	3.38684576516582	2.17797057060491	3.38949825775876	4.90063694878715	3.88339201308705	-0.921307104670993	-1.72155650901509	4.67973703522954	4.07256137358894	4.77355403722645	2.67189519681081	3.01595984410101	-1.07065445096711	-1.49747552294284	2.55416634283548	3.56528780811677
ASV_37_16S	4.17055907338739	3.9470050732168	6.1263011349347	5.19813009852331	4.05717693588492	3.57985435580487	3.5831695850023	4.37864404954812	3.68732502448203	4.34884847909336	3.53083294956667	2.76416043721621	2.60505341994517	2.55510961000096	3.51483542252551	2.86425016766441	4.29285117291557	3.13923570863706	3.80176585514366	2.71353518295115	3.18465570418138	3.72060122784236	4.55135541779009
ASV_40_16S	-1.32250236995315	5.77284385609772	6.91658231488167	7.49185672524499	6.55978316277232	4.88838443356793	4.01603366729858	1.40093028149681	-1.55969904767846	1.52516809569587	1.90252655282819	1.69631980721485	1.64364225279054	1.88936140362913	-1.1579934119364	1.19509302052869	1.51729068028663	-1.17825240489925	-1.61876914412862	1.87378452819933	1.39289623495332	2.59288085501617	1.96421814535319
ASV_51_16S	6.2688546767454	5.85387734954536	4.04283544295514	-1.35722679328735	-1.06678704351834	3.39607187837124	4.068677400784	1.75760522543554	2.56743533736663	2.79166125700314	2.35451167657125	1.93748186403174	-0.921307104670993	1.83379155247432	-1.1579934119364	2.34371572977146	3.09774105584748	2.40526653355686	2.95594183437476	2.06483976496204	2.52787616779231	2.64227361034575	2.39708222764947
ASV_58_16S	-1.32250236995315	2.20973378927282	5.26185575387225	3.71794702194648	4.18548638452829	3.59434736310744	3.9645371415314	2.25838051334803	2.58343567871307	5.04103734621149	3.0323913850004	1.54971633302298	1.38127798832305	1.11165683504112	0.633766057291659	2.63747684829962	1.11182557217847	-1.17825240489925	1.4257532935948	1.92507782258688	-1.49747552294284	-1.77656699745085	-1.21383568499476
ASV_63_16S	3.24184582151468	3.74855413449297	5.41122859374579	4.68302791799006	2.59677460261131	-1.34012657002325	-1.54079439440096	-1.23812704811845	-1.55969904767846	1.22667510713987	1.49706144472003	0.684718895536371	-0.921307104670993	-1.72155650901509	-1.1579934119364	1.11505031285515	1.36314000045937	-1.17825240489925	0.460672397551212	-1.07065445096711	1.33573782111337	1.16787198171559	4.4421561258251
ASV_66_16S	5.82584337394691	4.37878748964234	2.23808877820027	-1.35722679328735	-1.06678704351834	-1.34012657002325	-1.54079439440096	3.82446798490852	3.87402295587578	5.14649373455047	-1.14199588489523	-1.39472264614346	3.26834763735543	2.97892385677732	-1.1579934119364	-1.36985633693285	-1.52723175743679	2.2557347995859	3.05405969033328	3.00688299293861	4.3996783446939	5.55580220847822	3.84241012035355
ASV_84_16S	-1.32250236995315	-1.57445584464544	-1.69373685452405	-1.35722679328735	-1.06678704351834	-1.34012657002325	0.944112255387041	1.40093028149681	0.0497388647556412	4.68010736874424	4.03978766539685	3.64222995627017	2.60505341994517	4.93901864082459	1.78644556723004	2.50134467397504	3.88441429441825	2.55941721338412	1.32566983503782	3.60217438349479	2.85923330374675	2.85816199077879	2.08200118100957
ASV_85_16S	-1.32250236995315	-0.188161483525552	3.61453084287715	-1.35722679328735	3.18170819853102	4.64380971066394	3.16873580691137	2.39945911160794	1.0793582819368	3.37944792190526	3.01688719846444	4.9579067501761	4.24917689036716	3.22720338136307	2.13784345406793	0.576053812122464	-1.52723175743679	2.07984413312223	2.47557541809348	3.50405652753627	3.32280604266219	1.86101916227554	2.39708222764947
ASV_96_16S	-1.32250236995315	-1.57445584464544	-1.69373685452405	-1.35722679328735	-1.06678704351834	-1.34012657002325	-1.54079439440096	1.15976822467992	-1.55969904767846	-1.90881910878928	-1.14199588489523	1.78333118420448	-0.921307104670993	-1.72155650901509	-1.1579934119364	-1.36985633693285	2.25695787648147	1.46080492471601	1.15381957811116	-1.07065445096711	-1.49747552294284	-1.77656699745085	-1.21383568499476
ASV_101_16S	-1.32250236995315	-1.57445584464544	-1.69373685452405	-1.35722679328735	-1.06678704351834	3.50406051643534	2.28784700208814	-1.23812704811845	-1.55969904767846	0.924394235266937	-1.14199588489523	-1.39472264614346	-0.921307104670993	-1.72155650901509	3.6861936745222	-1.36985633693285	-1.52723175743679	-1.17825240489925	-1.61876914412862	-1.07065445096711	-1.49747552294284	-1.77656699745085	-1.21383568499476
ASV_113_16S	5.33935237059216	3.39535745493056	2.01983521218026	-1.35722679328735	-1.06678704351834	2.86456604936771	3.8528331519514	3.94365650217364	3.25248530769396	3.65952539497182	2.22529994509124	2.07101325665626	2.51268009981415	3.29572332779983	-1.1579934119364	2.39134377876071	3.21770037092646	3.41686744523534	3.13482104697774	-1.07065445096711	2.8969736317296	2.28387601309557	-1.21383568499476
ASV_133_16S	5.7775247966761	4.38138152481939	2.3316148362111	-1.35722679328735	-1.06678704351834	1.79536764590589	1.67808143046724	0.707783100936864	1.80759678230802	2.49790013847497	1.99349833103392	1.31332755495875	-0.921307104670993	0.843392848446443	-1.1579934119364	1.11505031285515	3.08788875940447	0.613507064328804	2.68529594907555	-1.07065445096711	2.8969736317296	3.10623492513552	1.49421451610745
ASV_134_16S	5.4436893447072	4.73909220163165	2.29524719204022	-1.35722679328735	-1.06678704351834	-1.34012657002325	-1.54079439440096	2.65369324999218	2.89464824857505	4.04182344379845	-1.14199588489523	-1.39472264614346	-0.921307104670993	2.28577667621738	-1.1579934119364	-1.36985633693285	-1.52723175743679	-1.17825240489925	2.61533736046864	2.45570607364905	4.27707602260157	4.70654035400635	3.32945909727525
ASV_139_16S	4.62553261922749	4.26035489241716	2.63699648576228	-1.35722679328735	-1.06678704351834	-1.34012657002325	-1.54079439440096	3.32622114334939	3.74360586038062	3.70430899759879	-1.14199588489523	-1.39472264614346	-0.921307104670993	2.80023206803395	-1.1579934119364	-1.36985633693285	-1.52723175743679	-1.17825240489925	2.54011393923105	-1.07065445096711	3.57142867927739	4.73517833219388	2.94504739836492
ASV_140_16S	-1.32250236995315	-1.57445584464544	-1.69373685452405	-1.35722679328735	-1.06678704351834	-1.34012657002325	2.3093532073091	3.85562315268831	2.37212658504587	5.64026360202301	3.8949567175184	4.15435343875176	3.04898480888113	2.98797369229724	3.41671756656699	3.40082828753282	1.90675544704836	3.12581268830492	2.62972609792074	3.21980499018128	3.40036427700807	2.39782027244479	2.81151600574039
ASV_144_16S	-1.32250236995315	-1.57445584464544	-1.69373685452405	-1.35722679328735	-1.06678704351834	-1.34012657002325	-1.54079439440096	-1.23812704811845	-1.55969904767846	-1.90881910878928	-1.14199588489523	4.36101956744345	3.26834763735543	2.58250858418908	2.7132075989715	1.33819386416936	3.56036457779559	5.74635999114931	2.11890047415474	3.87810543941106	4.50887763665889	3.09096745300474	3.20500492280184
ASV_152_16S	4.74823535804934	5.2966354499651	4.5168632225006	-1.35722679328735	1.0126544981615	4.13214410364822	3.81579188027105	0.553632421109606	0.925207602109541	0.799231092312931	3.17549222864108	2.07101325665626	-0.921307104670993	0.070202960212961	2.9363511502857	3.22526351320174	2.72126348461257	2.53531966180506	0.460672397551212	0.315639910152777	1.27511319929694	3.27967880789746	1.83068675272867
ASV_157_16S	-1.32250236995315	-1.57445584464544	2.40060770769805	5.84468952424428	3.28992178317126	-1.34012657002325	3.02355379706688	-1.23812704811845	-1.55969904767846	-1.90881910878928	2.25920149676692	-1.39472264614346	-0.921307104670993	-1.72155650901509	2.36836711267977	-1.36985633693285	-1.52723175743679	-1.17825240489925	-1.61876914412862	-1.07065445096711	-1.49747552294284	-1.77656699745085	1.49421451610745
ASV_166_16S	4.03408390471886	4.55894219835121	2.23808877820027	2.49292080842271	2.22904982248599	1.99207794015195	2.87804621339564	-1.23812704811845	-1.55969904767846	0.393765984204767	0.937445656784603	1.60100962741053	-0.921307104670993	-1.72155650901509	2.27599379254875	1.84901948793535	1.96927580402969	-1.17825240489925	-1.61876914412862	1.32724082183126	-1.49747552294284	1.77878106403857	3.10365242854155
ASV_176_16S	1.3165549596621	3.57883574985234	3.51574929831737	6.32109956321954	3.72070469926371	3.51190369389636	3.62399157952256	2.28823347649771	-1.55969904767846	3.01116181703885	-1.14199588489523	-1.39472264614346	-0.921307104670993	0.676338763783277	-1.1579934119364	1.33819386416936	1.41720722172965	-1.17825240489925	0.172990325099432	1.97386798675631	1.79836134306149	1.71994056401563	1.55875303724503
ASV_180_16S	-1.32250236995315	0.823439428152928	-1.69373685452405	-1.35722679328735	-1.06678704351834	-1.34012657002325	-1.54079439440096	-1.23812704811845	-1.55969904767846	-0.299381196355178	-1.14199588489523	-1.39472264614346	-0.921307104670993	-1.72155650901509	5.53036130201037	-1.36985633693285	4.59745163345741	3.11220703624914	3.32287327848068	2.66701516731626	3.70653116413395	3.72060122784236	3.7419913726065
ASV_192_16S	-1.32250236995315	-1.57445584464544	2.17746415638384	-1.35722679328735	4.24148065388287	3.56514820841517	3.89728491452224	-1.23812704811845	-1.55969904767846	-1.90881910878928	3.67018847047718	3.05962465011004	-0.921307104670993	-1.72155650901509	3.90460162109057	2.92060310421554	3.23494217736097	-1.17825240489925	-1.61876914412862	-1.07065445096711	-1.49747552294284	-1.77656699745085	2.82921558283979
ASV_215_16S	-1.32250236995315	-1.57445584464544	3.03365096418829	4.59861057617748	2.95856464721681	1.22482278743828	3.95226704893959	2.96656557127252	0.232060421549596	3.38949825775876	-1.14199588489523	1.31332755495875	1.78674309643122	3.04912811545057	0.787916737118917	1.92598052907148	1.69164406743141	1.76618657426719	0.32714100492669	2.95469723976804	1.63801869298631	1.51926986855348	1.35111367246678
ASV_216_16S	-1.32250236995315	-1.57445584464544	-1.69373685452405	-1.35722679328735	-1.06678704351834	-1.34012657002325	-1.54079439440096	1.24677960166955	1.57579516825069	0.489076164009092	2.11610065312625	1.00317262665491	3.61129238848226	1.57428035698924	1.73237834595977	1.72118611642547	1.56381069592153	-1.17825240489925	2.07011030998531	3.02369011125499	1.76062101507864	1.71994056401563	2.42375047473163
ASV_227_16S	1.24244698750838	0.910450805142558	-1.69373685452405	-1.35722679328735	-1.06678704351834	-1.34012657002325	-1.54079439440096	-1.23812704811845	3.521705317306	1.08691316476471	-1.14199588489523	-1.39472264614346	2.83989301102257	3.74227529601052	-1.1579934119364	-1.36985633693285	-1.52723175743679	2.04062341996895	3.22541794232997	3.93998084312914	2.88455111173104	4.01339317344641	-1.21383568499476
ASV_229_16S	-1.32250236995315	-1.57445584464544	-1.69373685452405	-1.35722679328735	-1.06678704351834	-1.34012657002325	-1.54079439440096	-1.23812704811845	-1.55969904767846	-1.90881910878928	-1.14199588489523	-1.39472264614346	1.78674309643122	-1.72155650901509	3.22403322273748	-1.36985633693285	-1.52723175743679	1.81747986865474	1.96474979432749	-1.07065445096711	1.06747383451869	0.526018095543199	-1.21383568499476
ASV_235_16S	-1.32250236995315	-1.57445584464544	-1.69373685452405	-1.35722679328735	-1.06678704351834	-1.34012657002325	-1.54079439440096	-1.23812704811845	-1.55969904767846	1.94132849292078	2.44152305356088	0.397036823084591	2.41089740550421	1.16881524888107	2.39735464955302	2.69058667361357	2.27943073233353	2.77299131368218	1.15381957811116	2.59290719516253	1.49825675061115	1.62463038421131	2.00504013987345
ASV_237_16S	0.286935542480946	0.217303624582613	3.91573494066091	3.5179705299138	3.5679419447113	3.74127779496121	3.34200752818541	0.148167313001442	-0.461086759010349	0.288405468546941	1.25589938790314	0.214715266290636	1.47658816812738	-0.335262147895203	1.55005678916581	1.19509302052869	1.41720722172965	-0.485105224339305	-0.925621963568678	-0.377507270407168	-0.804328342382898	-0.390272636330957	0.172458676125135
ASV_248_16S	-1.32250236995315	-1.57445584464544	-1.69373685452405	-1.35722679328735	0.0318252451497736	1.79536764590589	2.64886034762547	-1.23812704811845	-1.55969904767846	0.863769613450502	2.29199131958991	2.31884942056084	-0.921307104670993	0.843392848446443	-1.1579934119364	2.34371572977146	1.36314000045937	-1.17825240489925	-1.61876914412862	-1.07065445096711	-1.49747552294284	-1.77656699745085	-1.21383568499476
ASV_255_16S	-1.32250236995315	-1.57445584464544	1.07885186771573	-1.35722679328735	-1.06678704351834	-1.34012657002325	-1.54079439440096	1.0644580448756	0.519742494001377	4.12426711300952	1.74837587300093	2.3894669877748	-0.921307104670993	0.843392848446443	0.92144812974344	-1.36985633693285	1.03771760002475	-1.17825240489925	-1.61876914412862	-1.07065445096711	-1.49747552294284	0.302874544228989	-1.21383568499476
ASV_267_16S	2.41516724833021	3.60732770564664	0.871212502937486	3.85770896432164	-1.06678704351834	-1.34012657002325	-1.54079439440096	-1.23812704811845	1.65917677718974	-1.90881910878928	-1.14199588489523	-1.39472264614346	-0.921307104670993	-1.72155650901509	-1.1579934119364	-1.36985633693285	-1.52723175743679	-1.17825240489925	-1.61876914412862	-1.07065445096711	2.37372548796505	2.55416634283548	1.83068675272867
ASV_269_16S	-1.32250236995315	-1.57445584464544	-1.69373685452405	-1.35722679328735	-1.06678704351834	-1.34012657002325	-1.54079439440096	2.4254345980112	3.32310287490791	0.656130248672258	-1.14199588489523	-1.39472264614346	0.870452364557062	2.95127232544681	-1.1579934119364	-1.36985633693285	-1.52723175743679	4.06877166726124	1.9921487685156	1.23193064202693	0.44843462611247	-1.77656699745085	-1.21383568499476
ASV_274_16S	-1.32250236995315	-1.57445584464544	-1.69373685452405	-1.35722679328735	-1.06678704351834	-1.34012657002325	-1.54079439440096	1.24677960166955	-1.55969904767846	-1.90881910878928	-1.14199588489523	0.907862446850582	1.47658816812738	1.22288247015135	2.79325030664503	2.15650418768331	1.84006407254968	2.31825515656723	0.866137505659377	1.97386798675631	0.987431126845157	1.96110262083252	2.59282680477556
ASV_283_16S	-1.32250236995315	5.18827366228644	-1.69373685452405	-1.35722679328735	4.98294641171362	-1.34012657002325	1.23179432783882	-1.23812704811845	-1.55969904767846	-1.90881910878928	-1.14199588489523	-1.39472264614346	-0.921307104670993	-1.72155650901509	-1.1579934119364	3.12995333339742	-1.52723175743679	-1.17825240489925	-1.61876914412862	-1.07065445096711	-1.49747552294284	-1.77656699745085	-1.21383568499476
ASV_286_16S	2.56931792815747	2.63023677474552	3.7044258469937	5.77207075564202	5.0644394459648	2.83426069987238	-1.54079439440096	-1.23812704811845	-1.55969904767846	-1.90881910878928	-1.14199588489523	-1.39472264614346	-0.921307104670993	-1.72155650901509	-1.1579934119364	-1.36985633693285	-1.52723175743679	-1.17825240489925	-1.61876914412862	-1.07065445096711	-1.49747552294284	-1.77656699745085	-1.21383568499476
ASV_289_16S	2.00970214022205	3.2213347009513	2.95065404461732	3.03722236138509	3.13790557587263	3.15968310030701	3.04417308426961	2.45075240599549	1.38473993148798	0.924394235266937	0.803914264160081	3.40929839858979	2.16973534868732	2.03964360667847	2.53088604217754	1.96234817324235	3.32479850648283	1.86627003282417	1.9921487685156	1.23193064202693	3.11764499389842	2.42812562194012	-1.21383568499476
ASV_294_16S	3.43108782115321	-1.57445584464544	1.19663490337211	-1.35722679328735	-1.06678704351834	-1.34012657002325	-1.54079439440096	3.49807140027605	3.94155916286627	3.53359860173251	-1.14199588489523	-1.39472264614346	-0.921307104670993	3.69008954283995	-1.1579934119364	-1.36985633693285	-1.52723175743679	3.0984137141168	3.99435896225945	2.29664137901936	3.21205467836949	0.931483203651363	-1.21383568499476
ASV_297_16S	-1.32250236995315	-1.57445584464544	-1.69373685452405	-1.35722679328735	4.10369695151982	3.19247292313	3.81106373907511	-1.23812704811845	1.57579516825069	1.26923472155867	2.32374001790449	2.3429469721399	-0.921307104670993	-1.02840932845515	2.9363511502857	2.43680615283747	-1.52723175743679	-1.17825240489925	-0.925621963568678	-1.07065445096711	-1.49747552294284	-1.77656699745085	-1.21383568499476
ASV_298_16S	5.28684687321423	4.09886742252605	2.87061133694379	2.0767604111978	-1.06678704351834	0.269311342410845	0.944112255387041	-0.544979867558503	0.0497388647556412	0.0370910402660345	-1.14199588489523	-0.701575465583519	-0.921307104670993	-1.72155650901509	-0.464846231376451	-1.36985633693285	-0.834084576876845	-1.17825240489925	-0.925621963568678	-1.07065445096711	-0.398863234274734	1.05664634660537	0.5779237842333
ASV_300_16S	-1.32250236995315	-1.57445584464544	-1.69373685452405	-1.35722679328735	3.20987907549772	3.47205778534916	4.22439670838389	-1.23812704811845	-1.55969904767846	0.489076164009092	4.18588028389435	3.97125336887839	-0.921307104670993	-1.72155650901509	2.6706479845527	2.34371572977146	2.13632988869286	-1.17825240489925	-1.61876914412862	-1.07065445096711	-1.49747552294284	-1.77656699745085	-1.21383568499476
ASV_307_16S	5.33807277988653	4.22160190611993	1.30199541902994	-1.35722679328735	-1.06678704351834	-1.34012657002325	-1.54079439440096	-0.544979867558503	-0.866551867118514	1.22667510713987	-1.14199588489523	-1.39472264614346	-0.921307104670993	-1.72155650901509	-1.1579934119364	-1.36985633693285	-1.52723175743679	-1.17825240489925	-0.925621963568678	-0.377507270407168	0.699749054393376	1.71994056401563	1.55875303724503
ASV_321_16S	-1.32250236995315	-1.57445584464544	-1.69373685452405	-1.35722679328735	-1.06678704351834	-1.34012657002325	-1.54079439440096	-1.23812704811845	-1.55969904767846	-1.90881910878928	-1.14199588489523	2.41193984362686	-0.921307104670993	3.22720338136307	-1.1579934119364	2.12665122453363	2.56711280478531	1.71211935299691	1.51672507180053	3.16345205363015	3.15648482721468	3.62611038442143	3.27480068473738
ASV_328_16S	2.98156272325102	2.83226340261881	2.97909197993785	2.47141460320174	-1.06678704351834	-1.34012657002325	2.12276725172869	0.841314493561387	1.53134340567986	2.26556816110636	-1.14199588489523	1.09018400364454	0.870452364557062	-1.72155650901509	1.55005678916581	1.40273238530693	1.73086478058469	1.21964286789912	0.32714100492669	-1.07065445096711	0.805109570051203	2.07358060425921	1.49421451610745
ASV_337_16S	1.07539290284522	0.622768732690777	-1.00058967396411	-1.35722679328735	-1.06678704351834	-1.34012657002325	-1.54079439440096	0.707783100936864	0.386211101376854	-1.90881910878928	-1.14199588489523	-1.39472264614346	0.464987256448898	1.67964087264706	-1.1579934119364	-1.36985633693285	-1.52723175743679	2.04062341996895	-1.61876914412862	0.0279578377009966	1.06747383451869	0.0151924717772078	-1.21383568499476
ASV_345_16S	-1.32250236995315	-1.57445584464544	-1.69373685452405	-1.35722679328735	-1.06678704351834	-1.34012657002325	-1.54079439440096	-1.23812704811845	0.838196225119912	-0.299381196355178	-1.14199588489523	0.802501931192755	2.68961080797323	1.05103221322469	1.40695594552514	1.57458264223359	2.05628718101932	-1.17825240489925	0.779126128669747	1.92507782258688	-1.49747552294284	1.55563751272436	2.39708222764947
ASV_348_16S	-1.32250236995315	-1.57445584464544	0.252173294531262	-1.35722679328735	-1.06678704351834	3.07871403777334	-1.54079439440096	1.59508629593777	-1.55969904767846	-1.90881910878928	2.46892202774899	1.09018400364454	-0.921307104670993	-1.72155650901509	2.30774249086333	2.48029126477721	1.65082207291116	-1.17825240489925	-1.61876914412862	-1.07065445096711	-1.49747552294284	1.31447545590747	0.86560585668508
ASV_364_16S	1.89637345491505	4.40948043604175	1.4417573614051	0.588683355767963	2.11126678682961	-1.34012657002325	2.12276725172869	1.98074877674975	0.0497388647556412	2.06147280476284	-1.14199588489523	0.802501931192755	1.38127798832305	0.357885032664742	-1.1579934119364	-1.36985633693285	0.264527711791265	-1.17825240489925	1.27160261376754	2.14822137390109	1.27511319929694	0.302874544228989	0.983388892341464
ASV_365_16S	-1.32250236995315	-1.57445584464544	-1.69373685452405	-1.35722679328735	-1.06678704351834	-1.34012657002325	-1.54079439440096	1.24677960166955	-1.55969904767846	1.18222334456904	-1.14199588489523	1.37786607609632	2.16973534868732	1.64573932097138	1.67521993211982	1.7656378789963	1.18081844366542	0.767657744156063	0.578455433207596	2.39508145183261	0.44843462611247	0.169343151604466	1.83068675272867
ASV_377_16S	3.4815186747801	0.504985697034394	1.30199541902994	-1.35722679328735	2.88445667506309	1.99207794015195	1.75504247160337	-1.23812704811845	-1.55969904767846	-1.90881910878928	1.56605431620698	-1.39472264614346	-0.921307104670993	-1.72155650901509	1.73237834595977	-1.36985633693285	-1.52723175743679	-1.17825240489925	-1.61876914412862	-1.07065445096711	-1.49747552294284	1.55563751272436	3.16819094967913
ASV_379_16S	3.66110425175518	4.16211645283375	-1.69373685452405	-1.35722679328735	-1.06678704351834	-1.34012657002325	-1.54079439440096	-1.23812704811845	3.60508692624506	-1.90881910878928	-1.14199588489523	-1.39472264614346	-0.921307104670993	-1.72155650901509	-1.1579934119364	-1.36985633693285	-1.52723175743679	-1.17825240489925	-1.61876914412862	-1.07065445096711	1.79836134306149	2.41308774457558	-1.21383568499476
ASV_390_16S	3.66793021682558	-1.57445584464544	-1.69373685452405	-1.35722679328735	-1.06678704351834	-1.34012657002325	-1.54079439440096	2.12916878186803	3.14983115363387	3.31153671628905	-1.14199588489523	-0.00842828502357373	-0.921307104670993	3.50419016469811	-1.1579934119364	-0.27124404826474	0.264527711791265	1.1243326880948	3.16872259865342	-1.07065445096711	2.26372459275072	1.44230882741735	-1.21383568499476
ASV_400_16S	-1.32250236995315	-1.57445584464544	-1.69373685452405	-1.35722679328735	-1.06678704351834	-1.34012657002325	-1.54079439440096	-1.23812704811845	0.838196225119912	-1.90881910878928	-1.14199588489523	1.00317262665491	2.37452976133334	0.357885032664742	2.53088604217754	2.09587956586688	0.264527711791265	0.901189136780585	-1.61876914412862	1.00878709071272	0.111962389491257	1.55563751272436	2.31252483962141
ASV_405_16S	-1.32250236995315	-1.57445584464544	-1.69373685452405	-1.35722679328735	-1.06678704351834	-1.34012657002325	-1.54079439440096	0.959097529217771	0.63752552965776	-0.299381196355178	-1.14199588489523	1.37786607609632	1.27591747266523	0.986493692087116	1.40695594552514	1.33819386416936	1.90675544704836	1.65496093915697	1.02028818548664	1.00878709071272	-0.111181161822953	1.16787198171559	1.78189658855924
ASV_412_16S	3.03420645673644	-1.57445584464544	-1.69373685452405	-1.35722679328735	-1.06678704351834	0.739314971656581	1.16725580670125	-1.23812704811845	3.49015695957108	3.44303902468679	-1.14199588489523	1.24433468347179	-0.921307104670993	2.5689029321333	-1.1579934119364	1.11505031285515	1.93850414536294	-1.17825240489925	2.38856404110385	-1.07065445096711	3.1938723592863	2.15525863527348	-1.21383568499476
ASV_413_16S	-1.32250236995315	-1.57445584464544	2.66297197216554	4.32974856305247	2.6220924105956	-1.34012657002325	2.97006511211589	2.54606258579981	-1.55969904767846	2.60204039772757	1.94904656846308	1.69631980721485	-0.921307104670993	1.11165683504112	-1.1579934119364	-1.36985633693285	-1.52723175743679	-1.17825240489925	-1.61876914412862	-1.07065445096711	1.72140030192536	-1.77656699745085	1.96421814535319
ASV_414_16S	-1.32250236995315	-1.57445584464544	1.01431334657816	2.40397332240621	4.50536698865943	2.61111714855817	2.92511372425362	-1.23812704811845	-1.55969904767846	-1.90881910878928	2.25920149676692	-1.39472264614346	-0.921307104670993	-1.72155650901509	0.92144812974344	0.82736824040337	-1.52723175743679	-1.17825240489925	-1.61876914412862	-1.07065445096711	-1.49747552294284	-1.77656699745085	-1.21383568499476
ASV_431_16S	-1.32250236995315	-1.57445584464544	-1.69373685452405	-1.35722679328735	-1.06678704351834	-1.34012657002325	-1.54079439440096	-1.23812704811845	0.232060421549596	0.170622432890557	-1.14199588489523	1.09018400364454	1.02460304438432	0.475668068321126	1.03923116539982	-1.36985633693285	1.60826245849236	0.20804195622064	-1.61876914412862	2.14822137390109	1.33573782111337	0.78838236001069	0.86560585668508
ASV_434_16S	-1.32250236995315	-1.57445584464544	1.99514259958989	1.93861007271698	-1.06678704351834	2.44406306389501	-1.54079439440096	2.25838051334803	2.89464824857505	1.91982228769982	2.38436463972093	-1.39472264614346	-0.921307104670993	-1.72155650901509	-1.1579934119364	-1.36985633693285	0.775353335557256	-1.17825240489925	-1.61876914412862	-1.07065445096711	-1.49747552294284	-1.77656699745085	-1.21383568499476
ASV_437_16S	-1.32250236995315	-1.57445584464544	-1.69373685452405	-1.35722679328735	-1.06678704351834	0.4516328992048	-1.54079439440096	1.40093028149681	2.53464551454364	-1.90881910878928	3.37979269215381	-1.39472264614346	2.21418711125816	0.843392848446443	0.451444500497704	-1.36985633693285	-1.52723175743679	-1.17825240489925	1.21444419992759	0.8752556980882	1.27511319929694	1.4014868328971	-1.21383568499476
ASV_448_16S	-1.32250236995315	-1.57445584464544	-1.69373685452405	-1.35722679328735	-1.06678704351834	-1.34012657002325	-1.54079439440096	1.24677960166955	-1.55969904767846	1.52516809569587	1.63059283734455	1.43849069791275	1.96906465322517	-1.72155650901509	1.97750080399275	1.26920099268241	0.66999281989943	2.15395210527595	1.02028818548664	1.23193064202693	-1.49747552294284	-1.77656699745085	2.08200118100957
ASV_458_16S	-1.32250236995315	-1.57445584464544	-1.69373685452405	3.57724713984334	1.4981623139432	1.79536764590589	-1.54079439440096	-1.23812704811845	-1.55969904767846	2.080164937775	1.69121745916098	2.43391875034563	-0.921307104670993	0.917500820600164	-1.1579934119364	-1.36985633693285	-1.52723175743679	-1.17825240489925	-1.61876914412862	-1.07065445096711	1.14158180667242	0.708339652337153	-1.21383568499476
ASV_459_16S	-1.32250236995315	2.63023677474552	4.24906252060265	5.35936798023363	1.4981623139432	-1.34012657002325	0.250965074827096	-1.23812704811845	0.0497388647556412	-1.90881910878928	-1.14199588489523	-1.39472264614346	-0.921307104670993	-1.72155650901509	-1.1579934119364	-1.36985633693285	-1.52723175743679	-1.17825240489925	-1.61876914412862	-1.07065445096711	-1.49747552294284	-1.77656699745085	-1.21383568499476
ASV_462_16S	-1.32250236995315	-1.57445584464544	-1.69373685452405	-1.35722679328735	-1.06678704351834	-1.34012657002325	-1.54079439440096	2.59051434837065	3.76817712111112	0.288405468546941	1.69121745916098	2.45542495556659	2.37452976133334	4.2080326343748	-1.1579934119364	-1.36985633693285	-1.52723175743679	2.7337706005289	3.24104326023305	2.512864487489	0.900419749855527	1.83435091519338	-1.21383568499476
ASV_464_16S	-1.32250236995315	3.20466764846609	4.34413406539809	5.18524516721945	-1.06678704351834	-1.34012657002325	-1.54079439440096	-1.23812704811845	-1.55969904767846	-1.90881910878928	-1.14199588489523	-1.39472264614346	-0.921307104670993	-1.72155650901509	-1.1579934119364	-1.36985633693285	-1.52723175743679	0.43118550753485	2.07011030998531	-1.07065445096711	2.39434477516778	2.35056738759424	-1.21383568499476
ASV_467_16S	-1.32250236995315	3.53148962925514	4.06516491935323	3.16456178376169	-1.06678704351834	-1.34012657002325	-1.54079439440096	-1.23812704811845	0.742886045315587	-1.90881910878928	-1.14199588489523	-1.39472264614346	1.85128161756879	1.41393770691406	-1.1579934119364	-1.36985633693285	-1.52723175743679	-1.17825240489925	2.49210472004469	2.512864487489	2.64565920344869	2.09463401345704	1.35111367246678
ASV_469_16S	1.51071097410306	0.728129248348604	-1.69373685452405	-1.35722679328735	-1.06678704351834	-1.34012657002325	0.405115754654354	-1.23812704811845	0.742886045315587	0.656130248672258	1.74837587300093	-1.39472264614346	-0.921307104670993	-1.72155650901509	0.92144812974344	-1.36985633693285	-1.52723175743679	1.21964286789912	-1.61876914412862	2.14822137390109	2.95687177331066	3.03561735792157	1.83068675272867
ASV_473_16S	-1.32250236995315	-1.57445584464544	-1.69373685452405	-1.35722679328735	-1.06678704351834	-1.34012657002325	-1.54079439440096	0.959097529217771	-1.55969904767846	-1.90881910878928	-1.14199588489523	-1.39472264614346	2.68961080797323	0.843392848446443	-1.1579934119364	1.33819386416936	1.24535696480299	1.38669695256229	1.37696312942537	0.8752556980882	-1.49747552294284	1.05664634660537	1.18405958780362
ASV_483_16S	-1.32250236995315	-1.57445584464544	1.7402503499611	2.86228091188876	-1.06678704351834	1.70439586770017	0.761790698593087	1.85291540523987	1.27351429637776	1.26923472155867	-1.14199588489523	1.82415317872474	0.688130807763108	2.76707986071705	3.2608471958602	0.932728756061196	3.67126527382904	0.20804195622064	2.80007146366798	1.00878709071272	1.76062101507864	1.21916527610314	0.172458676125135
ASV_488_16S	-1.32250236995315	-1.57445584464544	2.8388626386292	-1.35722679328735	-1.06678704351834	-1.34012657002325	-1.54079439440096	-1.23812704811845	-1.55969904767846	-1.90881910878928	1.63059283734455	2.3664774695501	1.02460304438432	2.70926028982822	1.14459168105765	1.33819386416936	2.08368615520743	-1.17825240489925	-1.61876914412862	1.70193427127267	1.33573782111337	0.862490332164411	-1.21383568499476
ASV_491_16S	-1.32250236995315	-1.57445584464544	-1.69373685452405	-1.35722679328735	-1.06678704351834	2.46653591974706	-1.54079439440096	-1.23812704811845	-1.55969904767846	-1.90881910878928	2.19020862527997	1.09018400364454	-0.921307104670993	-1.72155650901509	1.48106391767886	2.24106157571137	1.51729068028663	2.18904342508722	-1.61876914412862	-1.07065445096711	-1.49747552294284	-1.77656699745085	-1.21383568499476
ASV_501_16S	0.874722207383065	-1.57445584464544	2.41713700964926	-1.35722679328735	-1.06678704351834	0.4516328992048	0.857100878397412	-1.23812704811845	-1.55969904767846	-1.90881910878928	-1.14199588489523	-1.39472264614346	-0.921307104670993	-1.72155650901509	-1.1579934119364	1.11505031285515	1.4685005161172	0.901189136780585	-1.61876914412862	-1.07065445096711	0.111962389491257	-1.77656699745085	-1.21383568499476
ASV_515_16S	-1.32250236995315	-1.57445584464544	0.098022614704004	-1.35722679328735	-1.06678704351834	2.57189643540489	2.81591443228863	0.553632421109606	-1.55969904767846	-1.90881910878928	1.4229534725663	1.74077156978569	0.464987256448898	1.49731931585311	1.14459168105765	2.89282354010847	1.24535696480299	0.767657744156063	1.55928468621932	2.14822137390109	1.27511319929694	-1.77656699745085	-1.21383568499476
ASV_523_16S	-1.32250236995315	2.00906309381067	-1.69373685452405	-1.35722679328735	-1.06678704351834	0.962458522970791	-1.54079439440096	1.85291540523987	2.48335222015609	3.96611162206275	-1.14199588489523	-1.39472264614346	-0.921307104670993	-1.72155650901509	-1.1579934119364	1.11505031285515	-1.52723175743679	1.21964286789912	-1.61876914412862	-1.07065445096711	-1.49747552294284	-1.77656699745085	0.983388892341464
ASV_537_16S	-1.32250236995315	-1.57445584464544	-1.69373685452405	-1.35722679328735	-1.06678704351834	-1.34012657002325	-1.54079439440096	-0.139514759450339	0.386211101376854	0.0370910402660345	0.937445656784603	0.397036823084591	2.074425168883	0.475668068321126	0.92144812974344	-1.36985633693285	1.36314000045937	0.901189136780585	0.683815948865423	0.8752556980882	0.111962389491257	1.21916527610314	1.78189658855924
ASV_542_16S	-1.32250236995315	-1.57445584464544	-1.69373685452405	-1.35722679328735	5.1538031265814	2.27079134262097	3.63535533817287	2.09407746205676	-1.55969904767846	2.86186551567639	-1.14199588489523	-1.39472264614346	-0.921307104670993	1.74417939378463	-1.1579934119364	1.26920099268241	-1.52723175743679	-1.17825240489925	-1.61876914412862	-1.07065445096711	-1.49747552294284	-1.77656699745085	-1.21383568499476
ASV_559_16S	-1.32250236995315	-1.57445584464544	-1.69373685452405	-1.35722679328735	-1.06678704351834	3.97307940901853	4.03135963777681	-1.23812704811845	-1.55969904767846	-1.90881910878928	1.49706144472003	1.4956491117527	-0.921307104670993	-1.72155650901509	1.55005678916581	2.77327838945868	-1.52723175743679	-1.17825240489925	-1.61876914412862	-1.07065445096711	-1.49747552294284	-1.77656699745085	-1.21383568499476
ASV_576_16S	2.36637708416078	-1.57445584464544	-1.69373685452405	-1.35722679328735	-1.06678704351834	-1.34012657002325	-1.54079439440096	3.62168535624322	2.44763413755401	2.21831527625581	-1.14199588489523	-1.39472264614346	-0.921307104670993	3.82751957588013	-1.1579934119364	-1.36985633693285	-1.52723175743679	1.86627003282417	3.20954459317368	1.12657012636911	1.96826037985688	-1.77656699745085	-1.21383568499476
ASV_597_16S	-1.32250236995315	-1.57445584464544	-1.69373685452405	2.49292080842271	-1.06678704351834	-1.34012657002325	-1.54079439440096	-1.23812704811845	-1.55969904767846	0.924394235266937	-1.14199588489523	-1.39472264614346	-0.921307104670993	-1.72155650901509	-1.1579934119364	-1.36985633693285	-1.52723175743679	-1.17825240489925	0.866137505659377	-1.07065445096711	0.699749054393376	1.91231245666309	-1.21383568499476
ASV_605_16S	-1.32250236995315	1.68364069337604	-1.69373685452405	-1.35722679328735	-1.06678704351834	3.92256361888163	-1.54079439440096	-1.23812704811845	1.43603322587553	0.170622432890557	1.05522869244099	0.551187502911849	0.688130807763108	0.676338763783277	2.27599379254875	0.932728756061196	0.0822061549973103	-1.17825240489925	0.172990325099432	-1.07065445096711	0.294283946285212	0.169343151604466	-1.21383568499476
ASV_610_16S	-1.32250236995315	-1.57445584464544	-1.69373685452405	-1.35722679328735	-1.06678704351834	-1.34012657002325	3.3495547338208	-1.23812704811845	-1.55969904767846	-1.90881910878928	-1.14199588489523	3.21044753984463	-0.921307104670993	-1.72155650901509	-1.1579934119364	3.20485464157053	3.25189173567474	-1.17825240489925	-1.61876914412862	-1.07065445096711	-1.49747552294284	-1.77656699745085	-1.21383568499476
ASV_624_16S	1.97333449605117	1.25875749941077	2.44939787186748	-1.35722679328735	-1.06678704351834	-1.34012657002325	-1.54079439440096	1.53446167412133	0.925207602109541	0.288405468546941	-1.14199588489523	-1.39472264614346	-0.921307104670993	1.22288247015135	-1.1579934119364	2.03134104472931	1.90675544704836	0.43118550753485	2.07011030998531	2.26155005920809	1.14158180667242	0.0151924717772078	2.04426085302673
ASV_628_16S	-1.32250236995315	-1.57445584464544	-1.69373685452405	-1.35722679328735	-1.06678704351834	-1.34012657002325	-1.54079439440096	-1.23812704811845	-1.55969904767846	0.288405468546941	0.467442027538868	0.214715266290636	2.25674672567695	-1.72155650901509	1.61459531030338	1.33819386416936	-1.52723175743679	0.901189136780585	1.93657891736079	1.70193427127267	0.44843462611247	1.11380476044532	0.395602227439345
ASV_630_16S	-1.32250236995315	0.0349820677886581	2.38380058938167	3.98031128641397	4.48617254140328	1.79536764590589	1.79141011577424	0.553632421109606	-1.55969904767846	1.3492774292322	-1.14199588489523	-1.39472264614346	-0.921307104670993	-1.72155650901509	-1.1579934119364	-1.36985633693285	-1.52723175743679	-1.17825240489925	-1.61876914412862	-1.07065445096711	-1.49747552294284	-1.77656699745085	-1.21383568499476
ASV_650_16S	-1.32250236995315	2.93640366187141	2.65006856732963	4.1275701402033	-1.06678704351834	-1.34012657002325	1.71730214362052	-1.23812704811845	0.742886045315587	-1.90881910878928	1.56605431620698	-1.39472264614346	-0.921307104670993	-1.72155650901509	-1.1579934119364	-1.36985633693285	-1.52723175743679	-1.17825240489925	-1.61876914412862	-1.07065445096711	-1.49747552294284	-1.77656699745085	-1.21383568499476
ASV_651_16S	-1.32250236995315	-1.57445584464544	1.80277070694243	-1.35722679328735	0.879123105536977	1.05776870277512	-1.54079439440096	-1.23812704811845	-1.55969904767846	-1.90881910878928	2.80924783368619	0.551187502911849	-0.921307104670993	-1.72155650901509	-1.1579934119364	-1.36985633693285	1.80497275273841	1.1243326880948	-1.61876914412862	-1.07065445096711	-1.49747552294284	-0.167129085016747	-1.21383568499476
ASV_662_16S	2.75503507395257	-1.57445584464544	-1.69373685452405	-1.35722679328735	-1.06678704351834	-1.34012657002325	-1.54079439440096	2.01996948990303	3.02526843099211	2.11653258194587	-1.14199588489523	-1.39472264614346	-0.921307104670993	2.77825316131517	-1.1579934119364	1.02803893586552	0.95767489235121	2.75357322782508	3.01595984410101	1.12657012636911	1.72140030192536	2.07358060425921	0.86560585668508
ASV_663_16S	-1.32250236995315	2.45089584608971	3.48241287804978	4.9380392081523	2.51673189493777	2.21522149146616	1.0982629352143	-1.23812704811845	-1.55969904767846	-1.90881910878928	-1.14199588489523	-1.39472264614346	-0.921307104670993	-1.72155650901509	-1.1579934119364	-1.36985633693285	-1.52723175743679	-1.17825240489925	-1.61876914412862	-1.07065445096711	-1.49747552294284	-1.77656699745085	-1.21383568499476
ASV_667_16S	-1.32250236995315	2.16321377363793	1.7402503499611	-1.35722679328735	1.82358471437783	-1.34012657002325	2.28784700208814	1.0644580448756	1.69839749034302	2.56851770568893	-1.14199588489523	-1.39472264614346	1.64364225279054	-1.72155650901509	-1.1579934119364	-1.36985633693285	1.36314000045937	-1.17825240489925	-1.61876914412862	-1.07065445096711	-1.49747552294284	2.21241704911343	-1.21383568499476
ASV_669_16S	-1.32250236995315	-1.57445584464544	-1.69373685452405	-1.35722679328735	-1.06678704351834	-1.34012657002325	-1.54079439440096	1.8973671678107	-1.55969904767846	0.393765984204767	-1.14199588489523	-1.39472264614346	2.21418711125816	-1.72155650901509	-1.1579934119364	-1.36985633693285	1.30598158661943	1.52979779620296	0.683815948865423	-1.07065445096711	1.06747383451869	-1.77656699745085	2.22015151949039
ASV_673_16S	-1.32250236995315	-1.57445584464544	-1.69373685452405	1.73381566007097	-1.06678704351834	3.35122131220589	3.21279579670541	-1.23812704811845	-1.55969904767846	-1.90881910878928	-1.14199588489523	1.97257318384301	-0.921307104670993	-1.72155650901509	2.64866907783392	-1.36985633693285	-1.52723175743679	-1.17825240489925	-1.61876914412862	-1.07065445096711	-1.49747552294284	-1.77656699745085	0.5779237842333
ASV_680_16S	-1.32250236995315	-1.57445584464544	2.06746326116951	-1.35722679328735	-1.06678704351834	0.4516328992048	1.9855661302152	-1.23812704811845	-1.55969904767846	2.25006397457039	0.649763584332822	1.64979979157996	2.41089740550421	2.06263312490317	-1.1579934119364	0.016438024187041	0.264527711791265	-1.17825240489925	-1.61876914412862	0.8752556980882	-1.49747552294284	-1.77656699745085	-1.21383568499476
ASV_687_16S	2.04479346003332	1.64441998022276	3.45955473997373	1.93861007271698	1.57227028609692	1.79536764590589	0.405115754654354	-0.544979867558503	-0.866551867118514	0.0370910402660345	0.467442027538868	-0.00842828502357373	0.688130807763108	0.843392848446443	-1.1579934119364	-1.36985633693285	-0.140937396316899	-1.17825240489925	-0.0093312316945231	0.721105018260942	-0.111181161822953	-0.390272636330957	0.172458676125135
ASV_691_16S	2.41516724833021	3.59602815039271	2.17746415638384	-1.35722679328735	0.319507317601554	1.79536764590589	1.8604029872612	0.707783100936864	-1.55969904767846	0.393765984204767	0.649763584332822	-1.39472264614346	-0.921307104670993	-0.335262147895203	-1.1579934119364	2.26772982279354	-1.52723175743679	-1.17825240489925	1.37696312942537	1.32724082183126	-1.49747552294284	-1.77656699745085	-1.21383568499476
ASV_705_16S	4.32294452769008	-1.57445584464544	-1.69373685452405	-1.35722679328735	-1.06678704351834	-1.34012657002325	-1.54079439440096	-1.23812704811845	-1.55969904767846	-1.90881910878928	-1.14199588489523	-1.39472264614346	-0.921307104670993	-1.72155650901509	-1.1579934119364	-1.36985633693285	-1.52723175743679	-1.17825240489925	0.866137505659377	2.26155005920809	0.699749054393376	-1.77656699745085	2.42375047473163
ASV_706_16S	-1.32250236995315	-1.57445584464544	-1.69373685452405	-1.35722679328735	-1.06678704351834	-1.34012657002325	-1.54079439440096	3.89177166680462	-1.55969904767846	-1.90881910878928	-1.14199588489523	1.09018400364454	2.68961080797323	3.17628329093582	-1.1579934119364	-1.36985633693285	2.18634030926752	2.8470992858359	2.67169029701977	-1.07065445096711	-1.49747552294284	-1.77656699745085	-1.21383568499476
ASV_723_16S	0.874722207383065	0.622768732690777	-1.69373685452405	-1.35722679328735	-1.06678704351834	-1.34012657002325	-1.54079439440096	2.22760885468128	1.77250546249674	1.67469982966683	-1.14199588489523	0.802501931192755	1.64364225279054	2.80023206803395	-1.1579934119364	-1.36985633693285	1.56381069592153	1.1243326880948	2.25243186677927	1.32724082183126	1.83472898723236	-1.77656699745085	-1.21383568499476
ASV_755_16S	3.28266781603494	3.17913434646092	-1.69373685452405	-1.35722679328735	-1.06678704351834	-1.34012657002325	-1.54079439440096	-1.23812704811845	-1.55969904767846	-1.90881910878928	-1.14199588489523	-1.39472264614346	-0.921307104670993	-1.72155650901509	-1.1579934119364	-1.36985633693285	-1.52723175743679	-1.17825240489925	-1.61876914412862	-1.07065445096711	1.27511319929694	1.4014868328971	-1.21383568499476
ASV_760_16S	-1.32250236995315	-1.57445584464544	-1.69373685452405	-1.35722679328735	-1.06678704351834	-1.34012657002325	-1.54079439440096	-1.23812704811845	-1.55969904767846	0.656130248672258	-1.14199588489523	0.907862446850582	2.9498939062369	-1.72155650901509	-1.1579934119364	1.26920099268241	2.02811630405262	-1.17825240489925	-1.61876914412862	-1.07065445096711	-1.49747552294284	1.71994056401563	-1.21383568499476
ASV_769_16S	-1.32250236995315	-1.57445584464544	-1.69373685452405	-1.35722679328735	-1.06678704351834	2.66720661520922	4.48022895494857	-1.23812704811845	-1.55969904767846	-1.90881910878928	3.32391223375935	0.802501931192755	-0.921307104670993	-1.72155650901509	-1.1579934119364	-1.36985633693285	1.60826245849236	1.01897217243697	-1.61876914412862	-1.07065445096711	-1.49747552294284	-1.77656699745085	-1.21383568499476
ASV_777_16S	-1.32250236995315	1.89128005815428	3.13457688277825	3.67972580912628	3.90302625605766	0.4516328992048	-1.54079439440096	-1.23812704811845	-1.55969904767846	-1.90881910878928	-1.14199588489523	-1.39472264614346	-0.921307104670993	-1.72155650901509	-1.1579934119364	-1.36985633693285	-1.52723175743679	-1.17825240489925	-1.61876914412862	-1.07065445096711	-1.49747552294284	-1.77656699745085	-1.21383568499476
ASV_784_16S	2.60932326277117	1.68364069337604	2.19808344358658	1.04066847951102	0.319507317601554	-1.34012657002325	-1.54079439440096	-1.23812704811845	-0.173404686558569	1.18222334456904	-1.14199588489523	-1.39472264614346	-0.921307104670993	-0.622944220346984	-0.0593811232682864	-1.36985633693285	-0.834084576876845	-1.17825240489925	-0.925621963568678	-0.377507270407168	0.581966018736992	1.77878106403857	2.00504013987345
ASV_787_16S	-1.32250236995315	-1.57445584464544	-1.69373685452405	-1.35722679328735	-1.06678704351834	-1.34012657002325	-1.54079439440096	-1.23812704811845	-0.173404686558569	-1.90881910878928	-1.14199588489523	-1.39472264614346	2.66221183378512	-1.72155650901509	-1.1579934119364	2.34371572977146	0.264527711791265	-1.17825240489925	1.37696312942537	2.56693170875927	-1.49747552294284	1.16787198171559	1.55875303724503
ASV_808_16S	-1.32250236995315	-1.57445584464544	-1.69373685452405	-1.35722679328735	2.92219700304594	3.28484624326102	1.89319281008419	-1.23812704811845	-1.55969904767846	0.489076164009092	1.34291076489277	-1.39472264614346	-0.921307104670993	-1.72155650901509	-1.1579934119364	0.932728756061196	-1.52723175743679	-1.17825240489925	-1.61876914412862	-1.07065445096711	-1.49747552294284	-1.77656699745085	-1.21383568499476
ASV_812_16S	-1.32250236995315	-1.57445584464544	-1.69373685452405	-1.35722679328735	-1.06678704351834	1.55024518787291	1.8604029872612	-1.23812704811845	-1.55969904767846	-1.90881910878928	2.90105538293932	1.69631980721485	-0.921307104670993	-1.72155650901509	1.61459531030338	-1.36985633693285	1.60826245849236	-1.17825240489925	-0.232474783008733	-1.07065445096711	-1.49747552294284	-1.77656699745085	-1.21383568499476
ASV_858_16S	-1.32250236995315	-1.57445584464544	-1.69373685452405	-1.35722679328735	-1.06678704351834	-1.34012657002325	-1.54079439440096	-1.23812704811845	-1.55969904767846	-1.90881910878928	-1.14199588489523	-1.39472264614346	-0.921307104670993	1.16881524888107	1.14459168105765	1.02803893586552	-1.52723175743679	2.8647988629353	-1.61876914412862	1.6373957501351	-1.49747552294284	-1.77656699745085	-1.21383568499476
ASV_863_16S	-1.32250236995315	-1.57445584464544	-1.69373685452405	-1.35722679328735	-1.06678704351834	-1.34012657002325	-1.54079439440096	-1.23812704811845	2.7169670713376	-1.90881910878928	-1.14199588489523	-1.39472264614346	-0.921307104670993	2.67289264565735	-1.1579934119364	-1.36985633693285	-1.52723175743679	-1.17825240489925	-1.61876914412862	-1.07065445096711	1.33573782111337	1.48152954057064	-1.21383568499476
ASV_884_16S	-1.32250236995315	-1.57445584464544	-1.69373685452405	-1.35722679328735	1.64126315758387	1.49308677403296	3.14133683272326	-1.23812704811845	-1.55969904767846	-1.90881910878928	1.63059283734455	1.74077156978569	-0.921307104670993	-1.72155650901509	0.633766057291659	0.576053812122464	-1.52723175743679	-1.17825240489925	-1.61876914412862	-1.07065445096711	-1.49747552294284	-1.77656699745085	-1.21383568499476
ASV_888_16S	-1.32250236995315	-1.57445584464544	-1.69373685452405	-1.35722679328735	-1.06678704351834	-1.34012657002325	-1.54079439440096	-1.23812704811845	-1.55969904767846	0.170622432890557	-1.14199588489523	1.24433468347179	-0.921307104670993	-1.72155650901509	1.48106391767886	1.84901948793535	1.30598158661943	-1.17825240489925	-1.61876914412862	2.45570607364905	-1.49747552294284	-1.77656699745085	0.86560585668508
ASV_903_16S	-1.32250236995315	-1.57445584464544	-1.69373685452405	4.18010747373119	-1.06678704351834	-1.34012657002325	-1.54079439440096	-1.23812704811845	1.0793582819368	-1.90881910878928	-1.14199588489523	-1.39472264614346	1.85128161756879	-1.72155650901509	-1.1579934119364	-1.36985633693285	-1.52723175743679	-1.17825240489925	-1.61876914412862	-1.07065445096711	0.111962389491257	-1.77656699745085	-1.21383568499476
ASV_905_16S	-1.32250236995315	-1.57445584464544	-1.69373685452405	-1.35722679328735	-1.06678704351834	-1.34012657002325	-1.54079439440096	1.98074877674975	-1.55969904767846	-1.90881910878928	-1.14199588489523	-1.39472264614346	-0.921307104670993	2.19046649641305	-1.1579934119364	-1.36985633693285	-1.52723175743679	1.21964286789912	2.50836524091647	1.12657012636911	-1.49747552294284	-1.77656699745085	-1.21383568499476
ASV_904_16S	-1.32250236995315	3.75826294861993	3.65337067619342	-1.35722679328735	2.42972051794814	2.39754304826011	-1.54079439440096	-1.23812704811845	-1.55969904767846	-1.90881910878928	-1.14199588489523	-1.39472264614346	-0.921307104670993	-1.72155650901509	-1.1579934119364	-1.36985633693285	-1.52723175743679	-1.17825240489925	-1.61876914412862	-1.07065445096711	-1.49747552294284	-1.77656699745085	-1.21383568499476
ASV_910_16S	-1.32250236995315	2.64505186053066	2.04393276375932	2.16913373132881	-1.06678704351834	-1.34012657002325	2.12276725172869	-1.23812704811845	-1.55969904767846	-1.90881910878928	1.49706144472003	-1.39472264614346	-0.921307104670993	-1.72155650901509	-1.1579934119364	-1.36985633693285	1.51729068028663	-1.17825240489925	1.02028818548664	-1.07065445096711	-1.49747552294284	-1.77656699745085	-1.21383568499476
ASV_912_16S	1.45008635228663	-1.57445584464544	0.252173294531262	2.84746582610362	3.94384825057792	2.53107444088464	-1.54079439440096	-1.23812704811845	-1.55969904767846	-1.90881910878928	1.90252655282819	1.17022671131807	-0.921307104670993	-1.72155650901509	-1.1579934119364	-1.36985633693285	-1.52723175743679	-1.17825240489925	-1.61876914412862	-1.07065445096711	0.900419749855527	-1.0834198168909	-1.21383568499476
ASV_932_16S	-1.32250236995315	-1.57445584464544	-1.69373685452405	-1.35722679328735	-1.06678704351834	-1.34012657002325	-1.54079439440096	-1.23812704811845	-1.55969904767846	-1.90881910878928	1.80244309427121	-1.39472264614346	-0.921307104670993	-1.72155650901509	3.33064295779574	0.82736824040337	-1.52723175743679	-1.17825240489925	-1.61876914412862	-1.07065445096711	-1.49747552294284	1.3589272184783	1.27107096479324
ASV_938_16S	-1.32250236995315	1.06460148496982	-1.69373685452405	-1.35722679328735	-1.06678704351834	-1.34012657002325	0.250965074827096	1.40093028149681	1.90603685512127	0.924394235266937	0.937445656784603	1.24433468347179	1.64364225279054	1.94200513711455	-1.1579934119364	1.62587593662114	-1.52723175743679	-1.17825240489925	1.71343536604658	-1.07065445096711	-1.49747552294284	-1.77656699745085	1.18405958780362
ASV_949_16S	-1.32250236995315	0.823439428152928	-1.69373685452405	-1.35722679328735	-1.06678704351834	-1.34012657002325	-1.54079439440096	-1.23812704811845	2.31150196322943	-1.90881910878928	-1.14199588489523	-1.39472264614346	-0.921307104670993	1.67964087264706	-1.1579934119364	-1.36985633693285	1.56381069592153	3.31038396483289	1.81521806035652	-1.07065445096711	-1.49747552294284	-1.77656699745085	-1.21383568499476
ASV_972_16S	-1.32250236995315	-1.57445584464544	-1.69373685452405	-1.35722679328735	-1.06678704351834	-1.34012657002325	-1.54079439440096	-1.23812704811845	-1.55969904767846	1.31005671607892	-1.14199588489523	1.00317262665491	-0.921307104670993	-1.72155650901509	-1.1579934119364	1.8081974934151	0.66999281989943	1.76618657426719	-1.61876914412862	-1.07065445096711	-1.49747552294284	-1.77656699745085	1.78189658855924
ASV_1029_16S	3.03420645673644	-1.57445584464544	-1.69373685452405	-1.35722679328735	-1.06678704351834	-1.34012657002325	-1.54079439440096	-1.23812704811845	1.00525030978308	0.489076164009092	1.90252655282819	1.54971633302298	-0.921307104670993	-1.72155650901509	1.23990186086197	1.26920099268241	1.76860510856754	-1.17825240489925	-1.61876914412862	-1.07065445096711	-1.49747552294284	-1.77656699745085	-1.21383568499476
ASV_1034_16S	2.41516724833021	1.72138102135889	1.83262367009211	1.73381566007097	-1.06678704351834	-1.34012657002325	-0.154500033281068	-0.139514759450339	-0.461086759010349	0.170622432890557	-1.14199588489523	-0.701575465583519	0.177305183997117	-0.335262147895203	-1.1579934119364	-0.676709156372904	-0.140937396316899	-0.485105224339305	-0.925621963568678	-1.07065445096711	-1.49747552294284	-1.77656699745085	0.395602227439345
ASV_1067_16S	-1.32250236995315	-1.57445584464544	-1.69373685452405	-1.35722679328735	-1.06678704351834	3.47205778534916	3.28751934290134	-1.23812704811845	-1.55969904767846	-1.90881910878928	0.467442027538868	-1.39472264614346	-0.921307104670993	-1.72155650901509	1.48106391767886	1.67466610079057	-1.52723175743679	-1.17825240489925	-1.61876914412862	-1.07065445096711	-1.49747552294284	-1.77656699745085	-1.21383568499476
ASV_1071_16S	-1.32250236995315	-1.57445584464544	-1.69373685452405	3.01222105917967	1.57227028609692	-1.34012657002325	1.0982629352143	-1.23812704811845	-1.55969904767846	-1.90881910878928	-1.14199588489523	-1.39472264614346	-0.921307104670993	-1.72155650901509	0.787916737118917	-1.36985633693285	-1.52723175743679	-1.17825240489925	-1.61876914412862	-1.07065445096711	-1.49747552294284	-1.77656699745085	-1.21383568499476
ASV_1076_16S	-1.32250236995315	-1.57445584464544	-1.69373685452405	-1.35722679328735	-1.06678704351834	-1.34012657002325	-1.54079439440096	1.98074877674975	-1.55969904767846	1.26923472155867	-1.14199588489523	1.00317262665491	-0.921307104670993	-1.72155650901509	-1.1579934119364	-1.36985633693285	2.53321125310963	-1.17825240489925	1.87773841733786	-1.07065445096711	-1.49747552294284	-1.77656699745085	-1.21383568499476
ASV_1088_16S	2.04479346003332	-1.57445584464544	-1.69373685452405	-1.35722679328735	0.724972425709719	2.78700781502184	-0.847647213841014	-1.23812704811845	-1.55969904767846	-1.90881910878928	-1.14199588489523	1.82415317872474	-0.921307104670993	0.581028583978952	-1.1579934119364	1.67466610079057	-1.52723175743679	-1.17825240489925	-1.61876914412862	-1.07065445096711	-1.49747552294284	-1.77656699745085	-1.21383568499476
ASV_1092_16S	-1.32250236995315	-1.57445584464544	-1.69373685452405	3.20712139818049	-1.06678704351834	-1.34012657002325	-1.54079439440096	-1.23812704811845	-1.55969904767846	1.80475295791503	-1.14199588489523	1.54971633302298	0.870452364557062	-1.72155650901509	-1.1579934119364	-1.36985633693285	-1.52723175743679	-1.17825240489925	-1.61876914412862	-1.07065445096711	-1.49747552294284	0.302874544228989	0.86560585668508
ASV_1107_16S	-1.32250236995315	-1.57445584464544	-1.69373685452405	-1.35722679328735	-1.06678704351834	-1.34012657002325	-1.54079439440096	-1.23812704811845	1.57579516825069	-1.90881910878928	-1.14199588489523	-1.39472264614346	-0.921307104670993	2.22968720956633	-1.1579934119364	-1.36985633693285	-1.52723175743679	0.901189136780585	1.60010668073958	-1.07065445096711	0.294283946285212	0.931483203651363	-1.21383568499476
ASV_1117_16S	-1.32250236995315	-1.57445584464544	-1.69373685452405	-1.35722679328735	-1.06678704351834	-1.34012657002325	-1.54079439440096	0.553632421109606	2.2015010680151	0.0370910402660345	-1.14199588489523	-1.39472264614346	1.38127798832305	0.986493692087116	-1.1579934119364	-1.36985633693285	-1.52723175743679	-1.17825240489925	-1.61876914412862	1.00878709071272	1.14158180667242	1.21916527610314	-1.21383568499476
ASV_1124_16S	3.64731092962285	1.89128005815428	2.29524719204022	0.434532675940705	-1.06678704351834	-1.34012657002325	-0.442182105732849	-0.139514759450339	-1.55969904767846	-0.522524747669388	-1.14199588489523	-1.39472264614346	-0.228159924111047	-1.72155650901509	-1.1579934119364	-1.36985633693285	-0.834084576876845	-0.485105224339305	-0.925621963568678	-0.377507270407168	-0.804328342382898	-0.677954708782737	-0.115223396326646
ASV_1137_16S	0.756939171726681	-0.881308664085497	1.67355897546242	0.434532675940705	-1.06678704351834	1.55024518787291	-0.847647213841014	-1.23812704811845	0.386211101376854	-0.299381196355178	-1.14199588489523	-1.39472264614346	-0.921307104670993	-1.72155650901509	0.451444500497704	1.19509302052869	1.41720722172965	1.21964286789912	-1.61876914412862	-1.07065445096711	-1.49747552294284	-1.77656699745085	-1.21383568499476
ASV_1138_16S	-1.32250236995315	-1.57445584464544	2.15641074718601	2.59401692529408	-1.06678704351834	2.61111714855817	1.63725943594699	-1.23812704811845	-1.55969904767846	-1.90881910878928	-1.14199588489523	1.4956491117527	-0.921307104670993	-1.72155650901509	2.60320670375717	-1.36985633693285	-0.834084576876845	-1.17825240489925	-1.61876914412862	-1.07065445096711	-1.49747552294284	-1.77656699745085	-1.21383568499476
ASV_1193_16S	-1.32250236995315	-1.57445584464544	-1.69373685452405	-1.35722679328735	-1.06678704351834	-1.34012657002325	1.92494150839877	-1.23812704811845	2.2015010680151	-1.90881910878928	-1.14199588489523	-1.39472264614346	-0.921307104670993	-1.72155650901509	-1.1579934119364	-1.36985633693285	-1.52723175743679	-1.17825240489925	-1.61876914412862	-1.07065445096711	-1.49747552294284	1.21916527610314	1.08874940799929
ASV_1201_16S	-1.32250236995315	-1.57445584464544	-1.69373685452405	-1.35722679328735	-1.06678704351834	2.27079134262097	2.48455729633419	-1.23812704811845	-1.55969904767846	-1.90881910878928	-1.14199588489523	-1.39472264614346	-0.921307104670993	-1.72155650901509	1.61459531030338	-1.36985633693285	-1.52723175743679	1.38669695256229	-1.61876914412862	-1.07065445096711	-1.49747552294284	-1.77656699745085	-1.21383568499476
ASV_1203_16S	-1.32250236995315	-1.57445584464544	-1.69373685452405	-1.35722679328735	-1.06678704351834	-1.34012657002325	-1.54079439440096	-1.23812704811845	-1.55969904767846	-1.90881910878928	-1.14199588489523	1.31332755495875	-0.921307104670993	0.581028583978952	-1.1579934119364	-1.36985633693285	-1.52723175743679	-1.17825240489925	1.63932739389286	-1.07065445096711	2.33116587354625	1.62463038421131	-1.21383568499476
ASV_1215_16S	-1.32250236995315	-1.57445584464544	-1.69373685452405	-1.35722679328735	-1.06678704351834	-1.34012657002325	-1.54079439440096	2.09407746205676	2.26894234881064	-1.90881910878928	-1.14199588489523	-1.39472264614346	1.27591747266523	1.67964087264706	-1.1579934119364	1.11505031285515	1.56381069592153	2.81073164166502	1.96474979432749	1.92507782258688	-1.49747552294284	-1.77656699745085	-1.21383568499476
ASV_1220_16S	-1.32250236995315	-1.57445584464544	-1.69373685452405	-1.35722679328735	-1.06678704351834	-1.34012657002325	-1.54079439440096	-1.23812704811845	-1.55969904767846	-1.90881910878928	1.25589938790314	-0.00842828502357373	-0.921307104670993	1.74417939378463	-1.1579934119364	-1.36985633693285	2.38479124799136	2.34810811971691	0.946180213332913	-1.07065445096711	1.63801869298631	2.21241704911343	2.65736532591314
ASV_1227_16S	-1.32250236995315	-1.57445584464544	-1.69373685452405	-1.35722679328735	-1.06678704351834	-1.34012657002325	-1.54079439440096	0.553632421109606	-1.55969904767846	-1.90881910878928	-1.14199588489523	3.33266517256888	-0.921307104670993	0.224353640040219	-1.1579934119364	-1.36985633693285	-1.52723175743679	-1.17825240489925	-1.61876914412862	0.315639910152777	1.14158180667242	-1.77656699745085	-1.21383568499476
ASV_1226_16S	-1.32250236995315	-1.57445584464544	-1.69373685452405	4.01341123484031	-1.06678704351834	-1.34012657002325	-1.54079439440096	-1.23812704811845	0.838196225119912	-1.90881910878928	-1.14199588489523	-1.39472264614346	-0.921307104670993	-0.335262147895203	-1.1579934119364	-1.36985633693285	-1.52723175743679	-1.17825240489925	0.172990325099432	-1.07065445096711	-1.49747552294284	0.708339652337153	-1.21383568499476
ASV_1240_16S	-1.32250236995315	2.41452820191883	1.94384930520233	-1.35722679328735	-1.06678704351834	-1.34012657002325	-1.54079439440096	1.15976822467992	-1.55969904767846	-1.90881910878928	-1.14199588489523	-1.39472264614346	-0.921307104670993	1.80480401560107	1.23990186086197	-1.36985633693285	1.65082207291116	-1.17825240489925	1.47227330922969	-1.07065445096711	0.294283946285212	1.16787198171559	-1.21383568499476
ASV_1251_16S	1.45008635228663	-1.57445584464544	-1.69373685452405	-1.35722679328735	-1.06678704351834	-1.34012657002325	-1.54079439440096	3.29447244503481	1.9666614769377	2.080164937775	-1.14199588489523	-1.39472264614346	-0.921307104670993	2.37278805320701	-1.1579934119364	-1.36985633693285	-1.52723175743679	-1.17825240489925	1.78242823753353	-1.07065445096711	0.805109570051203	-1.77656699745085	-1.21383568499476
ASV_1250_16S	2.078695011709	-1.57445584464544	-1.69373685452405	-1.35722679328735	-1.06678704351834	-1.34012657002325	-1.54079439440096	1.46992315298376	1.00525030978308	0.924394235266937	-1.14199588489523	-1.39472264614346	-0.921307104670993	0.070202960212961	-1.1579934119364	-1.36985633693285	-1.52723175743679	-1.17825240489925	-1.61876914412862	-1.07065445096711	0.805109570051203	0.708339652337153	1.35111367246678
ASV_1254_16S	-1.32250236995315	-1.57445584464544	-1.69373685452405	-1.35722679328735	-1.06678704351834	-1.34012657002325	2.04272454405515	-1.23812704811845	-1.55969904767846	-1.90881910878928	-1.14199588489523	1.09018400364454	-0.921307104670993	-1.72155650901509	-1.1579934119364	2.31902311718109	1.4685005161172	-1.17825240489925	-1.61876914412862	-1.07065445096711	-1.49747552294284	-1.77656699745085	-1.21383568499476
ASV_1257_16S	-1.32250236995315	-1.57445584464544	-1.69373685452405	-1.35722679328735	-1.06678704351834	-1.34012657002325	1.0982629352143	-1.23812704811845	2.10386259845119	1.26923472155867	-1.14199588489523	0.214715266290636	-0.921307104670993	-1.72155650901509	-1.1579934119364	-1.36985633693285	0.870663515361581	-1.17825240489925	-1.61876914412862	-1.07065445096711	0.44843462611247	1.21916527610314	-1.21383568499476
ASV_1275_16S	-1.32250236995315	-1.57445584464544	-1.69373685452405	3.76673718611591	-1.06678704351834	-1.34012657002325	1.34957736349521	-1.23812704811845	0.386211101376854	-1.90881910878928	1.4229534725663	-0.00842828502357373	-0.921307104670993	-1.72155650901509	2.55557865476791	0.82736824040337	-1.52723175743679	-1.17825240489925	-1.61876914412862	-1.07065445096711	-1.49747552294284	-1.77656699745085	-1.21383568499476
ASV_1283_16S	-1.32250236995315	3.03071434134265	-1.69373685452405	-1.35722679328735	1.97773539420509	2.0610708116389	-1.54079439440096	-1.23812704811845	-1.55969904767846	-1.90881910878928	-1.14199588489523	-1.39472264614346	-0.921307104670993	-1.72155650901509	-1.1579934119364	1.92598052907148	-1.52723175743679	-1.17825240489925	-1.61876914412862	-1.07065445096711	-1.49747552294284	-1.77656699745085	-1.21383568499476
ASV_1287_16S	0.063791991166736	-1.57445584464544	-1.69373685452405	-1.35722679328735	-1.06678704351834	-1.34012657002325	-1.54079439440096	-1.23812704811845	1.93680851378802	-1.90881910878928	-1.14199588489523	-1.39472264614346	1.78674309643122	3.03203368209127	-1.1579934119364	-1.36985633693285	-1.52723175743679	1.01897217243697	0.946180213332913	-1.07065445096711	-1.49747552294284	-1.77656699745085	-1.21383568499476
ASV_1300_16S	-1.32250236995315	1.06460148496982	-1.69373685452405	3.19665009831319	0.542650868915764	-1.34012657002325	-1.54079439440096	-1.23812704811845	-1.55969904767846	0.656130248672258	-1.14199588489523	-1.39472264614346	0.464987256448898	0.475668068321126	-1.1579934119364	-1.36985633693285	-1.52723175743679	-1.17825240489925	-1.61876914412862	-1.07065445096711	-1.49747552294284	-1.77656699745085	-1.21383568499476
ASV_1321_16S	3.56029955263322	0.823439428152928	-1.69373685452405	-1.35722679328735	-1.06678704351834	-1.34012657002325	-1.54079439440096	-1.23812704811845	0.386211101376854	1.31005671607892	-1.14199588489523	-1.39472264614346	-0.921307104670993	-1.72155650901509	-1.1579934119364	0.709585204746986	0.95767489235121	0.20804195622064	0.779126128669747	-1.07065445096711	-1.49747552294284	0.931483203651363	-1.21383568499476
ASV_1326_16S	-1.32250236995315	-1.57445584464544	-1.69373685452405	-1.35722679328735	-1.06678704351834	-1.34012657002325	-1.54079439440096	-1.23812704811845	1.38473993148798	-1.90881910878928	-1.14199588489523	-1.39472264614346	-0.921307104670993	-1.72155650901509	2.17421109823881	-1.36985633693285	1.03771760002475	-1.17825240489925	-1.61876914412862	-1.07065445096711	-1.49747552294284	2.64227361034575	-1.21383568499476
ASV_1375_16S	0.063791991166736	2.45089584608971	-1.69373685452405	-1.35722679328735	-1.06678704351834	-1.34012657002325	-1.54079439440096	-1.23812704811845	-1.55969904767846	-1.90881910878928	-1.14199588489523	-1.39472264614346	-0.921307104670993	-1.72155650901509	-1.1579934119364	-1.36985633693285	-1.52723175743679	-1.17825240489925	-1.61876914412862	1.32724082183126	1.86982030704363	0.169343151604466	-1.21383568499476
ASV_1400_16S	-1.32250236995315	1.47006659307798	-1.69373685452405	-1.35722679328735	-1.06678704351834	-1.34012657002325	-1.54079439440096	2.28823347649771	0.925207602109541	1.82885050949409	-1.14199588489523	-1.39472264614346	-0.921307104670993	1.57428035698924	-1.1579934119364	-1.36985633693285	-1.52723175743679	-1.17825240489925	-1.61876914412862	-1.07065445096711	-1.49747552294284	-1.77656699745085	-1.21383568499476
ASV_1439_16S	-1.32250236995315	-1.57445584464544	-1.69373685452405	-1.35722679328735	-1.06678704351834	-1.34012657002325	-1.54079439440096	1.32682230934309	2.56743533736663	-1.90881910878928	-1.14199588489523	-1.39472264614346	1.85128161756879	1.74417939378463	-1.1579934119364	-1.36985633693285	-1.52723175743679	1.1243326880948	0.779126128669747	0.538783461466987	0.900419749855527	-1.77656699745085	-1.21383568499476
ASV_1457_16S	-1.32250236995315	-1.57445584464544	-1.69373685452405	-1.35722679328735	-1.06678704351834	-1.34012657002325	-1.54079439440096	-1.23812704811845	2.26894234881064	-1.90881910878928	-1.14199588489523	-1.39472264614346	0.688130807763108	2.54112336802622	-1.1579934119364	-1.36985633693285	-1.52723175743679	1.01897217243697	1.4257532935948	-1.07065445096711	1.14158180667242	-1.77656699745085	-1.21383568499476
ASV_1480_16S	2.46168726396511	1.98089221684397	1.94384930520233	-1.35722679328735	-1.06678704351834	-1.34012657002325	-1.54079439440096	-1.23812704811845	-1.55969904767846	-0.810206820121169	-1.14199588489523	-1.39472264614346	-0.921307104670993	-1.02840932845515	-1.1579934119364	-1.36985633693285	-1.52723175743679	-1.17825240489925	-1.61876914412862	-1.07065445096711	-0.804328342382898	-0.677954708782737	-0.115223396326646
ASV_1512_16S	-1.32250236995315	-1.57445584464544	-1.69373685452405	-1.35722679328735	-1.06678704351834	-1.34012657002325	-1.54079439440096	-1.23812704811845	2.39154467090297	-1.90881910878928	-1.14199588489523	-1.39472264614346	1.15813443700884	2.67289264565735	-1.1579934119364	-1.36985633693285	-1.52723175743679	-1.17825240489925	-1.61876914412862	-1.07065445096711	-0.111181161822953	-0.390272636330957	-1.21383568499476
ASV_1524_16S	-1.32250236995315	-1.57445584464544	-1.69373685452405	-1.35722679328735	-1.06678704351834	-1.34012657002325	-1.54079439440096	-1.23812704811845	0.925207602109541	3.07478751291906	-1.14199588489523	0.684718895536371	-0.921307104670993	-1.72155650901509	-1.1579934119364	-1.36985633693285	-1.52723175743679	-1.17825240489925	1.55928468621932	-1.07065445096711	-1.49747552294284	-1.77656699745085	-1.21383568499476
ASV_1537_16S	3.05952426472073	1.42127642890855	1.56435968349743	1.12767985650065	-1.06678704351834	-1.34012657002325	-0.154500033281068	-1.23812704811845	-0.866551867118514	-1.21567192822933	-1.14199588489523	-1.39472264614346	-0.921307104670993	-0.622944220346984	-1.1579934119364	-1.36985633693285	-1.52723175743679	-0.485105224339305	-1.61876914412862	-1.07065445096711	-1.49747552294284	-0.167129085016747	-1.21383568499476
ASV_1541_16S	0.980082723040891	-1.57445584464544	-1.69373685452405	-1.35722679328735	-1.06678704351834	-1.34012657002325	-1.54079439440096	-1.23812704811845	-1.55969904767846	0.170622432890557	2.25920149676692	-1.39472264614346	-0.921307104670993	-1.72155650901509	-1.1579934119364	-1.36985633693285	-1.52723175743679	-1.17825240489925	1.63932739389286	2.45570607364905	-1.49747552294284	-1.77656699745085	-1.21383568499476
ASV_1564_16S	-1.32250236995315	-1.57445584464544	-1.69373685452405	-1.35722679328735	-1.06678704351834	-1.34012657002325	-1.54079439440096	0.841314493561387	-1.55969904767846	-1.90881910878928	-1.14199588489523	-1.39472264614346	1.27591747266523	1.94200513711455	-1.1579934119364	-1.36985633693285	-1.52723175743679	2.4853092412304	0.866137505659377	-1.07065445096711	-1.49747552294284	-1.77656699745085	-1.21383568499476
ASV_1591_16S	-1.32250236995315	-1.57445584464544	2.43339753052104	-1.35722679328735	3.5679419447113	1.65560570353074	1.55024805895736	-1.23812704811845	-1.55969904767846	-1.90881910878928	-1.14199588489523	-1.39472264614346	-0.921307104670993	-1.72155650901509	-1.1579934119364	-1.36985633693285	-1.52723175743679	-1.17825240489925	-1.61876914412862	-1.07065445096711	-1.49747552294284	-1.77656699745085	-1.21383568499476
ASV_1675_16S	-1.32250236995315	0.910450805142558	-1.69373685452405	-1.35722679328735	-1.06678704351834	-1.34012657002325	-1.54079439440096	-1.23812704811845	-1.55969904767846	-1.90881910878928	-1.14199588489523	-1.39472264614346	-0.921307104670993	1.96732294509884	-1.1579934119364	-1.36985633693285	0.66999281989943	1.46080492471601	0.32714100492669	2.26155005920809	0.987431126845157	0.302874544228989	0.5779237842333
ASV_1715_16S	-1.32250236995315	-1.57445584464544	2.23808877820027	-1.35722679328735	-1.06678704351834	-1.34012657002325	-0.154500033281068	0.553632421109606	0.519742494001377	2.20205475538403	1.16058920809881	-1.39472264614346	-0.921307104670993	-1.72155650901509	-1.1579934119364	-1.36985633693285	-1.52723175743679	-1.17825240489925	-1.61876914412862	-1.07065445096711	-1.49747552294284	-1.77656699745085	-1.21383568499476
ASV_1821_16S	2.98156272325102	2.20973378927282	0.871212502937486	-1.35722679328735	-1.06678704351834	-1.34012657002325	-1.54079439440096	-1.23812704811845	-1.55969904767846	-0.810206820121169	-1.14199588489523	-1.39472264614346	-0.921307104670993	-1.72155650901509	-1.1579934119364	-1.36985633693285	-1.52723175743679	-1.17825240489925	-1.61876914412862	-1.07065445096711	-0.804328342382898	-1.0834198168909	-0.52068850443481
ASV_1870_16S	-1.32250236995315	0.910450805142558	-1.69373685452405	2.19812126820206	-1.06678704351834	-1.34012657002325	1.0982629352143	-1.23812704811845	-1.55969904767846	-1.90881910878928	-1.14199588489523	-1.39472264614346	-0.921307104670993	-1.72155650901509	-1.1579934119364	-1.36985633693285	-1.52723175743679	-1.17825240489925	2.42428212370593	-1.07065445096711	1.63801869298631	-1.77656699745085	-1.21383568499476
ASV_1879_16S	-1.32250236995315	-1.57445584464544	-1.69373685452405	1.90086974473413	1.82358471437783	0.605783579032058	1.71730214362052	-1.23812704811845	-1.55969904767846	-1.90881910878928	-1.14199588489523	-1.39472264614346	-0.921307104670993	-1.72155650901509	1.73237834595977	2.39134377876071	-1.52723175743679	-1.17825240489925	-1.61876914412862	-1.07065445096711	-1.49747552294284	-1.77656699745085	-1.21383568499476
ASV_1963_16S	-1.32250236995315	-1.57445584464544	-1.69373685452405	-1.35722679328735	-1.06678704351834	-1.34012657002325	-1.54079439440096	1.15976822467992	1.80759678230802	1.38701775721505	-1.14199588489523	-0.296110357475355	-0.921307104670993	1.53654002900639	-1.1579934119364	-1.36985633693285	-1.52723175743679	-1.17825240489925	-1.61876914412862	-1.07065445096711	1.27511319929694	-1.77656699745085	-1.21383568499476
ASV_2004_16S	-1.32250236995315	-1.57445584464544	-1.69373685452405	-1.35722679328735	-1.06678704351834	-1.34012657002325	-1.54079439440096	-1.23812704811845	1.43603322587553	0.489076164009092	-1.14199588489523	-1.39472264614346	-0.921307104670993	2.42157821737644	-1.1579934119364	-1.36985633693285	-1.52723175743679	1.52979779620296	1.02028818548664	-1.07065445096711	-1.49747552294284	-1.77656699745085	-1.21383568499476
ASV_2007_16S	2.68483081527932	-1.57445584464544	-1.69373685452405	-1.35722679328735	-1.06678704351834	-1.34012657002325	-1.54079439440096	-1.23812704811845	1.38473993148798	1.85238100690428	-1.14199588489523	-1.39472264614346	-0.921307104670993	-1.72155650901509	-1.1579934119364	-1.36985633693285	-1.52723175743679	-1.17825240489925	-1.61876914412862	-1.07065445096711	-1.49747552294284	1.21916527610314	-1.21383568499476
ASV_2032_16S	-1.32250236995315	2.03646206799878	-1.69373685452405	-1.35722679328735	-1.06678704351834	-1.34012657002325	-1.54079439440096	-1.23812704811845	-1.55969904767846	-1.90881910878928	-1.14199588489523	-1.39472264614346	-0.921307104670993	0.763350140772906	-1.1579934119364	1.02803893586552	0.0822061549973103	-1.17825240489925	0.578455433207596	2.22518241503722	1.06747383451869	-1.77656699745085	-1.21383568499476
ASV_2134_16S	-1.32250236995315	-1.57445584464544	1.25070212464239	0.722214748392485	2.11126678682961	2.64885747654102	-1.54079439440096	-1.23812704811845	-1.55969904767846	-1.90881910878928	-1.14199588489523	-1.39472264614346	-0.921307104670993	-1.72155650901509	-1.1579934119364	-1.36985633693285	-1.52723175743679	-1.17825240489925	-1.61876914412862	-1.07065445096711	-1.49747552294284	-1.77656699745085	-1.21383568499476
ASV_2156_16S	-1.32250236995315	-1.57445584464544	-1.69373685452405	-1.35722679328735	-1.06678704351834	-1.34012657002325	-1.54079439440096	2.1958601563667	2.58343567871307	1.38701775721505	-1.14199588489523	-1.39472264614346	-0.921307104670993	-1.72155650901509	-1.1579934119364	-1.36985633693285	-1.52723175743679	-1.17825240489925	-1.61876914412862	-1.07065445096711	-1.49747552294284	0.169343151604466	-1.21383568499476
ASV_2281_16S	-1.32250236995315	-1.57445584464544	-1.69373685452405	-1.35722679328735	-1.06678704351834	-1.34012657002325	1.79141011577424	-1.23812704811845	-1.55969904767846	-1.90881910878928	2.1538409811091	0.802501931192755	-0.921307104670993	-1.72155650901509	1.03923116539982	2.26772982279354	-1.52723175743679	-1.17825240489925	-1.61876914412862	-1.07065445096711	-1.49747552294284	-1.77656699745085	-1.21383568499476
ASV_2288_16S	-1.32250236995315	-1.57445584464544	2.8388626386292	1.35082340781486	1.0126544981615	-0.241514281355145	-1.54079439440096	-1.23812704811845	-1.55969904767846	-1.90881910878928	-1.14199588489523	-1.39472264614346	-0.921307104670993	-1.72155650901509	-1.1579934119364	-1.36985633693285	-1.52723175743679	-1.17825240489925	-1.61876914412862	-1.07065445096711	-1.49747552294284	-1.77656699745085	-1.21383568499476
ASV_2561_16S	-1.32250236995315	1.42127642890855	-1.69373685452405	-1.35722679328735	-1.06678704351834	-1.34012657002325	-1.54079439440096	-1.23812704811845	0.925207602109541	1.13570332893414	-1.14199588489523	0.214715266290636	-0.921307104670993	-1.72155650901509	0.451444500497704	-1.36985633693285	-1.52723175743679	-1.17825240489925	0.946180213332913	-1.07065445096711	-1.49747552294284	1.3589272184783	1.18405958780362
