ASV	EA.20130423	EA.20130604	EA.20130625	EA.20131127	EA.20131230	EA.20140415	EA.20140514	EA.20140930	EA.20141029	EA.20150227	EA.20150328	EA.20150516	EA.20150627	EA.20150801	EA.20150829	EA.20151006	EA.20151208	EA.20160225	EA.20160322	EA.20160502	EA.20160611	EA.20160822
ASV_1_16S_022.3	6731	10205	8969	24373	12025	7474	2193	20917	5178	2534	8242	30218	20842	4440	5983	9731	31913	2302	10805	12133	11464	9520
ASV_3_16S_022.3	381	2181	3236	1730	2302	1241	183	1545	784	195	879	1448	1694	1290	988	764	3720	390	984	5653	975	753
ASV_4_16S_022.3	0	0	0	15	0	32	0	12	14	0	0	0	86	43	24	38	142	0	0	0	10	0
ASV_7_16S_022.3	296	2204	2994	1341	1173	1861	166	1743	876	182	1243	3433	2103	1220	1342	916	1543	238	671	2170	462	1074
ASV_8_16S_022.3	318	737	1201	1825	1798	566	108	1181	311	185	658	721	756	439	378	643	3096	233	550	1799	345	390
ASV_9_16S_022.3	15	85	304	159	46	8	14	83	36	14	25	211	84	68	61	81	55	26	18	140	230	53
ASV_10_16S_022.3	464	1025	887	1185	1578	930	174	691	221	196	642	1425	952	302	166	456	1501	185	835	2801	451	416
ASV_11_16S_022.3	1360	1209	1484	92	2281	1173	81	511	2459	393	1043	936	543	434	479	1742	4079	41	236	940	219	1839
ASV_13_16S_022.3	739	1594	2363	1618	880	1039	259	2736	579	159	1484	3555	2861	767	740	1988	2029	229	1138	1683	422	2021
ASV_14_16S_022.3	376	993	1250	897	2077	972	267	1563	1175	336	481	3588	2626	841	1020	843	2108	250	1191	2735	842	828
ASV_15_16S_022.3	700	760	1234	2257	793	589	163	2329	464	165	1310	2818	3363	535	707	1328	2683	143	1154	2047	675	1152
ASV_16_16S_022.3	0	430	263	12	8	30	17	397	76	0	0	499	48	67	97	164	0	0	243	17	129	34
ASV_19_16S_022.3	206	337	795	2156	853	165	164	1771	399	182	2049	745	1929	458	577	1040	1646	159	1414	1018	266	550
ASV_22_16S_022.3	284	734	1377	1871	2086	610	94	1584	692	219	896	1536	1112	1191	999	467	2265	206	815	1904	457	2172
ASV_23_16S_022.3	187	199	665	1330	336	495	47	678	757	565	2055	2277	1501	319	109	217	731	103	293	4777	372	1280
ASV_24_16S_022.3	78	368	1142	528	217	397	268	1610	358	68	983	1065	1988	1050	668	1249	557	221	588	4181	879	1919
ASV_26_16S_022.3	437	497	799	814	626	596	129	1159	381	137	805	2960	1387	267	324	534	1077	176	843	1643	697	398
ASV_27_16S_022.3	24	148	175	0	40	56	15	120	89	52	53	229	246	78	89	46	38	0	74	213	128	57
ASV_29_16S_022.3	0	41	3761	12116	4295	26	0	0	0	0	0	0	0	0	0	0	0	0	0	0	0	0
ASV_31_16S_022.3	449	581	528	1509	803	535	142	1177	390	184	1179	2012	1444	323	298	432	1288	288	1352	974	428	518
ASV_35_16S_022.3	15	16	34	43	31	17	3	81	13	35	44	35	80	57	24	30	66	19	51	50	26	26
ASV_38_16S_022.3	254	853	1224	1063	284	892	289	591	268	65	978	1153	1812	359	322	949	1022	115	475	1811	330	1579
ASV_39_16S_022.3	190	165	647	1787	327	425	58	439	374	46	407	865	2620	209	452	639	2765	387	1157	2310	109	496
ASV_40_16S_022.3	0	0	0	0	20	24	0	45	46	8	0	19	64	32	0	9	86	0	0	0	0	0
ASV_41_16S_022.3	0	14	237	0	0	0	0	212	0	0	0	0	47	283	309	127	0	0	0	0	0	0
ASV_43_16S_022.3	214	286	789	1308	1059	271	0	1223	467	154	346	584	883	1180	486	414	1565	128	701	1219	143	1322
ASV_46_16S_022.3	105	103	422	335	121	151	103	946	111	61	483	1149	661	876	227	1180	111	78	353	1158	189	266
ASV_48_16S_022.3	262	425	1547	907	329	893	135	1291	290	55	329	548	914	578	243	969	1426	111	222	2133	402	250
ASV_49_16S_022.3	167	519	706	149	31	331	74	687	131	9	979	1257	1240	348	473	1287	198	70	301	820	115	1097
ASV_53_16S_022.3	197	1399	2894	37	8	389	99	676	80	5	29	908	2176	378	132	47	21	0	233	505	169	319
ASV_55_16S_022.3	225	287	934	384	53	291	41	1417	164	50	147	875	3059	685	142	599	459	55	656	839	464	776
ASV_56_16S_022.3	77	253	823	189	109	136	101	314	116	0	364	632	1481	290	453	387	175	53	513	1575	733	362
ASV_58_16S_022.3	0	0	0	10	23	36	8	36	0	108	412	381	319	0	0	0	0	0	6	0	0	23
ASV_62_16S_022.3	360	377	750	482	253	432	113	1184	154	61	378	1255	1159	178	211	475	630	96	554	947	319	271
ASV_67_16S_022.3	79	190	575	855	78	127	8	551	36	18	189	311	80	12	62	181	314	15	98	0	62	43
ASV_68_16S_022.3	136	271	222	288	366	229	50	139	62	40	191	336	215	97	52	111	437	45	237	593	116	129
ASV_69_16S_022.3	120	234	401	615	369	220	129	1017	286	57	589	586	1268	358	125	231	795	69	358	1102	161	727
ASV_70_16S_022.3	463	311	511	126	461	486	171	771	240	93	600	757	248	107	147	273	1468	114	1402	622	92	149
ASV_72_16S_022.3	87	372	387	318	414	354	23	354	159	72	283	677	382	202	215	91	428	36	271	527	125	210
ASV_77_16S_022.3	243	347	302	546	131	55	26	1144	26	25	598	326	2521	48	163	116	558	20	1185	513	37	13
ASV_79_16S_022.3	208	217	705	686	250	285	161	599	184	79	451	613	519	185	377	420	361	56	289	414	156	328
ASV_80_16S_022.3	161	413	361	143	218	243	47	376	170	55	94	1062	895	189	318	174	558	19	273	329	179	316
ASV_87_16S_022.3	0	26	564	470	171	56	543	38	67	24	119	88	20	294	67	350	0	57	1139	2888	362	150
ASV_88_16S_022.3	199	399	439	1004	62	220	78	417	29	49	410	1159	528	181	185	135	54	52	608	667	103	242
ASV_90_16S_022.3	0	69	750	51	0	0	0	595	77	0	40	50	1720	129	32	491	0	0	112	1756	29	224
ASV_91_16S_022.3	111	155	140	42	65	112	25	208	49	0	606	737	121	42	101	632	164	26	139	153	7	740
ASV_94_16S_022.3	0	0	0	0	0	0	0	0	22	0	0	0	0	74	31	0	0	0	0	0	0	10
ASV_95_16S_022.3	15	162	587	342	128	330	56	227	78	21	552	345	388	162	130	198	175	30	69	620	196	188
ASV_96_16S_022.3	231	24	262	768	0	197	340	73	176	28	84	784	1015	0	0	246	281	52	256	88	196	60
ASV_97_16S_022.3	0	79	63	83	34	88	0	45	0	0	136	128	91	0	0	59	69	0	100	55	0	45
ASV_100_16S_022.3	3002	0	10	35	1364	6	0	0	0	0	0	0	0	0	0	0	0	0	0	0	0	0
ASV_101_16S_022.3	78	70	100	225	3517	106	35	137	0	0	90	107	565	132	19	44	279	49	475	256	132	0
ASV_103_16S_022.3	83	574	616	144	135	63	21	288	62	0	35	1202	223	54	220	170	60	0	96	105	94	220
ASV_104_16S_022.3	27	93	169	96	123	52	19	135	38	61	71	60	145	87	64	70	234	58	39	212	44	69
ASV_106_16S_022.3	0	10	19	0	0	26	0	0	0	0	157	0	0	16	0	14	0	0	0	29	0	0
ASV_107_16S_022.3	193	138	194	353	72	230	27	741	27	71	1592	435	962	27	92	300	459	27	538	355	26	15
ASV_110_16S_022.3	0	0	54	128	116	51	0	125	40	0	0	135	159	46	0	52	135	0	29	114	62	39
ASV_111_16S_022.3	109	36	123	542	303	38	0	143	38	0	106	82	83	0	23	80	683	27	48	49	41	83
ASV_112_16S_022.3	42	55	196	109	86	100	27	291	30	22	366	834	163	59	53	536	163	60	147	127	36	160
ASV_113_16S_022.3	0	0	42	58	24	0	14	85	26	10	15	186	139	42	42	95	68	0	7	0	0	0
ASV_116_16S_022.3	106	354	756	260	228	173	31	453	166	41	165	740	360	245	304	494	270	48	158	339	141	343
ASV_117_16S_022.3	76	249	340	364	270	250	143	351	141	40	272	530	925	179	123	153	202	63	377	640	131	400
ASV_118_16S_022.3	291	261	418	634	220	165	69	340	72	27	113	137	268	77	122	319	1141	54	171	753	316	238
ASV_120_16S_022.3	0	653	707	11	0	154	55	59	95	0	10	57	865	191	85	43	13	0	32	695	353	72
ASV_125_16S_022.3	28	194	768	53	24	94	102	331	130	0	29	352	411	475	215	150	64	21	190	896	199	387
ASV_126_16S_022.3	54	76	100	204	216	160	30	272	58	28	37	487	570	98	36	99	142	39	110	536	60	163
ASV_127_16S_022.3	0	0	0	0	12	0	0	359	263	0	102	0	0	0	0	1313	0	0	0	0	0	0
ASV_128_16S_022.3	105	170	164	274	184	244	25	161	39	19	92	212	191	75	32	112	450	29	140	620	152	98
ASV_131_16S_022.3	30	59	69	54	39	49	15	58	0	0	24	210	191	104	42	0	44	0	33	78	25	53
ASV_133_16S_022.3	0	6	70	0	14	0	4	75	24	0	0	0	13	42	30	66	106	0	0	0	0	227
ASV_142_16S_022.3	0	0	0	17	0	0	0	40	0	24	9	6608	136	0	9	0	0	0	0	0	0	0
ASV_149_16S_022.3	85	154	207	242	205	258	80	232	163	68	127	408	228	116	83	65	184	58	245	291	105	109
ASV_155_16S_022.3	73	232	206	306	353	143	0	132	0	0	78	109	138	71	0	89	590	0	157	513	101	78
ASV_159_16S_022.3	114	183	204	302	381	261	25	205	57	64	174	325	156	89	37	74	573	37	212	769	123	131
ASV_160_16S_022.3	33	74	100	192	187	44	0	82	40	0	60	57	65	36	30	75	245	0	94	221	42	0
ASV_163_16S_022.3	0	57	125	6	0	40	0	41	0	8	6	36	11	0	0	9	55	0	102	0	0	13
ASV_165_16S_022.3	157	521	390	175	164	97	11	314	81	22	157	800	177	30	72	250	83	40	144	121	39	130
ASV_167_16S_022.3	99	134	226	192	110	156	64	435	109	29	124	169	279	260	125	88	201	29	260	420	111	95
ASV_171_16S_022.3	21	74	264	98	23	59	14	176	55	67	251	571	279	90	107	476	160	11	66	293	39	126
ASV_172_16S_022.3	205	79	388	365	1096	44	0	131	29	29	12	111	213	0	126	48	740	28	195	0	48	19
ASV_173_16S_022.3	63	350	244	157	127	62	0	180	50	30	102	763	144	33	75	52	34	28	65	248	102	334
ASV_174_16S_022.3	319	112	197	446	16	53	16	584	21	6	316	74	419	22	43	80	15	18	352	427	51	22
ASV_175_16S_022.3	65	42	204	276	249	0	0	103	52	0	0	141	67	0	42	62	501	0	58	76	0	57
ASV_182_16S_022.3	0	116	142	102	80	230	0	48	0	0	474	298	82	84	70	106	108	39	100	180	36	55
ASV_183_16S_022.3	57	118	256	220	311	161	51	159	83	45	120	169	192	116	43	56	190	40	194	469	83	138
ASV_184_16S_022.3	0	84	136	0	0	136	0	137	0	0	851	160	70	116	113	354	51	0	88	208	0	350
ASV_186_16S_022.3	14	5004	10	0	0	0	38	0	0	0	0	0	0	0	0	0	0	0	0	0	0	0
ASV_190_16S_022.3	80	165	491	403	124	194	44	223	99	0	179	93	112	84	0	201	455	73	114	360	115	110
ASV_191_16S_022.3	0	184	151	0	0	30	0	183	69	0	49	2543	69	65	211	173	0	0	0	67	0	86
ASV_198_16S_022.3	71	229	534	37	125	141	0	272	46	0	85	180	151	39	54	152	746	0	382	328	95	35
ASV_200_16S_022.3	17	29	103	240	87	0	19	125	36	21	14	31	204	28	28	212	106	31	116	97	19	99
ASV_201_16S_022.3	206	93	160	0	146	316	86	133	49	134	93	407	280	0	0	0	163	54	542	201	111	0
ASV_204_16S_022.3	0	103	271	59	92	59	0	171	0	0	0	71	150	0	0	78	117	0	0	172	0	56
ASV_205_16S_022.3	0	52	28	0	0	20	0	134	32	0	177	1421	99	31	36	367	0	0	105	56	0	185
ASV_206_16S_022.3	0	112	138	0	0	0	16	63	0	0	0	0	436	55	63	0	0	0	0	143	44	65
ASV_209_16S_022.3	0	135	339	4	0	254	48	51	0	0	0	278	805	37	0	42	109	0	130	938	89	77
ASV_208_16S_022.3	110	41	66	250	173	183	43	220	125	46	140	268	193	57	98	119	334	98	127	131	114	111
ASV_213_16S_022.3	206	107	123	80	116	248	27	218	80	33	71	272	114	69	31	54	294	56	319	212	46	35
ASV_216_16S_022.3	64	43	31	34	103	66	38	34	68	19	12	78	47	68	32	19	14	48	15	94	103	30
ASV_217_16S_022.3	51	122	131	52	103	50	9	44	15	0	0	26	42	0	0	19	123	0	23	78	32	0
ASV_219_16S_022.3	34	45	375	132	82	114	55	246	39	0	180	418	182	102	104	252	407	22	105	189	42	144
ASV_224_16S_022.3	0	114	140	179	153	93	0	122	31	0	0	0	141	0	0	0	226	0	0	293	0	69
ASV_225_16S_022.3	18	37	41	211	76	9	0	13	7	3	100	73	71	0	0	0	24	22	53	12	0	21
ASV_229_16S_022.3	17	11	7	17	60	370	13	481	13	0	100	16	16	0	22	399	29	21	90	0	51	0
ASV_230_16S_022.3	77	33	25	47	114	236	44	287	115	26	159	179	713	72	33	52	181	32	147	214	59	161
ASV_232_16S_022.3	66	58	66	194	11	92	8	230	56	11	167	246	151	82	87	160	74	0	370	298	119	64
ASV_233_16S_022.3	37	56	90	184	188	44	0	80	29	0	86	43	102	31	31	68	275	0	69	124	23	0
ASV_235_16S_022.3	0	45	33	61	40	30	31	30	49	32	18	45	16	55	59	43	14	22	32	27	54	74
ASV_237_16S_022.3	9	21	67	48	17	23	25	58	14	5	60	79	116	27	31	52	50	14	40	66	23	49
ASV_238_16S_022.3	43	134	94	92	79	98	0	47	0	0	42	124	72	0	0	44	95	0	77	158	0	0
ASV_240_16S_022.3	37	23	168	120	66	34	0	400	24	0	35	66	112	504	269	67	176	0	51	190	31	320
ASV_241_16S_022.3	32	125	105	182	32	174	167	380	36	14	163	279	197	92	0	114	56	25	54	907	59	46
ASV_244_16S_022.3	53	106	223	328	94	55	12	348	142	9	96	301	162	63	60	233	229	24	70	92	43	117
ASV_248_16S_022.3	43	64	231	0	41	0	0	45	34	0	67	616	159	98	30	106	22	0	0	46	7	179
ASV_251_16S_022.3	0	101	123	0	0	104	0	81	32	0	1799	119	70	51	0	192	34	0	32	165	0	164
ASV_252_16S_022.3	0	0	0	0	10	477	200	0	0	0	0	0	0	0	0	114	0	0	0	0	0	0
ASV_254_16S_022.3	20	5	43	156	147	35	36	419	15	0	224	21	37	572	181	105	125	24	66	246	33	63
ASV_256_16S_022.3	59	164	159	257	127	202	96	127	40	43	77	412	218	61	29	39	187	19	109	172	60	15
ASV_259_16S_022.3	0	49	128	0	0	83	11	46	0	0	880	103	74	106	67	169	23	0	22	260	31	89
ASV_260_16S_022.3	56	78	115	139	109	153	0	79	0	0	43	98	63	20	30	60	249	0	66	287	56	0
ASV_266_16S_022.3	61	72	57	196	100	81	7	131	16	34	80	330	118	32	0	34	101	18	345	885	79	0
ASV_270_16S_022.3	55	84	111	93	14	111	47	254	54	0	99	306	844	0	28	71	111	0	112	43	10	20
ASV_271_16S_022.3	0	19	80	16	12	11	0	85	0	0	85	159	44	49	32	183	35	0	18	104	0	41
ASV_274_16S_022.3	56	40	14	41	98	66	21	19	54	43	52	47	29	57	35	10	21	0	6	30	126	39
ASV_275_16S_022.3	29	519	97	0	85	165	24	242	20	31	435	712	65	0	19	36	30	19	69	16	0	18
ASV_279_16S_022.3	114	152	183	73	0	143	40	163	92	47	28	333	147	0	67	144	232	66	85	262	77	63
ASV_280_16S_022.3	0	0	0	0	119	94	0	514	40	0	240	0	0	0	0	312	35	18	81	0	23	23
ASV_281_16S_022.3	12	20	102	16	6	0	0	39	0	0	0	29	84	8	28	11	33	0	0	12	0	15
ASV_282_16S_022.3	27	157	213	57	61	35	0	138	42	0	49	328	132	0	40	125	33	0	91	66	0	40
ASV_284_16S_022.3	0	0	0	120	75	0	0	79	0	0	0	0	54	0	0	58	149	0	49	88	0	57
ASV_285_16S_022.3	31	68	170	0	0	9	0	339	0	0	0	45	1080	41	108	293	34	0	0	173	0	15
ASV_286_16S_022.3	0	0	0	0	0	42	0	26	0	0	56	0	7	0	0	0	0	0	0	0	0	0
ASV_289_16S_022.3	14	7	0	4	6	0	4	7	0	0	19	0	12	0	7	0	0	0	12	6	0	4
ASV_292_16S_022.3	112	138	137	168	139	92	74	134	32	31	59	168	208	69	0	50	195	0	147	117	62	84
ASV_293_16S_022.3	0	53	195	0	0	0	0	263	84	14	0	388	279	29	43	291	26	50	175	109	79	49
ASV_299_16S_022.3	100	36	144	246	237	38	0	113	58	0	80	131	97	38	21	74	434	46	52	70	47	40
ASV_302_16S_022.3	0	36	26	23	34	9	19	63	27	7	75	543	242	145	152	142	24	0	34	49	19	42
ASV_305_16S_022.3	59	44	48	11	58	91	31	38	0	36	193	55	266	0	0	16	367	0	536	233	0	0
ASV_306_16S_022.3	48	116	131	52	33	56	23	102	53	3	177	209	173	74	53	163	19	15	65	170	15	219
ASV_313_16S_022.3	11	184	82	0	95	53	39	79	0	20	63	88	213	58	0	24	323	16	125	467	110	47
ASV_314_16S_022.3	46	140	133	18	77	235	0	63	22	0	0	573	141	0	0	0	59	0	149	266	60	47
ASV_315_16S_022.3	0	0	299	0	0	0	0	0	0	0	0	0	442	0	257	0	0	0	0	499	0	0
ASV_318_16S_022.3	0	0	0	22	28	0	0	37	0	0	0	0	0	0	0	0	39	0	0	0	0	0
ASV_319_16S_022.3	0	65	96	59	84	49	38	32	0	0	200	42	709	80	34	69	84	37	73	256	129	144
ASV_322_16S_022.3	57	64	73	136	93	39	0	88	0	0	132	156	128	0	0	24	98	36	100	117	36	56
ASV_323_16S_022.3	136	101	178	0	56	206	75	52	0	0	0	150	513	0	0	58	111	0	168	129	65	0
ASV_326_16S_022.3	41	128	148	46	34	90	35	123	55	12	41	356	167	0	0	0	69	0	225	403	157	71
ASV_328_16S_022.3	0	3	13	18	9	0	7	8	9	0	6	22	17	2	6	8	17	0	10	14	10	13
ASV_329_16S_022.3	35	106	68	82	73	131	51	69	23	17	139	239	216	40	0	46	68	31	70	317	37	57
ASV_330_16S_022.3	0	147	89	102	134	197	0	88	0	0	108	252	114	50	0	80	233	0	75	232	0	0
ASV_333_16S_022.3	0	0	0	0	53	8	0	0	0	0	15	15	72	0	0	0	0	0	44	13	0	0
ASV_336_16S_022.3	61	81	165	154	54	76	0	167	30	0	60	184	322	25	0	54	259	0	86	208	53	55
ASV_337_16S_022.3	6	11	53	34	21	43	41	30	20	1	38	48	22	42	15	49	43	1	24	86	11	31
ASV_341_16S_022.3	9	33	32	14	62	0	0	31	34	0	19	303	30	58	21	79	154	9	11	39	33	76
ASV_342_16S_022.3	0	48	138	61	19	0	16	60	30	0	77	107	71	54	73	95	110	0	78	239	149	103
ASV_345_16S_022.3	18	17	27	40	29	45	13	19	107	43	0	25	19	27	31	0	25	69	16	21	71	31
ASV_346_16S_022.3	0	114	67	0	100	168	59	67	0	0	0	452	103	62	0	0	126	0	212	265	76	48
ASV_348_16S_022.3	0	0	0	62	499	33	0	0	25	21	0	0	38	0	45	0	0	0	43	80	0	22
ASV_349_16S_022.3	27	59	51	0	32	124	0	41	0	0	453	581	0	0	0	0	24	67	347	139	20	24
ASV_352_16S_022.3	10	22	121	21	0	18	8	161	0	10	60	52	959	6	18	35	11	7	32	245	28	8
ASV_353_16S_022.3	0	23	65	0	0	0	0	90	24	0	0	0	325	0	30	76	90	0	35	298	27	674
ASV_356_16S_022.3	0	265	117	0	0	0	3	85	6	0	0	112	0	0	15	0	0	0	0	0	21	19
ASV_359_16S_022.3	0	0	0	5	6	0	0	68	12	0	10	10	25	24	0	76	9	0	19	25	0	8
ASV_361_16S_022.3	32	38	85	169	111	16	0	68	24	0	47	35	43	0	28	31	170	0	38	124	13	17
ASV_362_16S_022.3	20	68	55	49	38	24	0	37	11	0	13	80	52	44	24	57	77	0	39	60	21	0
ASV_365_16S_022.3	0	26	16	34	48	30	26	18	11	13	0	39	22	31	11	15	28	27	26	44	51	0
ASV_366_16S_022.3	74	59	134	114	57	125	14	8	52	16	49	158	89	62	48	230	76	15	39	126	42	71
ASV_375_16S_022.3	50	96	93	109	171	82	8	69	17	25	68	123	42	37	12	14	196	14	101	255	36	35
ASV_376_16S_022.3	41	49	96	77	52	34	0	203	37	20	16	159	81	57	62	93	145	0	17	135	53	67
ASV_391_16S_022.3	47	67	161	97	42	47	23	172	22	10	106	149	223	58	36	66	57	16	80	171	0	47
ASV_393_16S_022.3	37	61	151	162	55	53	0	61	62	19	77	58	103	62	63	44	88	0	110	56	44	142
ASV_394_16S_022.3	67	0	143	165	482	0	0	82	0	0	0	65	92	0	0	31	296	0	105	0	36	0
ASV_395_16S_022.3	84	20	96	443	243	24	0	148	16	0	12	35	69	0	14	62	291	10	38	39	36	24
ASV_398_16S_022.3	0	17	47	7	0	3	0	16	0	0	0	40	139	29	9	0	0	4	41	222	37	16
ASV_399_16S_022.3	52	114	129	112	143	47	0	57	39	31	30	84	62	0	0	39	233	0	50	155	25	42
ASV_400_16S_022.3	15	8	13	11	21	28	5	11	54	33	12	38	6	5	28	9	7	29	19	31	31	88
ASV_403_16S_022.3	58	59	49	65	62	47	0	167	34	0	41	128	131	91	0	73	103	20	52	97	114	78
ASV_404_16S_022.3	48	45	134	224	17	72	0	172	15	6	72	76	89	39	47	32	66	0	48	268	68	45
ASV_405_16S_022.3	57	14	7	37	24	22	0	43	40	27	9	6	0	26	94	8	8	38	25	46	17	70
ASV_409_16S_022.3	17	120	109	41	6	0	25	132	39	14	36	141	94	0	59	44	60	7	55	114	61	90
ASV_413_16S_022.3	0	0	0	0	0	22	0	5	0	0	20	22	0	0	0	10	29	0	0	0	0	0
ASV_417_16S_022.3	0	0	0	0	0	0	0	37	0	0	0	16	30	48	0	91	8	0	61	122	0	0
ASV_418_16S_022.3	57	294	142	104	0	41	0	266	0	0	96	286	62	0	0	100	113	24	50	26	26	28
ASV_420_16S_022.3	37	0	52	76	0	53	0	56	48	0	0	48	277	92	63	0	0	0	301	171	0	53
ASV_425_16S_022.3	246	153	242	5	12	153	0	0	0	0	0	82	112	0	0	0	0	0	0	14	142	2
ASV_427_16S_022.3	20	45	81	71	84	40	0	51	27	0	19	34	43	0	47	28	166	0	28	99	44	31
ASV_429_16S_022.3	0	23	35	141	21	0	0	81	29	0	10	185	115	0	6	0	22	0	0	0	0	45
ASV_432_16S_022.3	52	0	30	0	15	252	0	34	46	0	0	285	113	0	0	0	0	0	71	145	79	0
ASV_431_16S_022.3	48	7	0	17	101	23	27	26	29	20	26	22	19	27	10	0	19	14	22	30	23	42
ASV_433_16S_022.3	48	71	73	149	225	76	24	70	0	0	63	95	42	0	0	36	195	32	69	228	59	0
ASV_436_16S_022.3	45	89	128	43	0	44	0	0	29	8	63	273	69	28	0	38	35	0	33	97	53	70
ASV_437_16S_022.3	20	12	7	36	34	40	0	12	16	15	8	11	0	0	20	0	15	26	14	22	49	0
ASV_438_16S_022.3	20	51	93	139	63	51	18	86	0	14	44	109	152	73	32	45	121	0	90	142	31	66
ASV_442_16S_022.3	0	43	47	37	0	41	0	76	0	0	58	208	69	0	111	269	63	22	51	37	20	81
ASV_443_16S_022.3	0	47	79	53	37	64	16	47	33	0	362	46	105	60	45	119	10	0	24	230	15	53
ASV_446_16S_022.3	54	26	118	199	159	43	0	123	44	0	61	82	63	0	0	40	342	0	41	56	31	41
ASV_447_16S_022.3	0	32	93	90	0	38	37	50	0	0	157	34	379	28	0	84	94	17	48	59	18	39
ASV_448_16S_022.3	0	19	8	23	53	10	50	11	27	0	14	19	21	36	0	0	21	14	11	50	21	74
ASV_457_16S_022.3	0	48	113	0	0	38	56	203	27	43	37	249	131	111	0	0	0	0	18	253	53	27
ASV_471_16S_022.3	0	104	168	59	76	87	0	79	0	0	75	0	0	50	37	0	121	0	0	351	87	0
ASV_473_16S_022.3	20	9	14	7	29	18	26	3	22	4	5	16	7	30	26	7	12	30	6	67	0	55
ASV_481_16S_022.3	0	63	14	0	0	0	0	0	0	0	0	11	43	0	3	0	0	0	0	0	16	0
ASV_483_16S_022.3	0	0	0	2	8	0	0	0	0	5	0	8	68	34	7	0	0	0	25	0	0	0
ASV_484_16S_022.3	0	31	61	22	0	11	0	0	0	7	26	127	48	0	0	26	0	6	6	25	0	12
ASV_485_16S_022.3	0	0	0	0	0	174	8	0	0	0	0	0	20	0	0	14	0	0	0	0	0	0
ASV_487_16S_022.3	0	0	0	0	0	0	0	0	0	0	72	26	365	15	0	0	39	0	696	236	18	0
ASV_489_16S_022.3	0	0	26	55	53	29	0	30	0	0	24	45	31	15	9	0	133	0	39	111	0	0
ASV_491_16S_022.3	0	0	91	131	85	0	0	98	0	0	0	18	82	0	23	55	93	0	0	0	0	25
ASV_492_16S_022.3	2	15	28	91	100	23	9	30	21	36	43	9	5	21	69	98	138	17	9	42	15	35
ASV_498_16S_022.3	0	70	79	94	132	61	0	69	0	0	47	85	50	0	0	0	130	16	88	157	46	49
ASV_501_16S_022.3	0	0	0	0	173	63	0	19	25	8	4	31	61	0	0	126	0	0	11	0	0	0
ASV_508_16S_022.3	17	6	10	171	15	18	0	0	92	30	12	87	0	10	2	153	3	0	71	133	8	11
ASV_510_16S_022.3	0	10	356	0	0	0	0	26	5	0	0	0	30	234	80	0	0	0	0	0	0	22
ASV_513_16S_022.3	0	0	0	0	9	194	28	13	10	0	0	0	0	0	0	0	0	0	0	0	0	0
ASV_515_16S_022.3	0	16	5	0	0	0	0	8	0	0	0	64	31	0	0	0	0	0	0	17	0	9
ASV_516_16S_022.3	6	0	0	52	31	31	10	0	0	0	15	15	23	6	4	0	52	23	86	14	8	0
ASV_518_16S_022.3	3	646	163	2	0	0	21	25	0	0	0	15	23	24	32	45	0	0	0	0	0	0
ASV_520_16S_022.3	0	53	67	17	19	95	9	18	0	0	7	127	127	64	25	0	107	0	26	251	92	13
ASV_521_16S_022.3	0	121	124	0	0	0	0	130	0	0	90	118	45	0	26	49	0	0	22	73	0	134
ASV_525_16S_022.3	6	14	45	10	0	28	0	4	0	0	19	87	6	17	22	19	0	0	5	18	0	19
ASV_526_16S_022.3	0	0	0	0	17	137	26	13	22	0	0	0	61	0	0	0	0	0	0	0	0	0
ASV_527_16S_022.3	44	0	6	9	0	6	0	0	0	0	119	92	28	12	16	16	214	0	23	57	0	19
ASV_528_16S_022.3	0	23	222	20	0	157	11	12	16	0	93	60	21	155	4	100	0	10	17	84	9	56
ASV_532_16S_022.3	0	0	46	0	14	13	0	4	12	0	0	59	29	0	40	47	8	0	15	92	12	0
ASV_534_16S_022.3	0	52	129	0	0	51	0	130	0	0	50	179	304	37	0	37	0	0	72	161	69	53
ASV_536_16S_022.3	0	14	10	27	32	31	22	21	0	0	0	47	16	8	20	0	0	9	10	27	56	19
ASV_537_16S_022.3	15	5	24	17	48	25	0	14	17	9	3	25	0	32	7	3	0	7	0	7	13	44
ASV_541_16S_022.3	0	96	0	0	0	251	0	48	21	0	0	88	98	0	0	0	123	0	0	54	92	0
ASV_544_16S_022.3	0	0	0	7	0	0	0	37	0	0	11	18	10	13	18	101	0	0	0	25	0	0
ASV_546_16S_022.3	0	0	31	65	6	18	4	60	22	23	15	0	93	82	10	0	0	0	0	6	0	0
ASV_547_16S_022.3	4	56	116	0	0	0	0	0	11	0	0	82	0	0	7	0	0	0	0	0	0	0
ASV_554_16S_022.3	0	580	137	0	0	0	0	87	0	0	0	173	0	0	0	0	0	0	0	0	38	13
ASV_557_16S_022.3	0	46	118	152	87	0	0	152	41	0	0	60	0	0	0	0	90	0	136	0	0	0
ASV_559_16S_022.3	5	16	10	0	0	3	0	13	3	0	5	79	55	0	0	6	29	0	11	4	6	17
ASV_565_16S_022.3	0	47	217	0	0	0	0	55	11	0	0	22	117	23	17	26	0	0	0	53	0	0
ASV_567_16S_022.3	10	33	82	43	0	21	0	66	18	4	33	44	220	46	22	17	17	0	20	88	28	112
ASV_572_16S_022.3	0	32	146	61	0	58	0	101	0	0	50	29	79	0	26	52	30	0	61	221	60	42
ASV_573_16S_022.3	0	25	49	0	9	0	30	40	19	0	14	58	164	78	0	124	0	0	28	45	0	0
ASV_581_16S_022.3	0	66	59	0	0	0	0	0	18	0	0	0	116	123	36	26	0	0	56	87	0	41
ASV_588_16S_022.3	0	0	0	0	0	0	0	0	0	12	0	43	0	0	0	0	32	0	14	0	85	0
ASV_594_16S_022.3	34	208	30	0	59	227	0	81	0	0	0	128	0	7	0	0	181	0	19	0	0	0
ASV_595_16S_022.3	0	73	67	0	0	54	0	47	0	0	0	60	0	0	0	0	0	0	0	64	0	0
ASV_598_16S_022.3	0	47	62	95	136	0	0	53	0	0	0	0	36	28	38	59	154	0	0	111	0	0
ASV_600_16S_022.3	0	18	86	0	13	0	0	65	0	0	0	0	26	65	0	51	0	0	18	27	0	54
ASV_603_16S_022.3	0	0	10	0	2	73	35	55	0	18	87	89	98	12	0	3	18	0	127	234	0	30
ASV_604_16S_022.3	0	0	0	0	10	195	31	114	172	0	0	4	0	0	0	32	0	0	0	0	0	0
ASV_607_16S_022.3	36	110	31	55	110	42	12	138	0	0	23	106	103	13	0	0	0	0	12	118	21	0
ASV_608_16S_022.3	2	39	73	54	10	30	10	59	13	8	38	122	110	12	23	28	23	5	31	105	33	28
ASV_611_16S_022.3	0	20	32	19	16	0	0	88	6	0	0	155	58	52	111	67	0	0	5	19	0	50
ASV_614_16S_022.3	8	61	46	0	5	9	0	34	48	0	24	420	12	32	77	31	6	9	0	50	0	50
ASV_613_16S_022.3	0	20	91	36	37	0	0	60	16	0	0	0	0	21	0	0	0	0	0	0	0	9
ASV_618_16S_022.3	0	28	46	0	0	37	0	0	0	0	44	56	86	51	21	28	43	0	33	360	37	38
ASV_619_16S_022.3	0	26	134	10	5	30	7	32	11	0	147	41	5	89	29	57	0	6	10	159	24	30
ASV_620_16S_022.3	0	0	26	39	0	11	0	0	40	0	0	40	43	0	36	32	54	8	24	46	0	48
ASV_622_16S_022.3	0	83	68	23	5	12	24	21	32	16	51	1	30	0	23	3	22	57	74	32	0	0
ASV_623_16S_022.3	0	0	37	49	24	0	0	37	0	0	50	66	0	42	42	48	59	0	0	256	0	0
ASV_626_16S_022.3	0	15	21	0	0	0	0	38	16	0	0	23	33	35	0	47	0	0	50	62	0	33
ASV_628_16S_022.3	14	12	0	20	29	37	0	0	8	10	0	13	14	7	29	7	4	23	0	6	6	20
ASV_629_16S_022.3	0	0	0	55	33	0	0	122	0	0	36	15	5	46	0	14	0	12	19	527	7	7
ASV_631_16S_022.3	28	26	50	51	49	17	0	26	0	18	20	24	13	0	0	0	14	0	0	12	0	0
ASV_635_16S_022.3	0	0	0	69	63	0	0	111	0	0	0	169	110	0	0	0	0	0	0	0	0	0
ASV_639_16S_022.3	0	2	39	9	7	11	0	0	0	0	0	27	42	29	7	10	6	0	3	72	20	0
ASV_645_16S_022.3	0	346	357	0	0	0	0	0	0	0	0	294	0	0	0	0	0	0	0	0	36	0
ASV_649_16S_022.3	0	19	15	0	0	0	0	0	11	0	0	0	85	66	85	11	0	0	0	0	0	16
ASV_652_16S_022.3	1	7	5	24	24	9	0	7	9	0	13	0	14	0	7	6	20	0	2	29	8	4
ASV_653_16S_022.3	13	66	52	41	19	0	21	51	0	0	116	132	209	0	76	37	20	0	28	28	0	0
ASV_651_16S_022.3	0	6	0	297	149	3	9	9	5	0	0	0	34	0	0	0	0	0	8	0	0	0
ASV_659_16S_022.3	13	19	33	87	74	28	0	65	0	0	33	55	29	24	0	32	112	0	19	77	14	42
ASV_660_16S_022.3	8	0	24	0	6	37	17	14	17	12	17	33	0	0	4	6	0	0	0	0	0	17
ASV_661_16S_022.3	0	0	42	21	9	50	0	0	0	0	50	0	4	0	0	0	3	0	23	56	0	0
ASV_668_16S_022.3	0	15	80	0	7	85	8	0	0	12	232	88	78	30	0	0	0	0	0	15	0	0
ASV_669_16S_022.3	10	0	12	0	88	16	11	15	12	37	0	11	0	3	45	12	20	0	11	20	0	21
ASV_677_16S_022.3	0	0	52	0	55	0	0	138	41	0	74	84	0	0	0	83	172	0	0	71	0	0
ASV_678_16S_022.3	0	0	0	16	0	18	11	19	12	0	4	19	44	99	16	0	18	0	0	0	0	0
ASV_680_16S_022.3	0	0	0	15	15	0	16	0	7	0	0	18	0	0	0	0	0	8	0	23	0	9
ASV_681_16S_022.3	0	114	100	0	0	0	0	26	0	0	40	257	0	0	0	60	0	0	0	0	0	129
ASV_682_16S_022.3	0	0	0	0	0	0	0	39	29	0	0	220	0	0	0	33	0	0	0	0	0	98
ASV_684_16S_022.3	28	14	16	19	50	0	0	15	0	10	0	16	14	7	21	4	0	24	0	8	26	39
ASV_698_16S_022.3	0	39	87	0	0	0	0	0	0	0	0	285	0	0	0	0	0	0	0	0	0	330
ASV_700_16S_022.3	0	63	52	60	152	0	0	47	0	0	42	77	0	32	0	0	88	0	0	73	0	0
ASV_701_16S_022.3	0	0	58	74	103	58	0	39	0	0	87	97	0	0	0	30	0	0	0	46	0	0
ASV_712_16S_022.3	10	0	0	154	107	35	0	0	0	13	124	0	0	0	0	0	198	16	34	0	48	15
ASV_719_16S_022.3	0	36	40	72	0	0	6	56	10	0	0	43	67	25	36	43	0	0	0	191	0	0
ASV_724_16S_022.3	0	0	97	0	0	8	0	0	0	0	418	0	0	126	0	4	0	0	0	14	0	0
ASV_726_16S_022.3	0	45	79	0	0	0	0	83	48	0	0	0	95	85	0	0	0	0	0	0	0	26
ASV_727_16S_022.3	0	65	70	53	0	17	0	24	25	0	0	30	59	26	30	27	72	22	0	58	11	14
ASV_731_16S_022.3	44	130	93	23	13	24	4	0	0	8	12	43	36	5	0	3	177	9	6	145	15	2
ASV_733_16S_022.3	0	125	116	0	0	0	0	107	0	0	0	0	172	0	0	18	22	0	0	101	0	0
ASV_742_16S_022.3	0	115	112	0	0	0	0	180	0	0	0	0	196	0	0	51	0	0	0	58	0	0
ASV_745_16S_022.3	6	16	45	69	59	19	0	35	13	14	50	51	28	17	0	12	61	5	23	27	0	23
ASV_748_16S_022.3	0	40	62	0	0	0	0	46	0	0	69	177	103	0	0	127	0	0	63	68	0	63
ASV_753_16S_022.3	0	21	0	15	30	15	0	11	22	0	0	0	0	16	0	0	0	10	8	45	23	0
ASV_757_16S_022.3	9	20	0	9	0	0	13	0	0	0	0	0	0	10	0	0	0	6	0	0	51	11
ASV_760_16S_022.3	0	0	0	0	0	0	13	0	0	19	0	0	0	0	0	0	29	10	65	17	0	0
ASV_759_16S_022.3	22	0	0	66	137	0	0	18	0	0	16	16	12	0	0	13	118	0	0	0	0	0
ASV_766_16S_022.3	0	0	0	120	120	0	0	0	0	0	82	49	0	0	0	0	0	0	152	136	65	95
ASV_770_16S_022.3	0	0	0	0	0	0	0	422	182	0	0	0	0	0	0	85	0	0	10	0	0	0
ASV_772_16S_022.3	0	0	15	0	44	0	28	20	19	20	0	9	0	11	19	9	0	23	0	13	32	9
ASV_773_16S_022.3	39	0	0	284	0	0	0	48	0	0	0	0	0	0	0	45	243	6	42	0	0	19
ASV_777_16S_022.3	0	0	0	0	0	0	0	6	0	0	25	0	38	0	0	0	0	0	0	24	0	13
ASV_780_16S_022.3	25	0	0	16	14	13	5	22	21	0	10	23	19	23	9	10	0	34	14	21	8	20
ASV_783_16S_022.3	24	24	20	22	13	23	0	18	0	0	11	26	20	14	0	50	65	0	61	72	16	16
ASV_787_16S_022.3	20	0	0	28	40	0	0	13	0	33	0	0	0	21	0	0	0	0	0	0	24	0
ASV_788_16S_022.3	0	0	0	0	0	0	26	27	31	0	372	51	0	20	0	0	0	0	0	56	0	46
ASV_790_16S_022.3	48	50	41	26	0	0	0	92	0	0	0	154	65	0	12	0	0	0	0	144	0	0
ASV_791_16S_022.3	0	0	60	0	0	0	17	0	0	0	533	0	0	40	0	0	0	0	0	51	0	0
ASV_802_16S_022.3	0	18	0	0	0	136	0	0	0	0	398	0	0	40	0	0	45	0	24	82	0	0
ASV_807_16S_022.3	0	77	86	33	0	51	9	0	0	0	0	87	33	0	0	0	42	0	51	0	29	0
ASV_808_16S_022.3	0	0	25	0	14	0	0	9	0	0	0	86	0	0	12	12	0	0	0	0	0	24
ASV_813_16S_022.3	25	42	56	38	18	0	0	0	0	0	0	61	0	20	24	81	49	0	77	42	0	0
ASV_816_16S_022.3	0	0	0	0	0	0	32	131	48	0	0	0	27	75	31	0	0	35	88	56	39	59
ASV_822_16S_022.3	8	15	15	28	9	7	15	33	19	6	29	13	15	4	31	27	19	8	14	26	13	11
ASV_825_16S_022.3	0	10	0	0	0	0	0	0	10	0	21	0	0	18	13	47	24	0	0	0	0	76
ASV_826_16S_022.3	0	0	46	0	0	0	0	59	0	0	43	70	184	0	0	0	108	0	86	66	43	0
ASV_828_16S_022.3	0	13	0	0	0	34	22	0	28	31	28	11	8	0	28	0	0	0	0	15	0	18
ASV_830_16S_022.3	54	15	34	41	112	17	16	12	6	0	6	20	37	18	0	0	47	11	54	28	17	9
ASV_832_16S_022.3	7	7	0	15	28	8	3	4	11	0	0	6	5	8	0	0	0	22	3	0	0	31
ASV_835_16S_022.3	7	0	29	34	0	27	8	15	0	0	0	56	39	0	0	0	38	0	35	32	18	0
ASV_838_16S_022.3	0	24	40	0	24	0	0	0	0	0	20	98	129	57	28	35	37	0	45	49	21	19
ASV_839_16S_022.3	0	0	45	36	0	0	27	54	0	0	63	47	85	0	33	51	0	0	0	0	0	60
ASV_845_16S_022.3	15	4	7	0	7	0	15	6	3	0	0	14	0	16	7	0	0	0	6	15	35	16
ASV_849_16S_022.3	0	0	0	12	0	0	0	57	13	0	0	0	145	8	0	75	0	0	21	79	0	119
ASV_852_16S_022.3	0	71	0	0	0	37	0	0	0	0	38	269	87	0	0	0	27	0	0	42	0	0
ASV_854_16S_022.3	9	34	0	0	0	89	0	0	0	78	0	16	0	0	0	0	267	5	26	5	14	19
ASV_858_16S_022.3	16	0	0	0	18	0	11	0	0	5	32	26	0	0	7	0	0	7	0	0	0	27
ASV_860_16S_022.3	0	0	47	58	0	0	0	74	0	0	0	66	66	0	0	36	89	0	43	0	0	0
ASV_870_16S_022.3	0	14	61	187	11	9	0	4	13	8	0	31	33	0	13	56	18	10	6	34	6	10
ASV_874_16S_022.3	0	0	0	0	0	0	0	45	15	0	0	0	0	0	0	92	0	10	0	0	0	0
ASV_873_16S_022.3	11	0	0	13	18	13	0	0	11	18	7	12	0	9	15	0	4	30	0	5	4	15
ASV_881_16S_022.3	0	0	0	0	0	0	0	4	17	6	15	12	12	8	0	5	5	0	9	19	6	16
ASV_879_16S_022.3	0	0	0	128	159	0	0	47	0	0	0	0	0	0	0	0	145	0	0	0	0	0
ASV_880_16S_022.3	0	0	0	0	0	22	43	0	0	0	35	121	48	0	0	0	11	9	0	76	0	47
ASV_882_16S_022.3	0	0	67	0	0	104	0	0	0	0	285	0	0	37	0	0	0	0	0	0	0	0
ASV_886_16S_022.3	11	22	52	63	35	0	0	29	0	0	0	28	42	0	0	12	46	0	0	0	0	0
ASV_885_16S_022.3	0	0	0	0	0	7	3	0	0	0	0	0	20	0	0	0	7	0	25	82	0	0
ASV_888_16S_022.3	0	0	0	14	0	17	24	0	0	18	0	2	0	16	15	6	0	9	6	0	0	16
ASV_890_16S_022.3	5	35	35	20	11	11	0	17	8	0	3	25	17	5	5	6	12	0	4	3	1	0
ASV_894_16S_022.3	0	42	183	0	0	0	0	11	6	0	0	0	150	14	4	0	0	0	0	35	40	0
ASV_896_16S_022.3	0	0	0	86	95	44	0	88	0	0	0	40	0	0	0	0	106	0	0	42	0	0
ASV_895_16S_022.3	19	0	4	0	33	6	12	6	0	0	0	10	0	29	11	0	14	12	3	22	11	17
ASV_898_16S_022.3	0	4	18	0	0	9	4	0	0	0	13	212	38	6	0	0	5	0	14	19	13	3
ASV_903_16S_022.3	0	19	0	0	0	0	0	20	0	13	0	10	13	0	19	0	0	0	0	0	0	28
ASV_908_16S_022.3	0	0	3	0	0	0	0	0	0	0	3	9	47	17	16	7	0	0	0	0	12	78
ASV_911_16S_022.3	0	9	19	51	80	18	0	18	0	0	23	22	13	0	0	26	98	0	11	46	23	11
ASV_913_16S_022.3	0	257	86	0	0	0	0	61	0	0	0	0	58	53	0	0	0	0	0	0	44	0
ASV_914_16S_022.3	0	0	51	0	0	0	0	0	0	0	0	0	209	0	0	0	0	0	0	77	69	15
ASV_916_16S_022.3	0	99	55	0	15	15	9	0	24	0	10	84	31	0	0	19	0	0	14	0	0	22
ASV_922_16S_022.3	0	0	0	46	64	0	0	0	0	0	35	44	0	0	0	0	30	21	147	0	0	25
ASV_923_16S_022.3	0	0	0	125	59	0	0	56	0	0	39	0	0	0	0	0	119	38	46	0	0	0
ASV_925_16S_022.3	0	0	0	143	145	0	0	0	0	0	47	0	0	0	0	0	102	0	0	0	0	0
ASV_929_16S_022.3	0	80	95	34	64	0	0	0	0	0	0	0	0	0	0	0	99	0	40	106	0	0
ASV_934_16S_022.3	0	0	0	14	0	0	0	49	37	0	0	0	0	0	0	0	51	0	0	0	0	0
ASV_936_16S_022.3	0	0	0	0	0	33	15	0	0	20	7	127	128	0	0	0	0	0	0	21	9	0
ASV_935_16S_022.3	0	0	0	83	196	0	0	0	0	0	0	0	39	0	0	0	38	0	49	23	29	0
ASV_941_16S_022.3	0	0	0	79	62	0	0	0	0	0	0	0	0	0	0	0	0	0	145	136	0	46
ASV_944_16S_022.3	0	7	144	0	0	0	5	0	13	0	0	60	43	5	0	77	0	0	0	66	23	20
ASV_946_16S_022.3	0	14	59	103	0	0	0	141	0	0	0	0	86	0	0	73	105	0	0	0	0	0
ASV_948_16S_022.3	0	43	55	0	0	38	0	40	0	0	0	52	167	32	30	0	0	0	0	0	0	0
ASV_953_16S_022.3	39	11	0	30	0	0	0	36	0	0	51	108	88	0	0	0	0	12	0	72	52	0
ASV_958_16S_022.3	0	0	0	23	60	0	0	39	17	0	0	0	0	0	0	0	65	0	0	0	0	0
ASV_961_16S_022.3	0	0	0	0	0	54	0	34	0	0	0	279	18	0	0	0	0	0	18	92	0	0
ASV_960_16S_022.3	0	0	0	9	11	14	8	0	6	11	0	5	0	8	0	0	11	0	0	18	8	10
ASV_963_16S_022.3	6	0	81	35	42	18	0	54	22	0	0	39	0	0	14	10	56	4	19	7	10	6
ASV_967_16S_022.3	0	10	53	0	0	0	0	10	0	0	0	0	114	13	35	0	0	0	9	15	38	0
ASV_970_16S_022.3	0	34	37	34	64	13	0	12	0	0	14	36	48	0	0	6	18	0	16	56	0	1
ASV_972_16S_022.3	0	0	0	0	24	35	0	0	13	0	0	0	14	4	0	6	0	23	0	0	33	0
ASV_973_16S_022.3	0	0	14	0	14	0	0	0	0	5	0	9	0	10	40	141	16	5	0	29	0	37
ASV_982_16S_022.3	0	33	41	0	0	19	23	97	0	0	66	67	42	0	0	0	0	0	0	35	19	55
ASV_983_16S_022.3	0	0	0	0	0	0	0	12	10	0	0	16	9	25	25	29	0	0	0	17	0	5
ASV_988_16S_022.3	0	84	49	0	0	0	0	14	7	0	0	53	5	8	7	0	0	0	0	11	28	0
ASV_990_16S_022.3	0	0	0	0	0	8	0	8	0	0	0	12	10	13	26	80	0	0	0	0	12	17
ASV_995_16S_022.3	0	0	0	0	0	0	0	31	17	0	0	116	0	0	38	23	0	0	0	31	0	107
ASV_1001_16S_022.3	0	14	36	0	0	0	0	20	0	0	40	32	120	0	0	53	0	0	0	107	0	19
ASV_1000_16S_022.3	0	0	0	60	111	0	0	0	0	0	0	0	0	0	0	0	117	0	0	116	0	0
ASV_1003_16S_022.3	0	39	36	0	0	0	0	68	0	0	0	59	75	0	0	0	0	0	0	36	0	38
ASV_1004_16S_022.3	0	0	0	0	0	0	0	87	0	0	0	0	105	81	52	0	0	0	0	0	0	75
ASV_1006_16S_022.3	0	0	150	0	0	0	0	14	5	0	0	0	19	77	23	0	0	0	0	0	0	10
ASV_1008_16S_022.3	13	8	54	37	58	14	0	19	0	3	8	14	30	7	9	14	84	6	24	26	17	6
ASV_1011_16S_022.3	0	5	0	14	0	0	6	6	11	5	0	55	130	0	0	21	0	7	11	106	0	31
ASV_1013_16S_022.3	9	4	26	71	74	9	0	14	7	0	40	38	24	0	0	9	71	0	23	26	1	0
ASV_1014_16S_022.3	0	2	38	0	0	0	0	10	3	0	18	1	41	7	4	7	0	0	9	168	8	4
ASV_1015_16S_022.3	0	0	0	14	0	0	0	0	0	0	39	0	371	0	0	0	0	0	42	0	0	0
ASV_1018_16S_022.3	0	0	0	0	0	0	0	0	0	0	0	16	35	0	0	0	247	0	10	0	0	0
ASV_1019_16S_022.3	0	33	174	0	0	0	0	0	0	0	0	0	45	49	63	0	0	0	0	0	0	33
ASV_1020_16S_022.3	0	0	102	0	0	0	42	17	0	0	0	0	22	48	0	43	0	0	0	80	34	46
ASV_1025_16S_022.3	19	35	37	51	73	9	0	0	0	0	19	25	17	0	0	0	39	0	14	22	0	0
ASV_1026_16S_022.3	11	1	26	45	1	19	0	30	5	1	0	11	125	6	24	48	21	4	0	3	17	6
ASV_1031_16S_022.3	0	0	0	0	0	0	5	0	6	6	69	19	0	0	0	0	0	0	0	0	0	0
ASV_1032_16S_022.3	0	193	142	0	0	0	0	0	0	0	0	0	38	0	0	0	0	0	0	31	46	0
ASV_1033_16S_022.3	0	0	0	11	0	0	0	0	0	0	0	0	45	0	0	0	41	0	33	70	8	0
ASV_1035_16S_022.3	0	0	0	0	0	124	17	5	0	0	10	0	0	0	0	0	0	0	0	0	0	0
ASV_1040_16S_022.3	0	0	19	0	0	0	0	120	0	0	0	0	89	41	0	14	4	0	0	0	0	29
ASV_1053_16S_022.3	0	22	132	7	0	0	0	12	0	0	0	0	8	88	19	0	0	0	0	0	11	0
ASV_1052_16S_022.3	11	0	3	4	20	0	6	0	5	0	0	5	5	10	33	0	13	3	0	0	0	0
ASV_1056_16S_022.3	0	0	0	0	0	0	0	0	0	0	0	0	0	39	18	0	0	0	106	82	0	0
ASV_1069_16S_022.3	3	412	6	0	0	0	0	0	0	0	0	0	0	0	0	0	0	0	0	0	4	0
ASV_1070_16S_022.3	0	0	0	0	23	0	0	0	0	0	0	46	40	0	0	0	0	0	34	83	48	31
ASV_1073_16S_022.3	0	52	38	0	0	29	0	0	0	0	0	41	38	0	0	0	0	33	83	57	0	0
ASV_1074_16S_022.3	2	0	0	6	0	0	6	49	11	0	5	0	16	7	12	0	0	0	22	41	21	23
ASV_1077_16S_022.3	0	0	0	0	0	0	0	0	0	0	157	68	49	0	0	51	0	0	0	96	0	0
ASV_1080_16S_022.3	8	0	0	12	8	9	0	0	11	5	0	8	0	0	0	0	0	20	0	6	40	0
ASV_1086_16S_022.3	0	0	0	6	0	0	0	0	0	0	0	0	43	41	18	0	0	0	0	0	0	0
ASV_1090_16S_022.3	0	0	18	32	28	9	0	19	0	0	12	18	17	1	5	0	71	0	10	42	0	0
ASV_1089_16S_022.3	0	0	51	16	0	0	0	55	0	15	0	36	0	0	60	0	93	15	0	41	0	0
ASV_1093_16S_022.3	0	12	39	56	42	0	0	42	26	0	0	0	0	0	0	28	78	0	0	27	19	0
ASV_1096_16S_022.3	0	0	0	0	21	71	30	16	0	0	0	56	104	0	0	0	0	0	0	23	26	0
ASV_1095_16S_022.3	0	19	33	8	0	16	0	19	4	0	59	0	14	22	14	33	0	0	9	20	0	56
ASV_1100_16S_022.3	7	0	0	8	0	0	17	15	0	9	8	0	0	0	14	0	0	0	0	0	13	13
ASV_1102_16S_022.3	4	4	4	9	14	8	0	3	5	3	0	0	0	10	26	7	3	3	8	15	31	29
ASV_1109_16S_022.3	0	0	100	0	0	14	0	0	0	0	253	0	0	23	0	0	0	0	0	0	0	0
ASV_1113_16S_022.3	0	14	28	0	22	0	12	0	10	0	0	91	53	0	0	9	0	0	10	36	0	0
ASV_1112_16S_022.3	67	0	15	24	156	16	0	0	0	0	0	30	0	0	0	0	58	0	0	0	0	13
ASV_1118_16S_022.3	0	9	32	26	0	0	0	29	11	0	0	16	18	21	4	32	32	5	0	0	11	23
ASV_1121_16S_022.3	0	42	42	51	0	0	0	95	0	0	0	0	53	0	0	0	43	0	0	47	39	0
ASV_1122_16S_022.3	0	0	13	0	18	0	4	0	0	0	7	0	183	7	0	0	0	0	0	0	0	0
ASV_1123_16S_022.3	0	39	63	0	0	0	0	0	0	0	0	86	0	14	0	0	0	0	0	0	0	44
ASV_1132_16S_022.3	0	71	78	22	28	0	0	0	0	0	0	0	0	0	0	0	18	0	19	55	16	0
ASV_1130_16S_022.3	0	20	16	20	0	0	0	0	0	0	12	19	26	0	0	21	0	0	19	20	0	40
ASV_1129_16S_022.3	0	12	20	0	0	20	0	12	0	0	48	21	11	9	2	18	6	0	9	19	0	9
ASV_1133_16S_022.3	37	31	42	0	0	20	0	24	25	0	47	26	25	0	19	11	8	0	20	10	18	0
ASV_1134_16S_022.3	26	0	0	61	27	0	0	113	0	0	0	0	0	0	0	46	55	0	0	0	0	26
ASV_1151_16S_022.3	0	74	80	0	0	0	0	61	0	0	0	80	118	0	0	0	0	0	0	0	0	0
ASV_1156_16S_022.3	0	0	0	0	19	0	0	0	7	0	0	24	30	0	0	16	50	0	18	26	16	11
ASV_1162_16S_022.3	0	0	0	44	31	13	0	36	120	0	6	71	14	0	0	0	0	0	11	0	0	0
ASV_1160_16S_022.3	0	0	0	0	0	0	0	265	0	0	5	0	0	0	0	7	0	0	0	5	0	0
ASV_1161_16S_022.3	0	12	53	13	0	16	0	11	0	0	47	8	15	24	40	9	6	0	0	37	0	14
ASV_1166_16S_022.3	0	16	0	41	51	18	0	20	0	0	23	19	0	0	0	0	54	0	17	0	0	34
ASV_1167_16S_022.3	0	0	14	0	0	19	5	52	0	0	18	41	40	0	0	0	17	0	22	19	0	23
ASV_1165_16S_022.3	7	22	10	58	24	8	0	22	0	0	0	21	27	0	0	0	12	0	23	33	26	13
ASV_1170_16S_022.3	0	0	19	0	0	0	37	19	0	0	18	28	67	12	0	0	42	8	21	50	0	0
ASV_1195_16S_022.3	0	53	26	28	0	0	0	0	0	0	0	48	52	0	0	0	0	0	0	31	0	0
ASV_1207_16S_022.3	16	0	13	0	0	0	0	0	2	0	36	0	36	0	0	0	113	0	0	4	0	0
ASV_1211_16S_022.3	0	0	0	0	0	37	9	8	4	0	0	46	0	0	0	0	0	0	0	0	0	0
ASV_1218_16S_022.3	8	0	0	26	45	15	5	0	0	0	0	11	30	0	18	0	52	0	12	26	36	0
ASV_1221_16S_022.3	0	0	44	0	0	0	0	10	0	0	0	0	169	39	4	0	0	0	0	30	0	0
ASV_1225_16S_022.3	0	0	0	36	48	0	0	20	0	16	0	0	0	0	0	0	118	0	0	0	0	0
ASV_1230_16S_022.3	0	17	45	0	0	0	0	15	0	0	0	0	0	69	36	0	0	0	0	0	23	0
ASV_1231_16S_022.3	0	0	0	0	0	0	0	0	0	0	0	31	61	0	13	0	12	0	0	11	0	0
ASV_1234_16S_022.3	0	15	21	0	0	0	0	0	0	0	21	162	81	0	0	41	0	0	24	0	0	0
ASV_1237_16S_022.3	0	15	10	0	0	0	0	0	0	0	0	0	26	0	0	0	0	0	145	15	101	12
ASV_1239_16S_022.3	0	0	40	0	0	0	0	0	0	0	0	0	83	0	0	0	56	0	72	0	0	111
ASV_1238_16S_022.3	0	0	77	0	0	0	0	0	0	0	0	0	56	69	49	0	0	0	0	0	0	88
ASV_1252_16S_022.3	0	42	51	0	0	0	0	0	0	0	0	40	42	0	0	0	0	0	0	30	46	18
ASV_1253_16S_022.3	0	0	0	0	0	0	0	31	39	0	0	35	0	17	0	0	55	0	0	0	0	93
ASV_1272_16S_022.3	0	11	5	24	0	9	0	0	0	0	0	0	0	0	0	0	0	0	163	47	33	0
ASV_1273_16S_022.3	13	7	7	8	5	6	0	6	0	0	5	14	19	0	0	4	27	0	11	38	0	0
ASV_1277_16S_022.3	12	0	13	47	28	7	0	0	0	0	0	11	0	0	0	10	10	0	7	0	15	0
ASV_1285_16S_022.3	0	14	34	18	13	15	12	0	18	0	1	28	39	0	0	0	0	0	10	0	0	21
ASV_1292_16S_022.3	0	16	0	6	0	6	0	29	0	0	0	23	31	0	0	9	5	0	31	64	11	0
ASV_1312_16S_022.3	0	0	26	64	30	0	0	0	0	0	0	0	29	0	0	0	40	0	0	0	0	0
ASV_1313_16S_022.3	0	0	29	13	27	6	15	18	0	0	0	0	9	0	15	11	29	0	8	38	9	14
ASV_1315_16S_022.3	0	0	0	55	0	0	0	49	0	0	30	0	57	0	0	20	0	0	0	0	0	0
ASV_1318_16S_022.3	0	0	0	7	8	0	13	0	8	12	8	8	0	19	0	0	0	3	0	17	0	6
ASV_1319_16S_022.3	0	0	0	0	16	0	0	0	0	0	0	22	31	0	0	0	0	0	0	149	0	18
ASV_1324_16S_022.3	0	0	14	0	0	27	0	0	0	0	80	0	0	0	0	2	0	0	0	11	0	0
ASV_1329_16S_022.3	0	17	36	14	70	0	0	0	0	0	0	22	0	0	0	0	26	0	0	31	8	0
ASV_1330_16S_022.3	0	0	29	0	0	16	0	0	0	0	64	0	0	16	9	22	0	0	0	38	6	12
ASV_1336_16S_022.3	0	0	25	131	0	0	0	47	0	0	0	6	0	0	0	14	0	0	0	0	0	0
ASV_1342_16S_022.3	0	0	0	19	0	0	0	0	0	0	0	76	105	0	0	0	46	0	24	47	0	0
ASV_1341_16S_022.3	0	16	0	21	20	14	0	30	0	0	0	30	37	0	10	0	0	0	0	44	0	0
ASV_1347_16S_022.3	0	0	147	0	0	0	0	48	0	0	0	0	41	26	0	0	0	0	0	0	0	0
ASV_1346_16S_022.3	0	48	67	0	0	0	0	0	0	0	0	0	0	33	0	0	0	0	0	0	8	0
ASV_1358_16S_022.3	1	0	8	26	24	4	0	16	0	0	17	7	11	0	0	14	55	0	7	19	4	27
ASV_1359_16S_022.3	0	7	9	0	0	5	0	0	15	0	56	0	11	0	8	8	0	0	0	17	0	9
ASV_1376_16S_022.3	0	0	63	0	0	0	0	33	0	0	0	0	0	0	0	0	0	0	0	78	0	33
ASV_1378_16S_022.3	0	0	0	0	0	25	0	0	0	0	0	47	14	0	0	0	65	12	14	47	0	0
ASV_1389_16S_022.3	0	0	46	63	0	0	0	36	0	0	0	0	0	0	0	0	54	0	0	0	0	0
ASV_1388_16S_022.3	0	146	0	0	0	0	0	67	17	0	0	0	0	0	22	0	0	0	0	0	0	0
ASV_1392_16S_022.3	0	0	18	0	0	0	0	38	0	0	0	0	13	10	0	72	46	0	0	0	0	28
ASV_1398_16S_022.3	2	14	11	28	46	14	0	0	0	0	12	6	10	0	0	0	25	0	26	23	0	0
ASV_1404_16S_022.3	0	0	52	15	11	0	0	34	0	0	0	0	0	0	0	0	32	0	0	56	0	0
ASV_1413_16S_022.3	1	15	14	6	8	10	0	16	2	0	3	9	4	0	9	5	16	0	9	14	2	8
ASV_1419_16S_022.3	1	19	13	1	0	5	0	7	0	0	0	3	77	0	0	3	2	1	13	0	33	49
ASV_1423_16S_022.3	0	9	19	53	22	0	0	0	0	0	0	0	0	0	0	0	28	0	18	78	0	0
ASV_1422_16S_022.3	0	0	0	15	0	0	0	0	21	0	22	0	0	0	18	0	0	0	0	35	0	14
ASV_1424_16S_022.3	0	0	7	19	14	0	0	6	0	0	0	3	0	10	0	22	0	0	4	17	0	0
ASV_1428_16S_022.3	22	0	62	23	0	0	0	43	0	0	0	15	58	0	0	31	0	0	0	0	0	0
ASV_1434_16S_022.3	0	20	13	0	0	0	0	0	0	0	26	39	0	0	0	33	16	0	0	57	0	0
ASV_1436_16S_022.3	0	0	31	0	68	0	0	15	0	0	0	22	0	0	0	23	50	0	15	45	0	16
ASV_1437_16S_022.3	0	0	0	0	0	46	17	0	43	0	63	0	0	0	0	0	0	0	0	0	0	27
ASV_1445_16S_022.3	0	0	15	0	0	15	0	0	15	0	43	34	18	39	33	0	0	0	0	24	0	0
ASV_1455_16S_022.3	0	33	56	0	0	0	0	23	0	0	0	23	0	10	0	0	11	0	0	46	36	0
ASV_1456_16S_022.3	0	12	32	0	0	22	9	29	0	0	23	17	41	0	9	17	0	0	0	53	0	7
ASV_1460_16S_022.3	0	0	0	24	0	0	0	0	0	0	0	48	20	16	0	7	10	0	0	120	0	0
ASV_1468_16S_022.3	0	32	44	0	0	62	0	22	0	0	0	0	0	0	0	0	0	0	0	18	0	0
ASV_1478_16S_022.3	15	94	0	5	0	13	0	37	0	0	0	30	38	0	0	0	0	0	0	0	0	24
ASV_1486_16S_022.3	0	0	0	0	0	0	11	24	12	0	13	28	43	8	0	0	0	0	0	45	0	0
ASV_1487_16S_022.3	0	0	0	0	0	0	0	0	0	0	49	15	7	0	26	49	0	21	3	77	0	0
ASV_1496_16S_022.3	0	2	1	0	0	0	0	0	0	0	0	22	0	34	37	0	0	0	16	1	3	39
ASV_1497_16S_022.3	0	0	26	7	4	0	0	11	0	0	7	8	0	12	14	25	0	0	0	13	6	4
ASV_1499_16S_022.3	0	10	4	10	12	23	0	22	0	0	17	28	13	9	0	5	25	0	6	4	0	0
ASV_1506_16S_022.3	0	0	20	0	0	0	0	0	0	0	27	0	0	62	0	21	0	0	0	80	0	0
ASV_1511_16S_022.3	0	0	0	0	0	0	0	0	0	0	0	94	64	0	0	0	41	0	0	64	0	0
ASV_1518_16S_022.3	0	0	24	0	0	23	18	4	0	0	88	6	0	14	0	0	7	3	0	18	0	0
ASV_1522_16S_022.3	14	0	0	2	7	0	8	0	18	0	15	15	0	8	22	0	1	8	25	0	2	16
ASV_1527_16S_022.3	6	0	169	0	0	0	0	0	0	0	5	28	0	0	0	0	0	0	0	0	0	0
ASV_1536_16S_022.3	7	0	0	40	0	0	0	69	0	0	0	0	26	0	0	62	16	0	0	0	0	0
ASV_1539_16S_022.3	0	16	71	0	0	46	6	0	0	0	0	22	0	0	0	0	0	0	0	0	0	0
ASV_1540_16S_022.3	0	0	21	0	0	0	19	0	0	27	48	0	0	0	0	0	0	0	0	134	0	0
ASV_1567_16S_022.3	0	0	0	0	0	0	0	29	0	0	0	0	0	36	48	0	0	0	0	0	0	35
ASV_1570_16S_022.3	0	0	0	0	0	0	0	35	39	5	0	0	0	9	0	26	0	0	0	0	28	0
ASV_1580_16S_022.3	0	0	0	0	0	8	0	12	7	0	0	0	0	0	0	89	0	0	0	0	0	0
ASV_1598_16S_022.3	0	0	65	16	23	0	0	16	0	0	0	0	0	0	0	0	27	0	0	19	0	0
ASV_1608_16S_022.3	12	2	6	0	0	10	21	8	0	0	2	2	2	0	26	1	0	0	0	8	0	1
ASV_1611_16S_022.3	0	42	39	0	0	0	0	0	0	0	0	0	0	16	0	0	0	0	28	50	20	0
ASV_1630_16S_022.3	0	0	31	0	0	18	0	0	0	0	62	8	0	27	0	7	0	5	0	6	0	18
ASV_1637_16S_022.3	11	0	17	0	11	5	0	0	0	0	0	15	3	11	0	20	0	0	0	0	0	8
ASV_1635_16S_022.3	0	0	107	0	0	0	0	0	0	0	0	0	0	25	0	0	0	0	0	6	27	0
ASV_1638_16S_022.3	0	0	8	46	33	0	0	0	0	0	10	16	11	0	0	4	28	7	4	0	0	6
ASV_1659_16S_022.3	0	15	17	53	0	0	0	0	0	0	0	12	14	0	0	0	0	0	73	19	0	0
ASV_1667_16S_022.3	0	0	26	75	0	0	2	0	0	0	0	20	0	3	0	17	0	0	0	33	0	0
ASV_1669_16S_022.3	0	151	17	0	0	0	0	0	0	0	0	0	11	28	0	0	0	0	0	0	13	0
ASV_1671_16S_022.3	0	0	0	0	0	0	0	25	9	0	5	0	51	0	0	12	0	0	0	0	0	0
ASV_1678_16S_022.3	0	0	22	48	0	0	0	6	0	0	0	0	6	0	3	21	0	0	0	20	0	0
ASV_1682_16S_022.3	0	18	23	0	8	0	0	0	0	0	0	41	23	0	0	0	0	0	0	0	0	0
ASV_1690_16S_022.3	0	0	0	22	0	0	0	0	0	0	0	0	17	0	0	0	39	0	31	43	0	0
ASV_1752_16S_022.3	0	0	0	0	39	0	0	0	0	0	19	0	0	0	0	0	43	0	21	34	0	0
ASV_1761_16S_022.3	0	22	22	0	0	0	0	0	0	0	0	27	0	21	0	0	33	0	0	52	0	0
ASV_1766_16S_022.3	0	13	0	0	0	10	0	0	0	0	18	20	10	0	0	0	43	0	0	16	0	0
ASV_1787_16S_022.3	0	0	0	7	0	31	17	0	0	0	50	0	0	0	0	0	0	0	0	48	0	0
ASV_1786_16S_022.3	0	21	55	0	6	0	3	0	3	0	50	0	0	0	0	0	0	0	0	0	0	13
ASV_1807_16S_022.3	0	8	16	36	17	0	0	10	0	0	0	0	8	7	16	9	9	0	0	9	0	0
ASV_1812_16S_022.3	0	4	22	0	0	9	5	0	0	6	0	10	6	0	21	4	0	8	9	0	0	13
ASV_1831_16S_022.3	2	5	0	15	1	7	9	4	18	2	0	0	0	23	0	0	7	6	11	0	0	8
ASV_1844_16S_022.3	0	0	27	3	0	0	0	18	0	0	0	34	24	0	0	46	7	0	8	0	0	0
ASV_1850_16S_022.3	13	0	0	0	28	13	0	1	6	0	0	2	0	28	11	1	0	0	16	21	0	1
ASV_1860_16S_022.3	0	0	0	45	0	0	0	12	0	0	0	0	8	0	9	26	41	0	0	0	0	0
ASV_1866_16S_022.3	32	0	0	0	0	21	0	0	0	0	0	0	0	0	0	0	13	8	28	0	0	0
ASV_1868_16S_022.3	0	0	0	0	0	0	0	0	0	0	0	38	32	0	0	0	0	0	17	15	11	0
ASV_1876_16S_022.3	0	0	30	0	0	0	0	0	0	0	46	0	18	22	0	0	0	0	0	46	0	20
ASV_1875_16S_022.3	0	21	24	0	0	17	0	7	0	0	0	3	44	0	0	0	0	0	12	19	0	0
ASV_1877_16S_022.3	0	0	0	0	0	22	0	47	0	0	0	23	58	13	0	0	0	0	0	0	0	0
ASV_1878_16S_022.3	0	0	0	0	0	0	0	20	0	0	0	28	0	0	0	0	17	0	0	36	0	11
ASV_1888_16S_022.3	0	0	0	16	0	24	0	0	0	0	0	0	0	0	0	0	32	0	0	36	0	0
ASV_1887_16S_022.3	0	5	5	10	18	5	0	2	0	0	6	9	6	0	0	0	27	7	11	30	0	11
ASV_1897_16S_022.3	0	0	0	0	7	14	0	21	0	0	0	0	0	0	0	61	11	0	0	0	0	0
ASV_1899_16S_022.3	0	0	0	24	0	0	0	17	5	0	0	19	22	16	0	12	8	0	9	14	0	0
ASV_1896_16S_022.3	0	0	13	0	0	8	0	0	0	0	91	0	0	35	0	0	0	0	0	21	0	0
ASV_1908_16S_022.3	3	9	0	13	15	0	0	10	8	0	0	9	3	1	0	11	12	16	1	20	0	3
ASV_1907_16S_022.3	12	13	0	0	1	1	0	0	8	0	1	4	13	4	10	0	2	5	13	0	11	21
ASV_1940_16S_022.3	0	0	0	0	21	47	0	0	13	0	0	0	10	0	5	0	0	0	0	0	0	21
ASV_1943_16S_022.3	0	0	19	0	0	34	4	0	0	0	71	0	0	11	0	0	0	0	0	8	0	0
ASV_1953_16S_022.3	0	0	0	0	0	0	0	0	0	0	0	0	97	8	0	0	0	0	6	53	0	0
ASV_1958_16S_022.3	0	4	9	31	14	0	0	12	6	0	0	0	0	0	0	11	20	0	0	12	8	0
ASV_1972_16S_022.3	0	15	12	3	0	1	0	11	0	0	0	1	3	25	11	9	17	0	0	9	4	0
ASV_1982_16S_022.3	0	0	19	19	0	0	0	28	0	0	0	0	18	0	0	25	9	0	0	9	0	19
ASV_1991_16S_022.3	0	13	24	0	0	19	0	0	0	0	14	0	0	12	0	12	0	0	0	24	0	0
ASV_2001_16S_022.3	0	16	7	0	0	0	0	0	0	0	27	17	15	0	0	0	17	0	2	1	18	0
ASV_2019_16S_022.3	2	4	12	4	13	7	0	9	9	0	6	9	7	2	1	5	2	6	5	10	0	1
ASV_2035_16S_022.3	0	6	9	0	0	0	0	0	0	0	39	0	4	13	0	0	0	0	0	50	0	0
ASV_2054_16S_022.3	0	24	0	0	37	0	0	0	0	0	0	0	17	0	0	0	0	0	0	35	0	0
ASV_2055_16S_022.3	0	12	33	0	0	0	0	77	10	0	0	0	0	0	0	0	0	0	0	0	0	0
ASV_2053_16S_022.3	18	12	35	5	0	5	0	0	0	0	9	6	0	6	0	0	0	5	8	11	7	0
ASV_2063_16S_022.3	10	9	16	0	3	0	0	0	6	0	11	0	36	0	0	10	0	0	8	0	0	0
ASV_2066_16S_022.3	0	0	24	0	15	0	0	17	0	0	0	0	30	15	0	0	14	0	0	0	0	0
ASV_2075_16S_022.3	0	0	0	25	0	0	0	0	0	0	14	0	0	0	0	37	23	4	0	0	0	0
ASV_2096_16S_022.3	0	19	18	0	7	0	0	0	0	0	0	18	14	0	0	0	12	0	10	27	13	0
ASV_2097_16S_022.3	0	0	25	0	0	0	0	0	0	0	0	0	55	24	26	0	0	0	0	0	0	0
ASV_2111_16S_022.3	0	9	12	0	0	14	0	29	0	0	0	0	15	0	0	9	0	0	21	11	14	0
ASV_2123_16S_022.3	0	33	44	0	0	0	0	14	0	0	0	0	0	0	19	17	0	0	0	10	0	0
ASV_2132_16S_022.3	0	6	0	0	0	0	0	0	0	0	28	0	0	35	36	0	0	0	0	0	0	0
ASV_2139_16S_022.3	0	0	21	0	0	0	0	0	0	0	0	0	38	18	0	0	0	0	0	0	0	54
ASV_2162_16S_022.3	0	0	0	29	0	0	0	44	13	0	0	22	0	0	0	0	0	0	0	15	0	0
ASV_2171_16S_022.3	4	4	11	11	19	7	0	0	0	0	8	6	3	0	0	0	25	0	0	33	0	0
ASV_2183_16S_022.3	0	0	22	37	28	0	0	0	0	0	0	0	0	0	0	0	0	0	0	33	0	0
ASV_2201_16S_022.3	4	9	28	15	0	0	0	45	0	0	0	0	6	0	0	0	0	4	0	4	6	0
ASV_2247_16S_022.3	0	0	0	0	32	26	0	0	0	0	22	0	0	0	0	0	11	0	0	17	0	0
ASV_2246_16S_022.3	0	0	0	15	0	0	0	20	0	0	39	0	0	0	0	0	0	0	0	61	0	0
ASV_2271_16S_022.3	0	0	37	0	20	0	0	0	0	0	0	0	0	0	0	0	44	0	0	32	0	0
ASV_2279_16S_022.3	0	0	0	0	0	0	0	0	0	0	0	0	44	0	0	0	0	12	40	24	0	0
ASV_2285_16S_022.3	0	0	0	0	0	22	0	0	0	0	66	0	0	0	0	0	0	0	4	4	5	22
ASV_2325_16S_022.3	0	0	0	0	5	62	0	0	0	7	0	26	0	0	0	0	24	0	0	0	0	0
ASV_2388_16S_022.3	0	0	0	23	51	0	0	0	0	0	31	0	0	0	0	0	15	0	0	0	0	0
ASV_2386_16S_022.3	13	0	0	0	8	10	0	0	0	0	45	28	0	0	0	0	0	14	0	0	0	0
ASV_2403_16S_022.3	0	0	0	28	11	0	0	4	0	0	0	0	0	0	0	11	19	0	8	17	0	10
ASV_2458_16S_022.3	5	0	5	0	0	0	0	14	4	0	0	8	40	8	6	5	0	0	0	0	0	15
ASV_2519_16S_022.3	0	0	0	0	0	0	0	40	0	0	0	0	13	0	0	0	0	0	18	0	18	15
ASV_2553_16S_022.3	7	0	0	0	0	0	0	0	0	0	0	51	0	0	0	0	0	0	13	32	0	0
