ASV	EA.20130423	EA.20130604	EA.20130625	EA.20131127	EA.20131230	EA.20140415	EA.20140514	EA.20140930	EA.20141029	EA.20150227	EA.20150328	EA.20150516	EA.20150627	EA.20150801	EA.20150829	EA.20151006	EA.20151208	EA.20160225	EA.20160322	EA.20160502	EA.20160611	EA.20160822	abundancesum_small
OTU_4_18S	530	5404	350	297	101485	16243	247	5752	4311	2360	1261	595	1919	9022	4176	4294	13452	1717	164	21488	4247	17109	216423
OTU_7_18S	130	746	378	178	40	815	312	67	363	0	168	64	65	107	91	30	0	45	0	174	0	190	3963
OTU_9_18S	26708	10543	8967	62778	6799	14372	2875	3154	13147	14269	3604	5444	1042	4190	3248	3244	2755	1439	1564	2938	112	7416	200608
OTU_14_18S	441	15232	36549	972	92	3663	23588	494	325	0	1954	222	7963	1830	825	344	21	639	221	8988	13050	7147	124560
OTU_15_18S	1719	3966	6820	11360	737	8979	3804	2477	3695	1940	3711	504	144	932	575	2003	268	478	96	2010	52	2484	58754
OTU_19_18S	302	146179	122	95	59	87	0	0	0	47	0	0	0	0	0	0	0	0	0	0	0	0	146891
OTU_22_18S	131	3818	25340	1149	56	4753	24710	547	161	0	1845	241	5097	2251	1175	408	28	840	274	6507	18207	5770	103308
OTU_23_18S	2800	2840	12104	7830	168	19000	13926	2304	1512	2157	8427	1746	1613	2503	1120	1333	94	6426	1058	4468	52	3253	96734
OTU_24_18S	1202	408	839	1679	109	152	0	1682	3237	1423	1505	182	95	1291	1030	566	45	21	18	114	0	1802	17400
OTU_28_18S	2486	795	4653	1468	69	1980	1330	1248	1389	331	595	254	634	2596	624	864	31	357	242	967	1919	1621	26453
OTU_29_18S	8090	1202	11654	6725	588	4404	3543	897	1432	88	673	542	1144	5784	1978	1492	87	456	401	1345	998	3016	56539
OTU_30_18S	9	123	0	13242	918	24517	1681	65	0	984	274	508	13	0	0	4278	565	0	0	0	0	318	47495
OTU_32_18S	6150	1530	824	39800	2791	2294	0	340	1945	766	585	608	239	0	57	516	423	252	56	0	0	0	59176
OTU_33_18S	11836	1538	4876	22722	618	2329	0	20	634	633	444	442	151	233	726	1449	2509	90	76	291	22	325	51964
OTU_34_18S	630	392	4508	2105	340	974	854	798	1653	278	449	945	1542	4728	1389	944	43	690	449	3134	1511	662	29018
OTU_39_18S	5296	3433	316	1765	684	6032	359	418	457	210	349	458	106	82	314	631	1719	441	349	226	1029	107	24781
OTU_44_18S	24775	1466	21769	3244	654	8309	0	19	89	470	2064	0	64	29	6	429	411	485	0	0	0	0	64283
OTU_46_18S	5244	7701	3604	11083	556	4229	155	1199	502	888	337	168	146	161	379	647	1794	355	0	254	255	235	39892
OTU_48_18S	0	2678	4626	0	0	0	0	0	0	0	0	0	0	567	305	0	0	0	0	0	0	0	8176
OTU_55_18S	17281	3289	7225	3857	143	12061	320	65	286	51	403	77	90	174	60	64	0	64	86	169	52	73	45890
OTU_59_18S	3164	593	154	42311	1279	288	0	30	105	415	75	252	113	0	20	194	152	69	125	0	4	0	49343
OTU_61_18S	2438	3724	2017	1895	59	4855	0	344	378	277	236	132	324	275	86	306	323	0	33	612	86	0	18400
OTU_60_18S	155	34270	218	980	0	34	0	0	222	154	0	21	0	0	0	0	0	0	0	0	0	0	36054
OTU_58_18S	19	276	609	205	0	6	0	42	26	0	0	0	12	86	20	0	0	12	0	0	45	26	1384
OTU_67_18S	1927	1763	239	10532	3120	6572	5377	0	28	142	114	847	105	26	28	0	0	35	0	51	5201	0	36107
OTU_70_18S	37217	7226	558	311	126	389	0	0	0	189	0	100	0	214	0	0	0	0	53	71	0	0	46454
OTU_71_18S	1847	366	776	642	96	2167	708	510	115	257	242	235	251	0	1167	62	903	190	0	0	471	264	11269
OTU_72_18S	0	534	0	0	42	551	67	0	0	0	0	23	127	0	28	0	0	0	19	0	230	0	1621
OTU_74_18S	7633	994	1020	15709	67	1713	89	200	174	695	504	1032	36	0	106	142	238	959	424	100	1606	10	33451
OTU_76_18S	61	289	2600	410	32	2006	581	815	1739	169	878	80	444	6313	606	531	23	1001	73	1034	132	1090	20907
OTU_78_18S	2244	442	917	790	114	1931	190	720	413	107	58	135	181	101	116	1070	0	186	0	0	393	115	10223
OTU_79_18S	403	244	2431	1540	154	364	148	663	512	186	366	956	1719	3394	687	196	0	305	243	3248	1916	296	19971
OTU_82_18S	5212	95	86	2076	638	981	355	483	661	861	114	33	167	474	417	317	215	678	228	126	179	417	14813
OTU_86_18S	3698	7584	3158	3040	167	3573	309	291	533	943	694	222	106	36	73	541	702	321	100	79	748	96	27014
OTU_92_18S	404	186	184	2399	74	198	154	34	0	222	0	112	155	120	0	61	87	26	0	49	33	38	4536
OTU_93_18S	1416	1649	1622	467	277	1645	1090	2282	949	524	177	224	822	321	361	547	701	1306	68	1487	1565	805	20305
OTU_97_18S	1045	2827	188	2256	112	2816	107	194	173	237	724	202	52	0	32	575	205	271	36	91	55	45	12243
OTU_100_18S	9425	1635	1149	823	136	2347	583	190	914	427	808	782	177	165	199	298	288	712	607	358	697	928	23648
OTU_104_18S	4826	1250	207	1936	5758	4934	369	0	0	871	67	3405	302	55	0	24	721	55	183	150	153	0	25266
OTU_107_18S	480	982	52	7937	658	9577	0	0	0	186	0	0	0	41	0	224	0	0	0	0	0	52	20189
OTU_101_18S	0	0	2588	63	0	0	0	0	153	0	0	0	179	3564	234	0	0	0	0	722	210	483	8196
OTU_105_18S	867	119	4523	470	36	1292	799	789	469	0	166	27	340	0	453	906	29	45	62	411	1334	695	13832
OTU_96_18S	157	202	0	546	1647	75	0	0	0	1912	94	502	37	0	0	0	132	102	0	0	46	0	5452
OTU_110_18S	0	82	22	0	0	0	0	0	62	0	0	0	0	0	0	0	0	0	0	0	0	56	222
OTU_106_18S	10	18	46	159	789	0	0	70	0	55	0	0	15	0	0	26	0	0	0	0	0	0	1188
OTU_113_18S	3558	1765	80	6276	7296	5720	224	0	0	488	136	0	9	0	9	46	395	24	0	52	0	0	26078
OTU_114_18S	3160	3593	1416	2139	200	464	768	202	619	269	368	580	546	248	110	87	43	745	255	542	128	813	17295
OTU_117_18S	2182	277	123	9685	314	5702	0	0	0	424	197	239	0	0	0	40	209	79	0	0	62	0	19533
OTU_119_18S	560	353	88	555	51	607	97	74	59	46	34	181	79	17	43	43	31	198	43	105	21	85	3370
OTU_121_18S	2991	1344	1190	1642	126	3219	1593	44	983	767	218	617	130	81	292	319	502	502	24	414	522	1547	19067
OTU_127_18S	11	484	2465	4497	89	1625	253	503	289	0	0	54	64	172	82	61	13	147	66	326	83	97	11381
OTU_131_18S	0	0	0	65	781	0	0	0	98	517	0	0	0	0	0	0	0	0	0	0	0	0	1461
OTU_132_18S	5111	174	550	3447	119	11751	33	0	0	0	115	927	0	0	0	0	312	0	0	0	0	0	22539
OTU_133_18S	722	0	20	338	41	108	0	0	0	0	0	153	0	0	0	0	0	29	0	0	0	0	1411
OTU_139_18S	11142	173	1446	506	680	1440	676	727	893	298	528	54	317	0	0	9	19	298	125	7	842	11	20191
OTU_129_18S	488	466	235	0	23	69	0	0	138	109	0	118	57	0	48	38	24	0	0	0	81	28	1922
OTU_143_18S	2922	867	1362	3732	1329	1874	339	99	524	178	170	351	15	305	415	164	420	186	11	210	321	288	16082
OTU_137_18S	409	611	138	396	100	447	0	0	0	0	0	0	0	0	0	237	267	0	0	0	142	122	2869
OTU_144_18S	0	0	48	0	0	62	0	0	0	0	0	0	0	129	37	0	0	0	0	0	0	0	276
OTU_145_18S	2885	1812	1154	291	77	1549	340	110	464	630	366	636	279	492	127	265	241	67	146	398	223	484	13036
OTU_146_18S	5519	277	158	7301	234	1426	93	57	116	369	88	163	24	95	108	33	60	70	0	39	357	127	16714
OTU_147_18S	1240	289	1694	2287	118	7197	762	229	118	0	738	146	63	260	75	224	0	367	78	791	576	279	17531
OTU_148_18S	0	0	149	85	0	212	191	57	0	0	0	0	1397	25	0	0	0	0	244	206	138	0	2704
OTU_154_18S	0	384	1941	7359	1686	2734	0	225	54	0	0	79	50	0	0	59	0	29	0	39	0	235	14874
OTU_156_18S	300	735	743	2441	237	225	559	308	255	223	100	227	227	157	273	282	321	368	136	27	330	803	9277
OTU_151_18S	136	306	221	486	85	2711	0	75	118	422	351	65	145	10	65	125	0	293	180	630	763	126	7313
OTU_157_18S	1644	0	495	2569	193	972	0	286	296	1078	158	0	68	135	179	98	302	107	36	0	0	42	8658
OTU_161_18S	4976	2235	670	1655	116	2364	315	110	505	479	390	290	186	58	109	159	160	257	310	155	55	389	15943
OTU_163_18S	73	0	224	822	543	427	0	447	683	0	0	215	170	991	481	217	123	0	48	317	0	858	6639
OTU_168_18S	3131	2913	993	340	73	496	25	53	254	318	58	153	116	42	91	63	87	0	0	201	0	649	10056
OTU_169_18S	1491	1919	276	492	460	7392	147	200	204	0	286	0	136	118	190	0	205	233	0	192	0	0	13941
OTU_160_18S	253	3244	207	1617	4581	1658	0	42	269	128	113	43	13	0	0	8	166	474	87	0	112	0	13015
OTU_170_18S	433	227	519	666	57	0	69	970	1461	539	462	0	0	687	749	254	0	0	0	0	0	990	8083
OTU_172_18S	3039	180	1889	252	31	3971	51	348	97	311	214	124	123	0	7	183	0	502	53	6	32	0	11413
OTU_173_18S	1034	1914	321	169	82	3322	232	84	111	0	613	77	36	114	94	41	250	129	38	205	255	0	9121
OTU_179_18S	398	597	41	1057	657	276	0	253	708	763	202	626	327	0	0	374	82	0	92	0	176	0	6629
OTU_177_18S	786	363	146	172	145	713	0	0	244	102	74	188	0	0	258	0	102	73	0	0	0	0	3366
OTU_180_18S	354	14	280	292	578	845	270	613	468	375	626	403	762	79	43	249	0	982	633	209	141	40	8256
OTU_183_18S	242	95	0	128	43	254	0	0	0	174	32	0	0	0	0	0	0	0	0	0	82	0	1050
OTU_184_18S	182	1916	51	1072	367	619	33	111	105	111	431	105	0	0	0	0	0	84	0	88	1108	0	6383
OTU_182_18S	0	98	186	322	0	0	0	0	0	0	0	0	0	76	111	0	0	0	0	0	0	0	793
OTU_190_18S	706	13255	452	142	32	1505	0	0	45	608	547	35	15	0	0	0	0	0	0	0	0	0	17342
OTU_191_18S	2159	1109	323	88	21	1920	701	60	152	1389	617	0	268	0	795	59	225	283	278	179	0	35	10661
OTU_188_18S	462	2001	169	1544	1417	1486	0	111	35	232	56	23	35	0	15	48	17	85	0	0	499	75	8310
OTU_195_18S	262	319	653	0	0	576	0	187	95	0	0	0	78	382	0	0	927	204	0	898	102	0	4683
OTU_197_18S	26	16	716	230	12	452	73	848	264	94	78	0	93	1221	478	780	0	524	69	258	179	511	6922
OTU_199_18S	264	290	1573	133	96	0	0	0	0	0	0	17	0	0	0	0	0	0	0	0	104	0	2477
OTU_201_18S	0	1206	3728	0	0	0	0	0	516	0	0	0	53	0	34	0	0	0	0	18	144	0	5699
OTU_203_18S	88	1594	640	387	89	16	48	1578	385	0	291	88	109	65	157	237	92	62	0	54	595	264	6839
OTU_206_18S	3689	948	287	2197	435	784	249	164	302	163	0	128	200	0	0	93	81	322	45	56	371	0	10514
OTU_216_18S	0	0	1151	94	0	120	354	0	93	0	0	0	405	1304	196	239	0	65	0	475	0	633	5129
OTU_219_18S	329	184	5	4011	3018	410	0	417	123	1015	20	0	0	0	8	228	82	18	43	0	40	13	9964
OTU_222_18S	24	4138	35	0	0	6076	0	0	357	0	166	693	0	0	0	0	0	249	0	0	0	0	11738
OTU_224_18S	0	0	0	0	0	30	0	19	59	0	7833	49	27	268	69	59	0	0	36	75	0	0	8524
OTU_225_18S	90	749	109	1784	551	117	0	153	129	84	31	35	21	0	0	0	35	71	61	0	2824	0	6844
OTU_227_18S	2969	1856	1009	996	212	2398	0	0	87	28	73	34	0	56	0	0	19	27	0	0	0	30	9794
OTU_229_18S	0	455	957	824	67	739	26	0	2071	71	15	35	53	0	125	1101	0	13	0	0	0	286	6838
OTU_234_18S	180	700	80	71	674	164	0	22	55	185	0	55	21	0	0	0	96	0	0	0	148	33	2484
OTU_236_18S	440	618	162	85	0	1279	0	0	0	0	0	144	81	81	0	223	156	0	0	118	130	60	3577
OTU_239_18S	12313	31	305	37	0	484	0	47	28	0	161	118	0	0	0	0	0	109	0	0	0	0	13633
OTU_241_18S	1175	626	462	1683	447	1696	288	27	230	91	64	106	118	42	58	87	31	125	95	113	181	156	7901
OTU_243_18S	89	306	392	71	268	328	259	36	29	135	116	53	36	62	0	9	46	68	61	230	227	76	2897
OTU_255_18S	442	29	1247	77	0	123	533	193	139	32	796	110	1586	362	123	391	0	127	74	174	203	231	6992
OTU_256_18S	0	217	117	1618	995	1229	0	946	306	280	346	284	1223	91	32	185	287	427	262	0	139	374	9358
OTU_258_18S	0	349	394	55	22	0	0	0	22	0	0	0	0	567	305	0	0	0	0	0	0	257	1971
OTU_259_18S	1237	4247	746	0	0	0	0	0	1042	0	0	0	683	0	117	0	0	0	0	0	0	0	8072
OTU_262_18S	2218	404	292	792	49	1958	1066	22	33	74	701	221	1384	75	0	53	0	470	683	412	30	0	10937
OTU_263_18S	47	5252	507	4660	54	0	0	0	205	52	14	0	0	17	0	0	0	0	25	0	0	0	10833
OTU_264_18S	2345	128	69	137	31	4635	214	194	0	225	428	409	12	0	0	34	12	214	190	11	246	24	9558
OTU_269_18S	1302	2058	541	1240	415	1513	140	81	1067	430	157	113	348	189	137	60	104	89	0	77	804	309	11174
OTU_265_18S	2070	236	1698	1085	130	2899	0	27	34	21	47	21	31	0	20	20	0	30	36	19	50	38	8512
OTU_271_18S	0	149	21	219	1112	89	0	53	76	77	0	61	0	0	0	0	49	0	0	0	161	0	2067
OTU_270_18S	1754	118	126	547	133	714	0	0	157	130	340	236	110	188	93	80	16	344	81	184	0	162	5513
OTU_272_18S	468	422	0	319	321	1401	0	103	252	337	28	229	0	0	0	118	107	273	0	0	362	0	4740
OTU_268_18S	27	818	287	1159	28	401	97	0	26	225	0	63	33	0	78	0	184	0	0	0	56	54	3536
OTU_276_18S	0	86	31	28	3297	0	0	0	0	0	0	0	0	0	0	611	0	0	0	0	0	40	4093
OTU_279_18S	2940	374	52	44	11	185	122	551	153	14	74	32	99	0	174	129	18	640	143	21	26	343	6145
OTU_282_18S	45	29	713	676	101	295	39	0	183	0	122	40	148	432	0	229	0	1239	17	482	210	415	5415
OTU_287_18S	241	918	663	3969	179	460	0	87	0	277	0	0	11	0	0	10	52	0	0	0	0	0	6867
OTU_284_18S	87	61	997	0	0	33	0	63	18	139	0	46	93	182	123	35	15	0	35	0	119	0	2046
OTU_288_18S	31	5852	39	73	0	0	0	0	0	0	0	64	0	0	0	0	0	0	0	0	0	0	6059
OTU_295_18S	587	496	29	117	0	1984	0	0	0	0	62	0	0	0	0	0	0	95	0	0	0	0	3370
OTU_297_18S	0	0	0	0	0	0	0	0	0	0	0	1959	42	1484	0	0	0	0	0	0	1634	0	5119
OTU_299_18S	1020	506	313	2427	332	772	321	49	336	229	73	238	57	75	98	197	59	100	34	81	201	543	8061
OTU_301_18S	67	527	329	631	130	104	0	210	162	0	0	15	0	583	1992	149	0	0	0	24	0	33	4956
OTU_302_18S	511	1041	562	1849	201	1098	221	7	577	138	236	240	140	189	88	146	115	164	0	140	99	264	8026
OTU_309_18S	1114	628	417	1219	434	518	0	291	152	172	385	404	281	60	0	213	185	235	356	213	344	37	7658
OTU_310_18S	545	58	116	371	0	0	0	0	78	0	0	45	0	350	0	0	0	105	0	0	0	0	1668
OTU_312_18S	45	62	85	7	2	1238	42	666	14	0	0	26	29	84	258	127	0	32	0	81	22	419	3239
OTU_313_18S	578	642	126	465	565	1657	0	0	157	0	0	0	0	0	0	0	154	68	0	107	490	0	5009
OTU_316_18S	1568	185	980	3637	104	55	8	387	301	38	119	0	14	39	0	73	13	213	31	396	188	70	8419
OTU_320_18S	0	0	0	240	241	0	0	0	0	30	0	0	0	0	8	0	0	0	0	0	0	0	519
OTU_321_18S	1563	0	132	0	1407	1502	0	0	0	0	0	39	0	0	0	0	0	154	0	0	0	0	4797
OTU_323_18S	3646	27	33	230	15	2968	0	0	0	0	153	563	15	0	0	0	0	0	0	0	14	0	7664
OTU_326_18S	657	161	0	7767	218	65	0	0	0	125	0	0	0	0	0	0	0	0	0	0	0	0	8993
OTU_328_18S	481	0	0	0	1789	987	0	0	52	0	210	0	49	0	0	0	41	0	0	0	0	0	3609
OTU_325_18S	1246	212	848	106	20	659	0	169	240	138	161	185	36	31	86	230	70	89	58	104	186	52	4926
OTU_333_18S	37	0	308	760	381	380	348	317	93	243	275	517	1140	300	30	41	0	607	734	313	158	39	7021
OTU_329_18S	170	164	165	322	0	94	0	6	57	154	0	40	27	190	50	26	0	37	9	144	40	17	1712
OTU_336_18S	149	229	222	56	0	317	95	373	395	229	0	76	46	282	294	298	55	80	0	0	111	194	3501
OTU_338_18S	0	236	0	581	106	378	0	0	95	197	64	35	129	0	194	140	57	290	87	0	0	120	2709
OTU_332_18S	43	104	437	75	26	40	0	0	0	0	0	67	121	0	0	0	0	0	0	0	76	0	989
OTU_340_18S	2003	1711	338	917	280	1992	0	28	0	0	24	43	0	0	0	0	42	0	0	0	0	0	7378
OTU_341_18S	510	285	653	883	42	228	157	47	885	293	174	65	156	87	78	168	49	225	74	153	375	756	6343
OTU_346_18S	538	402	226	612	22	468	296	214	33	108	663	142	157	400	226	133	632	171	31	170	354	221	6219
OTU_342_18S	1161	112	51	1977	53	1284	22	30	0	288	169	86	14	0	0	0	49	197	88	0	132	0	5713
OTU_348_18S	0	157	19	51	54	24	0	0	0	0	14	0	0	0	0	16	34	13	0	0	198	0	580
OTU_354_18S	118	11	336	5337	0	0	0	0	0	0	0	0	24	0	0	0	0	0	0	0	0	0	5826
OTU_355_18S	105	144	0	4528	3029	17	0	0	448	0	0	0	0	0	47	0	261	0	0	0	57	202	8838
OTU_364_18S	179	1236	35	614	229	1415	0	0	56	471	24	130	32	0	0	34	0	290	0	0	0	18	4763
OTU_365_18S	324	549	99	706	0	568	0	0	0	0	111	0	0	0	0	0	0	113	0	51	340	0	2861
OTU_366_18S	214	944	120	293	0	1199	0	136	0	0	0	59	0	0	0	0	0	0	0	0	113	0	3078
OTU_367_18S	266	211	699	132	288	810	0	109	143	63	107	319	85	29	120	158	53	113	0	0	0	79	3784
OTU_370_18S	414	750	632	1116	28	176	0	250	244	236	259	86	70	165	162	125	0	70	69	43	241	117	5253
OTU_356_18S	2076	273	138	1226	138	503	0	109	112	142	51	64	17	0	29	85	47	64	0	18	91	0	5183
OTU_372_18S	1905	1618	45	434	109	805	0	128	283	455	95	129	46	0	0	95	198	58	82	31	307	45	6868
OTU_378_18S	534	1334	644	66	134	332	843	15	62	131	82	167	54	725	42	40	0	102	0	108	389	321	6125
OTU_381_18S	1425	1325	550	134	56	718	0	84	124	362	0	225	72	96	91	78	0	87	68	408	98	482	6483
OTU_386_18S	244	92	0	440	271	731	0	0	0	67	0	344	0	0	0	0	296	39	0	0	213	0	2737
OTU_384_18S	0	2016	0	0	0	7	0	122	33	0	0	0	7	0	0	0	40	0	0	0	185	0	2410
OTU_389_18S	1381	1164	172	296	130	90	88	54	260	133	192	0	73	0	27	0	0	17	130	103	308	0	4618
OTU_391_18S	20	5083	0	0	0	0	0	0	0	0	0	0	0	23	0	0	0	0	0	0	130	0	5256
OTU_392_18S	139	0	20	1259	281	1018	0	102	240	776	275	9	116	0	22	0	168	0	0	0	147	0	4572
OTU_397_18S	0	76	1062	26	0	0	0	0	70	0	0	0	131	1935	355	34	0	0	0	71	0	28	3788
OTU_400_18S	0	0	326	67	0	57	81	308	0	57	0	147	1124	554	127	143	0	328	104	452	221	105	4201
OTU_401_18S	0	33	17	51	0	0	0	0	69	0	0	0	0	0	0	0	0	0	0	0	0	0	170
OTU_404_18S	965	138	201	325	365	911	82	0	49	123	30	29	149	399	60	0	27	98	0	51	248	25	4275
OTU_405_18S	675	1317	145	51	46	449	0	314	260	190	81	0	0	49	76	85	0	113	74	73	0	0	3998
OTU_408_18S	356	73	280	363	15	73	163	91	115	0	49	111	561	105	59	0	24	35	43	38	280	96	2930
OTU_411_18S	0	0	185	13	0	290	0	123	109	0	0	0	50	725	79	82	0	0	0	0	0	0	1656
OTU_413_18S	347	1554	719	127	18	21	0	0	0	0	0	0	0	0	0	0	0	0	0	0	0	43	2829
OTU_415_18S	0	196	1372	876	195	807	1022	0	549	127	84	432	0	0	0	0	27	138	14	197	635	0	6671
OTU_418_18S	27	739	218	4916	0	0	0	85	0	0	0	0	0	0	0	25	0	0	0	0	0	0	6010
OTU_420_18S	0	28	2796	117	101	33	0	0	726	0	0	0	125	0	0	0	0	0	0	0	397	831	5154
OTU_423_18S	126	1426	28	174	196	1167	69	48	0	103	196	0	0	12	52	53	0	138	0	0	0	0	3788
OTU_425_18S	837	517	530	245	0	580	1188	64	54	95	152	218	41	51	127	73	38	22	0	0	158	197	5187
OTU_427_18S	2628	531	225	686	57	2937	0	7	0	0	41	14	15	0	5	0	0	28	0	12	0	0	7186
OTU_419_18S	137	94	68	1525	97	615	179	0	132	172	85	13	0	24	113	31	24	93	33	51	82	37	3605
OTU_421_18S	138	111	68	0	0	0	0	0	0	0	0	0	0	126	0	0	0	0	0	0	0	190	633
OTU_434_18S	206	109	46	567	147	349	0	34	75	0	0	14	0	0	0	64	0	81	0	0	0	0	1692
OTU_438_18S	1289	818	166	494	20	523	0	59	125	219	152	64	45	65	49	109	133	33	105	141	0	123	4732
OTU_439_18S	58	230	2694	643	19	0	0	48	25	0	0	0	53	67	51	0	0	0	0	0	0	67	3955
OTU_443_18S	1203	599	189	270	178	1158	28	0	0	0	0	0	0	0	0	0	0	0	0	0	0	0	3625
OTU_442_18S	1871	1192	425	545	41	332	10	20	0	33	72	0	8	0	0	0	11	0	0	0	0	0	4560
OTU_445_18S	1680	286	286	675	68	353	0	0	191	102	126	104	61	190	53	146	0	118	0	132	51	261	4883
OTU_447_18S	849	69	229	143	65	781	17	83	97	402	0	106	713	0	0	76	0	87	57	0	0	262	4036
OTU_448_18S	483	196	438	407	19	61	891	45	0	159	0	99	580	65	0	0	0	0	0	42	0	46	3531
OTU_451_18S	211	26	45	4527	58	20	0	0	0	199	76	617	0	0	0	0	0	0	0	0	0	0	5779
OTU_450_18S	1733	1507	843	0	0	685	0	107	42	0	64	241	38	0	0	47	0	0	0	0	170	0	5477
OTU_452_18S	29	141	0	3882	195	415	0	69	0	0	0	0	0	0	0	0	175	0	0	0	0	0	4906
OTU_444_18S	1350	0	164	0	0	264	0	0	0	0	80	0	0	0	0	0	0	0	0	0	0	0	1858
OTU_455_18S	0	0	0	61	26	263	0	0	0	27	18	0	0	0	0	0	0	0	0	0	0	0	395
OTU_459_18S	41	0	0	0	0	173	0	0	0	0	74	0	0	0	0	0	0	0	33	0	0	0	321
OTU_460_18S	564	708	322	737	209	469	385	0	533	205	201	221	49	65	0	0	0	205	98	0	0	0	4971
OTU_461_18S	53	3059	146	648	34	16	0	0	447	93	549	161	0	0	29	0	0	0	0	0	0	0	5235
OTU_456_18S	0	56	182	0	0	0	0	163	363	0	0	0	53	0	71	0	0	47	0	19	162	38	1154
OTU_467_18S	142	360	723	46	0	0	0	56	151	45	45	0	93	206	342	0	0	0	0	22	123	0	2354
OTU_463_18S	119	358	862	0	0	9	0	14	0	0	0	43	226	162	104	18	0	0	27	34	469	0	2445
OTU_472_18S	54	128	36	11	36	0	0	0	0	0	4	34	217	0	0	0	0	0	0	0	0	0	520
OTU_475_18S	1886	1201	772	279	29	1927	0	0	0	0	140	30	0	0	0	0	0	0	0	34	0	0	6298
OTU_477_18S	0	38	37	48	0	62	29	0	320	0	311	0	0	1805	838	77	0	59	0	417	0	0	4041
OTU_478_18S	16	93	52	545	97	369	0	0	53	0	0	39	0	33	0	107	0	153	24	0	0	0	1581
OTU_482_18S	0	0	260	21	0	0	0	139	22	0	0	0	0	23	53	511	0	0	0	0	0	107	1136
OTU_483_18S	264	195	10	466	344	708	0	51	0	208	0	16	0	0	53	0	120	58	0	0	0	0	2493
OTU_484_18S	20	78	99	453	66	113	177	136	329	0	0	0	39	359	477	121	0	0	0	74	0	214	2755
OTU_486_18S	40	6800	12	0	7	13	0	0	0	0	0	0	0	0	0	0	0	0	0	0	0	0	6872
OTU_490_18S	0	0	0	40	0	0	0	0	0	0	2878	0	0	254	0	0	0	0	0	87	0	0	3259
OTU_494_18S	1005	1310	31	52	611	149	0	0	0	0	24	41	0	0	0	0	0	0	57	0	67	0	3347
OTU_501_18S	542	473	45	54	0	597	0	41	66	46	0	148	0	0	0	55	83	0	90	0	76	0	2316
OTU_503_18S	1169	33	199	1564	0	223	0	0	0	114	48	73	0	416	96	0	0	76	0	18	0	282	4311
OTU_506_18S	365	93	10	116	0	12	0	33	0	73	0	0	0	0	186	0	16	115	0	0	0	169	1188
OTU_508_18S	0	4388	0	47	1491	13	0	0	0	0	0	0	0	0	0	0	0	0	0	0	0	0	5939
OTU_510_18S	0	4	90	0	9	11	0	0	0	0	3	0	2884	80	0	0	0	0	0	0	0	0	3081
OTU_511_18S	196	365	97	39	0	455	0	27	0	0	0	0	0	0	0	89	0	0	0	0	0	0	1268
OTU_515_18S	0	0	1438	0	0	8	0	46	0	0	0	0	0	484	31	0	0	0	0	0	0	29	2036
OTU_520_18S	261	709	446	108	8	776	50	29	184	134	273	148	66	31	121	48	24	45	40	191	58	140	3890
OTU_522_18S	680	1361	0	50	0	1089	0	0	0	0	0	131	118	24	0	0	0	0	0	127	0	0	3580
OTU_523_18S	1324	341	379	375	41	420	69	25	109	331	83	0	75	141	193	46	0	0	0	79	0	282	4313
OTU_525_18S	35	41	12	392	47	357	8	0	0	67	0	38	0	0	0	0	25	0	44	172	321	0	1559
OTU_526_18S	0	116	652	2210	524	965	0	0	0	0	0	0	0	0	0	0	0	0	0	0	0	0	4467
OTU_527_18S	1822	320	362	657	266	837	191	16	47	41	0	105	0	0	0	36	187	101	0	24	0	41	5053
OTU_531_18S	0	202	64	1212	0	879	0	241	195	0	0	17	241	0	0	0	0	10	0	0	1331	0	4392
OTU_533_18S	0	0	43	2951	1823	0	0	0	270	0	0	0	0	0	0	0	145	0	0	0	0	0	5232
OTU_538_18S	0	155	30	36	0	21	0	0	0	0	0	0	0	78	57	0	0	0	0	0	0	266	643
OTU_536_18S	138	179	62	249	0	387	0	17	0	103	28	12	11	0	14	61	39	0	10	34	0	44	1388
OTU_498_18S	5	4	27	3	1	19	0	0	2	0	10	4	29	0	64	3	2	3	0	0	0	20	196
OTU_541_18S	63	287	772	243	117	852	552	41	259	0	38	111	0	89	14	0	25	50	0	123	665	136	4437
OTU_544_18S	514	198	30	186	52	337	0	20	34	90	0	31	19	0	0	41	154	0	0	14	49	0	1769
OTU_545_18S	0	0	1237	0	0	289	327	0	300	0	0	0	0	354	0	0	0	0	0	661	0	0	3168
OTU_534_18S	12	1488	19	0	0	0	0	0	0	12	0	0	0	0	0	0	0	0	11	0	0	0	1542
OTU_539_18S	0	0	0	11	0	0	0	33	0	0	30	0	26	0	0	44	0	0	38	0	0	0	182
OTU_512_18S	19	350	47	153	0	136	0	0	13	255	26	25	119	0	29	23	0	0	0	0	0	14	1209
OTU_553_18S	61	214	35	73	60	391	0	0	34	68	0	24	19	0	0	0	172	0	0	0	0	0	1151
OTU_554_18S	216	2591	721	0	0	298	0	0	0	0	18	76	26	0	0	0	0	0	0	0	20	0	3966
OTU_555_18S	0	339	254	19	0	0	0	0	0	0	0	39	0	0	68	0	0	0	0	0	0	120	839
OTU_558_18S	300	169	116	805	14	298	26	28	100	153	0	89	82	56	0	61	32	60	0	32	40	7	2468
OTU_559_18S	0	66	90	113	0	3643	0	0	0	0	241	30	0	0	0	0	0	0	0	54	0	0	4237
OTU_560_18S	576	565	141	0	0	219	0	19	72	0	20	61	0	223	32	0	0	62	0	45	0	23	2058
OTU_569_18S	775	61	18	938	145	0	0	67	307	0	182	136	0	0	164	42	0	103	0	0	0	83	3021
OTU_571_18S	0	127	0	0	540	63	0	0	0	245	0	0	0	0	0	0	0	0	0	0	0	0	975
OTU_574_18S	64	32	0	69	0	94	0	166	422	127	0	0	0	0	0	0	0	0	0	0	0	100	1074
OTU_568_18S	209	174	0	0	0	35	0	0	38	0	0	0	0	0	0	49	0	0	0	0	0	0	505
OTU_575_18S	547	219	88	168	27	1225	0	30	0	32	174	30	0	0	0	37	0	220	0	0	15	0	2812
OTU_579_18S	894	1124	68	338	31	620	0	43	44	249	120	221	0	0	49	113	273	30	31	60	40	181	4529
OTU_581_18S	818	806	322	267	10	241	0	13	355	131	88	191	14	217	90	64	19	114	15	85	57	158	4075
OTU_583_18S	97	291	43	1545	0	0	0	0	0	0	0	27	0	0	0	0	0	0	0	0	0	0	2003
OTU_589_18S	0	97	0	0	0	1161	0	0	0	43	61	0	0	0	0	152	95	0	16	0	223	0	1848
OTU_591_18S	0	1402	28	28	133	0	0	0	0	509	0	0	0	0	0	0	0	84	203	0	0	0	2387
OTU_580_18S	0	157	265	0	0	209	13	44	0	0	0	177	51	59	105	36	57	0	18	156	0	201	1548
OTU_593_18S	21	178	27	574	8	218	0	0	133	139	119	59	52	0	1712	21	188	33	0	0	0	232	3714
OTU_595_18S	914	139	0	62	34	503	0	46	109	57	16	31	0	0	0	39	82	15	33	0	0	0	2080
OTU_597_18S	3169	16	3	0	22	592	0	0	0	198	0	0	0	0	0	257	0	0	0	0	0	0	4257
OTU_599_18S	963	318	0	347	0	377	1149	286	0	0	127	122	0	0	116	191	0	111	0	89	0	0	4196
OTU_600_18S	129	21	73	1958	26	578	0	0	93	103	0	0	0	0	68	113	30	46	16	0	604	158	4016
OTU_608_18S	291	179	126	1041	210	227	34	35	15	131	82	48	0	0	34	47	114	58	0	0	114	144	2930
OTU_609_18S	13	22	57	894	414	185	0	375	402	56	30	199	802	0	0	37	0	87	0	0	285	0	3858
OTU_617_18S	176	18	47	2437	452	58	0	15	0	0	83	55	39	0	0	26	0	0	0	0	57	0	3463
OTU_614_18S	0	141	296	1361	289	0	0	22	59	0	0	0	0	297	34	173	0	0	0	0	0	216	2888
OTU_628_18S	287	50	372	795	40	482	16	0	0	103	41	136	74	223	0	66	0	67	34	0	0	56	2842
OTU_629_18S	0	376	95	173	51	47	74	183	57	119	47	80	126	31	0	230	56	27	0	33	0	229	2034
OTU_631_18S	290	333	78	264	33	694	249	0	0	193	230	175	103	0	64	51	68	96	81	94	168	207	3471
OTU_634_18S	362	80	219	537	461	396	185	74	130	236	212	110	89	53	135	59	0	91	0	39	134	53	3655
OTU_636_18S	283	0	5	86	64	1514	0	0	0	0	0	164	24	0	4	646	57	0	0	0	0	0	2847
OTU_635_18S	0	0	0	0	0	0	0	0	149	65	88	0	92	0	21	0	0	0	0	0	0	0	415
OTU_637_18S	795	208	0	344	47	729	0	9	304	224	173	128	78	0	0	0	55	129	19	176	0	206	3624
OTU_638_18S	736	558	149	217	31	688	131	35	338	84	102	92	60	0	0	114	48	105	0	103	140	92	3823
OTU_639_18S	1755	490	184	0	22	806	0	0	97	124	195	127	83	0	0	0	35	68	63	91	32	111	4283
OTU_641_18S	1136	853	382	210	49	966	0	0	0	0	0	0	0	0	0	0	0	0	0	0	16	0	3612
OTU_644_18S	33	193	87	0	0	0	0	0	0	0	0	0	0	44	7	21	27	0	0	0	0	62	474
OTU_649_18S	0	93	44	577	33	737	0	0	53	0	67	0	39	0	0	55	43	67	0	94	58	0	1960
OTU_624_18S	0	23	148	27	34	253	0	0	0	0	0	0	0	32	0	0	0	0	0	26	0	0	543
OTU_654_18S	381	467	0	15	0	1461	0	0	116	95	119	24	67	0	0	0	124	0	0	41	418	0	3328
OTU_658_18S	40	109	24	3182	0	0	0	176	0	45	0	0	0	0	75	44	4	0	0	0	0	59	3758
OTU_659_18S	575	742	154	1160	67	348	0	47	51	0	0	110	0	48	52	49	0	0	0	0	0	161	3564
OTU_661_18S	245	1471	557	0	0	120	0	0	109	70	0	149	120	0	0	158	0	212	0	99	272	101	3683
OTU_665_18S	1249	137	545	110	0	555	0	0	65	144	96	88	0	0	0	0	0	48	0	0	39	105	3181
OTU_667_18S	320	141	141	0	0	378	992	0	0	0	0	31	1113	116	43	31	0	72	312	306	0	87	4083
OTU_672_18S	3577	39	0	0	7	17	0	0	0	0	0	0	0	0	0	0	0	0	0	0	0	0	3640
OTU_673_18S	747	561	481	214	42	59	169	46	246	40	34	39	216	65	90	32	9	84	69	49	30	335	3657
OTU_678_18S	945	102	32	354	85	1299	120	0	0	0	294	218	14	0	0	0	0	398	57	0	0	0	3918
OTU_679_18S	2422	0	0	682	0	43	0	0	0	60	19	0	0	0	0	0	0	0	0	0	0	0	3226
OTU_685_18S	521	577	684	16	0	322	0	154	256	0	183	0	0	0	17	0	0	0	0	0	74	0	2804
OTU_686_18S	1003	660	328	282	70	273	252	0	190	60	75	57	65	0	0	106	0	192	0	37	76	168	3894
OTU_643_18S	160	28	39	120	27	106	208	19	31	83	16	32	0	15	0	0	0	50	0	0	0	0	934
OTU_688_18S	0	34	46	8	0	0	0	234	395	0	0	367	220	56	0	127	0	0	0	0	0	0	1487
OTU_693_18S	308	95	35	217	0	199	268	116	0	45	27	34	0	0	0	115	0	0	0	103	45	297	1904
OTU_689_18S	337	556	197	378	251	706	0	0	0	0	0	0	0	0	0	0	0	0	0	0	0	0	2425
OTU_701_18S	1579	111	320	77	170	203	72	0	34	0	19	0	31	0	0	46	71	0	0	0	0	0	2733
OTU_694_18S	544	496	59	353	94	70	0	0	0	0	0	0	0	0	0	0	0	0	0	0	0	0	1616
OTU_704_18S	968	45	0	633	120	292	0	0	0	0	0	65	0	0	0	0	22	45	0	0	33	0	2223
OTU_706_18S	130	552	161	276	0	1242	0	0	0	0	0	217	144	0	64	0	0	0	91	163	135	0	3175
OTU_709_18S	0	23	46	8	0	622	0	62	31	0	16	0	41	51	691	103	0	45	0	115	0	71	1925
OTU_710_18S	367	212	25	97	0	420	25	65	205	0	27	0	0	0	0	0	267	100	80	47	80	0	2017
OTU_712_18S	0	49	0	589	81	21	0	0	108	138	0	0	0	0	50	17	84	0	0	0	0	37	1174
OTU_717_18S	1163	527	282	51	22	1416	92	0	0	0	57	0	0	0	0	0	0	6	31	0	0	0	3647
OTU_719_18S	15	0	0	328	12	607	0	56	83	0	11	0	0	0	11	0	0	0	0	7	0	0	1130
OTU_721_18S	71	4	18	126	254	88	197	18	78	93	31	49	0	0	0	0	0	66	10	29	321	0	1453
OTU_726_18S	0	60	390	1482	12	0	0	0	0	0	0	0	0	20	0	83	0	0	15	0	0	13	2075
OTU_728_18S	89	104	4	54	347	30	0	0	21	120	0	22	0	0	0	23	0	0	0	0	0	0	814
OTU_724_18S	202	36	0	17	6	52	0	67	0	36	0	20	0	0	143	0	63	66	0	0	0	0	708
OTU_725_18S	199	213	83	346	38	0	0	83	56	0	0	0	17	0	0	0	0	0	0	0	0	0	1035
OTU_733_18S	1217	28	49	525	24	149	0	0	0	68	11	76	94	0	0	0	2	30	41	0	0	0	2314
OTU_735_18S	0	208	96	0	0	806	0	18	141	19	0	109	30	0	0	0	0	52	27	0	53	14	1573
OTU_736_18S	45	330	35	214	120	150	0	0	49	49	0	0	213	0	55	67	61	0	35	0	0	77	1500
OTU_738_18S	22	0	0	765	413	117	0	41	294	77	0	0	169	0	0	58	0	0	0	0	61	0	2017
OTU_729_18S	47	289	530	1186	0	23	0	24	0	0	0	0	0	0	0	0	0	0	0	0	0	0	2099
OTU_739_18S	672	262	12	154	26	461	98	149	316	75	372	30	46	14	290	0	58	0	0	0	35	0	3070
OTU_751_18S	0	72	48	0	0	111	0	0	4	106	0	0	31	56	0	35	19	38	0	0	0	59	579
OTU_752_18S	76	0	41	1828	37	7	0	77	0	532	80	0	0	0	0	88	28	0	0	0	0	55	2849
OTU_758_18S	993	1155	305	140	62	653	0	0	0	0	23	0	0	0	0	0	0	0	0	0	0	0	3331
OTU_759_18S	675	240	79	378	57	604	0	0	129	21	22	238	0	0	0	21	55	0	0	0	297	201	3017
OTU_765_18S	44	14	12	265	559	28	63	0	0	0	0	0	0	0	18	322	0	42	13	280	62	0	1722
OTU_775_18S	0	0	535	0	0	838	0	46	0	0	0	0	55	35	0	0	0	87	42	32	0	0	1670
OTU_777_18S	8	22	406	1020	41	0	0	43	183	63	0	0	0	105	40	0	0	20	0	44	0	346	2341
OTU_785_18S	0	0	393	350	0	0	0	0	0	0	20	0	0	110	530	0	0	0	0	0	0	80	1483
OTU_786_18S	0	0	1235	1335	0	0	0	81	0	0	0	0	0	92	0	0	0	0	0	0	0	52	2795
OTU_698_18S	42	19	8	15	0	45	0	0	0	40	0	0	0	0	0	0	0	0	0	0	0	19	188
OTU_793_18S	168	77	643	0	572	0	0	0	0	0	0	0	0	91	169	25	0	0	0	0	0	0	1745
OTU_796_18S	433	578	194	599	161	980	0	0	0	0	0	0	0	0	0	0	0	0	0	0	0	0	2945
OTU_802_18S	773	29	68	168	8	236	97	101	82	0	32	0	30	0	77	15	85	32	0	70	91	89	2083
OTU_804_18S	0	0	460	15	0	0	0	0	0	0	0	0	0	83	6	0	0	0	0	0	0	0	564
OTU_791_18S	65	168	0	0	0	467	0	0	47	38	62	0	0	0	0	0	0	185	0	0	36	0	1068
OTU_807_18S	57	2005	389	73	30	112	0	0	0	0	0	0	0	0	0	0	0	0	0	0	0	0	2666
OTU_808_18S	0	0	130	0	0	473	125	91	575	0	0	0	0	0	0	46	0	0	0	0	0	0	1440
OTU_809_18S	1053	0	370	279	0	102	0	0	0	215	0	12	38	0	0	0	0	0	0	0	151	0	2220
OTU_810_18S	1497	245	55	0	0	108	0	0	0	686	0	97	0	0	56	0	0	0	0	0	0	0	2744
OTU_812_18S	954	186	91	398	0	248	484	57	71	210	65	94	0	0	0	0	0	0	78	59	0	0	2995
OTU_814_18S	0	309	241	1967	26	0	0	20	136	0	0	0	15	27	11	0	11	0	0	0	0	0	2763
OTU_816_18S	0	72	116	256	0	58	0	0	111	0	29	0	0	53	0	174	14	0	0	0	0	0	883
OTU_819_18S	0	0	41	21	6	23	0	98	31	0	0	0	15	350	33	0	0	0	0	0	0	114	732
OTU_820_18S	363	144	180	106	12	892	0	0	0	0	0	0	0	6	0	0	0	0	0	0	0	0	1703
OTU_821_18S	0	0	0	79	0	0	71	0	103	0	87	0	0	0	0	48	0	0	8	125	0	115	636
OTU_827_18S	2	0	0	1121	0	18	0	0	85	0	0	0	0	0	0	201	0	0	0	0	0	0	1427
OTU_828_18S	0	0	317	111	0	0	0	0	77	0	0	0	0	530	143	0	0	0	0	0	0	151	1329
OTU_518_18S	638	560	122	172	27	312	0	0	0	0	0	0	0	0	0	0	0	0	0	0	0	0	1831
OTU_834_18S	0	0	114	65	13	0	0	0	0	0	0	0	0	0	71	177	0	44	0	0	0	0	484
OTU_836_18S	29	167	524	692	150	83	0	28	0	25	19	37	0	76	22	22	0	16	0	47	0	0	1937
OTU_840_18S	574	229	130	118	0	139	84	0	66	0	45	107	57	0	0	53	0	83	41	89	46	224	2085
OTU_844_18S	0	0	13	204	0	0	0	170	202	0	0	0	0	36	88	70	0	0	0	0	0	230	1013
OTU_848_18S	42	63	326	466	144	242	238	0	106	384	35	108	30	0	62	0	57	91	7	0	0	316	2717
OTU_849_18S	313	219	102	642	231	172	79	0	34	147	64	68	0	17	0	0	0	0	29	0	114	0	2231
OTU_851_18S	25	165	34	136	0	10	286	51	0	28	31	49	31	148	48	5	0	68	15	98	0	167	1395
OTU_853_18S	784	127	44	73	28	652	0	0	308	0	147	0	0	0	0	0	0	186	0	76	0	83	2508
OTU_854_18S	0	162	237	0	0	0	0	0	120	0	0	0	0	157	124	0	0	0	0	0	0	0	800
OTU_856_18S	492	721	212	71	30	189	63	0	0	0	44	76	79	46	27	13	36	0	0	111	0	48	2258
OTU_857_18S	290	395	63	228	0	383	210	0	92	62	89	107	46	0	0	35	0	92	0	0	0	45	2137
OTU_860_18S	472	90	76	0	0	77	0	0	0	0	0	122	61	26	0	81	0	47	0	0	0	0	1052
OTU_865_18S	0	21	16	1752	278	0	0	0	26	0	0	0	0	0	0	104	25	0	20	0	0	0	2242
OTU_872_18S	248	520	0	60	48	130	0	0	76	0	0	39	0	0	0	0	0	36	0	0	0	0	1157
OTU_873_18S	1236	192	81	0	0	753	0	0	0	0	0	81	0	0	0	0	0	0	0	0	0	0	2343
OTU_875_18S	139	0	259	136	131	261	0	79	228	158	7	27	0	67	264	0	17	89	0	0	0	61	1923
OTU_876_18S	198	40	103	0	111	266	0	12	41	47	0	125	28	0	17	0	0	0	0	0	0	78	1066
OTU_874_18S	0	0	123	309	319	493	0	0	0	0	34	0	7	0	0	0	0	0	0	12	106	0	1403
OTU_878_18S	284	236	0	11	124	613	0	0	97	0	0	115	0	0	14	39	0	0	15	14	0	0	1562
OTU_880_18S	50	111	167	0	26	105	160	33	70	0	20	0	323	0	0	0	0	0	31	154	0	0	1250
OTU_889_18S	0	131	182	0	0	77	0	0	108	0	0	41	0	185	54	0	0	35	0	56	0	261	1130
OTU_890_18S	382	744	560	48	0	325	0	0	17	0	29	0	0	0	19	0	0	0	0	0	0	0	2124
OTU_891_18S	41	44	65	96	16	132	0	25	47	29	367	119	0	76	49	70	0	0	0	141	0	56	1373
OTU_898_18S	0	189	0	0	0	0	0	0	0	0	154	103	0	0	0	113	0	0	315	0	417	0	1291
OTU_900_18S	210	75	67	55	0	69	0	66	0	0	33	19	34	71	30	370	0	59	0	0	49	28	1235
OTU_903_18S	65	15	0	814	12	0	0	0	773	39	19	5	15	0	39	0	9	0	0	0	0	0	1805
OTU_905_18S	45	21	0	156	66	628	0	0	0	0	0	0	0	0	0	0	0	0	11	0	0	0	927
OTU_913_18S	0	263	0	0	14	2291	0	0	159	0	0	0	0	0	0	0	0	0	0	0	0	0	2727
OTU_914_18S	0	235	581	0	0	38	0	28	38	0	0	0	36	429	162	0	0	0	0	42	0	0	1589
OTU_917_18S	77	102	41	248	51	0	0	0	0	77	0	0	0	0	0	0	0	0	0	0	204	0	800
OTU_902_18S	0	0	67	0	0	73	42	0	0	0	0	0	0	198	0	0	0	0	0	0	0	0	380
OTU_921_18S	809	261	68	145	0	585	19	0	0	0	0	0	0	0	0	0	0	0	0	0	0	0	1887
OTU_922_18S	0	0	0	172	54	167	0	0	0	55	0	0	0	0	0	0	106	0	0	0	0	0	554
OTU_923_18S	0	0	17	47	48	0	0	0	0	0	0	0	0	0	0	0	0	0	0	0	72	0	184
OTU_926_18S	553	48	92	26	0	308	0	0	0	0	0	123	0	73	0	0	0	88	0	217	126	88	1742
OTU_934_18S	46	11	31	164	8	784	153	0	0	74	384	14	65	0	0	0	0	211	137	242	0	0	2324
OTU_936_18S	0	275	800	0	0	441	0	0	0	0	0	0	0	31	21	0	0	0	0	0	144	0	1712
OTU_939_18S	74	95	76	0	0	418	0	84	34	0	32	0	118	0	0	84	0	0	97	0	0	0	1112
OTU_938_18S	38	10	72	151	28	45	0	0	0	0	23	0	0	0	0	0	0	0	0	0	19	0	386
OTU_933_18S	0	0	0	105	4	0	0	0	75	0	0	0	0	603	0	125	0	0	0	0	0	0	912
OTU_941_18S	0	116	384	46	0	0	0	0	184	0	0	0	0	244	144	64	0	0	0	25	0	513	1720
OTU_942_18S	24	91	82	59	37	122	0	0	41	0	0	0	0	0	0	53	0	0	0	0	0	0	509
OTU_944_18S	0	0	17	0	0	559	0	0	0	0	0	2160	0	0	0	0	0	20	80	0	0	0	2836
OTU_946_18S	0	0	0	373	138	0	0	0	104	0	0	0	0	0	0	0	3	0	0	0	0	0	618
OTU_957_18S	0	0	216	17	0	12	0	53	0	0	0	0	0	11	0	252	0	26	0	12	0	0	599
OTU_958_18S	937	547	0	370	72	597	0	0	0	0	0	77	31	0	0	0	31	0	21	0	76	14	2773
OTU_959_18S	1044	276	128	37	0	121	62	0	0	0	0	0	50	0	0	0	0	0	0	67	0	51	1836
OTU_963_18S	10	771	211	0	0	75	107	0	0	0	0	101	83	0	0	0	0	0	0	0	0	24	1382
OTU_966_18S	137	78	0	0	0	671	813	0	0	0	0	122	0	0	0	0	0	0	0	0	902	0	2723
OTU_967_18S	605	262	0	0	0	251	97	0	0	0	0	180	0	0	0	0	0	0	0	123	0	0	1518
OTU_968_18S	20	164	0	202	80	38	0	0	0	50	0	0	0	0	0	0	0	0	0	0	0	0	554
OTU_969_18S	109	205	53	433	15	82	0	0	0	46	50	5	0	0	0	42	0	0	0	0	637	0	1677
OTU_970_18S	0	0	224	290	0	1196	0	0	54	0	110	0	0	84	51	0	0	0	0	0	0	0	2009
OTU_974_18S	0	215	146	0	0	0	0	0	0	218	0	0	0	0	0	0	0	0	16	0	0	0	595
OTU_981_18S	274	201	67	188	471	657	0	0	0	0	0	0	0	0	14	0	0	0	0	0	31	0	1903
OTU_984_18S	402	184	135	341	74	148	0	19	19	53	65	0	40	42	0	0	0	0	15	23	32	0	1592
OTU_994_18S	556	410	250	42	9	495	74	0	0	0	56	0	32	0	27	0	0	0	0	0	0	0	1951
OTU_999_18S	103	44	58	68	0	0	0	0	0	0	0	0	0	0	0	0	0	0	0	0	0	0	273
OTU_1004_18S	199	0	0	0	216	52	0	0	21	61	0	0	9	0	8	0	17	0	0	0	0	0	583
OTU_1005_18S	1869	48	0	0	16	0	0	0	0	59	109	0	0	0	0	23	0	0	0	0	0	0	2124
OTU_1007_18S	1711	0	0	46	66	179	0	0	135	0	0	0	0	0	0	0	0	0	0	0	0	0	2137
OTU_1008_18S	317	116	86	0	0	600	0	108	0	0	0	86	0	0	0	98	138	33	0	0	0	0	1582
OTU_1009_18S	1504	301	145	20	0	596	16	0	0	0	0	0	0	0	0	0	0	0	0	0	0	0	2582
OTU_1012_18S	179	79	37	617	26	267	126	0	0	0	0	0	60	0	0	0	20	145	0	15	0	50	1621
OTU_1013_18S	0	0	30	150	21	0	0	0	282	0	0	0	20	154	0	34	0	0	0	0	0	27	718
OTU_1015_18S	117	197	38	99	352	229	323	18	42	202	0	73	29	0	8	74	14	0	59	29	0	67	1970
OTU_1016_18S	229	24	145	0	0	598	183	0	0	0	0	22	58	35	0	0	0	138	425	85	0	0	1942
OTU_1017_18S	182	40	0	0	0	275	0	0	0	0	28	0	0	0	0	0	0	0	0	0	0	0	525
OTU_1018_18S	0	592	0	64	64	225	0	0	37	0	88	0	0	0	0	0	0	0	0	0	0	0	1070
OTU_1022_18S	0	197	42	0	0	1090	0	0	0	0	0	0	0	0	36	0	0	0	0	247	0	49	1661
OTU_1026_18S	1066	370	14	33	24	839	0	0	0	16	0	0	0	0	0	0	0	0	0	0	0	0	2362
OTU_1019_18S	0	41	7	87	43	19	0	48	3	0	0	51	124	20	12	0	0	0	26	0	0	0	481
OTU_1037_18S	0	0	89	240	179	16	0	0	1025	0	0	0	0	0	0	182	0	75	0	0	0	0	1806
OTU_1042_18S	75	62	0	570	301	19	0	86	59	0	73	0	24	0	17	48	11	0	0	0	0	0	1345
OTU_1043_18S	46	77	87	506	414	268	0	0	28	0	0	0	0	0	0	7	0	12	0	0	16	0	1461
OTU_1045_18S	0	0	0	0	5	683	85	0	0	0	0	843	0	0	0	0	0	0	0	0	0	0	1616
OTU_1047_18S	0	174	76	179	679	389	0	0	25	25	0	83	7	0	30	0	0	90	0	0	0	0	1757
OTU_1048_18S	0	284	240	0	352	482	152	0	57	0	0	19	0	0	0	0	0	0	0	0	191	163	1940
OTU_1051_18S	385	355	16	515	43	133	0	0	0	27	0	0	0	0	0	0	0	0	0	0	0	0	1474
OTU_1052_18S	0	522	0	0	0	554	0	0	0	0	0	116	0	0	0	0	0	63	53	0	0	0	1308
OTU_1054_18S	294	89	117	112	15	31	42	77	77	0	0	0	33	0	0	41	43	236	0	0	31	34	1272
OTU_1056_18S	89	223	27	252	0	47	0	0	171	0	0	102	177	0	63	32	0	0	0	0	0	30	1213
OTU_1057_18S	78	385	0	0	27	1088	0	0	0	80	0	34	0	0	0	11	0	105	0	0	0	0	1808
OTU_1059_18S	116	103	40	233	100	81	0	0	0	93	46	46	0	0	77	0	32	0	0	19	156	33	1175
OTU_1060_18S	0	49	218	829	59	60	109	0	197	0	15	0	0	132	0	41	0	25	15	75	93	76	1993
OTU_1062_18S	112	2244	33	24	0	0	0	0	0	0	0	0	0	0	0	0	0	0	0	0	153	0	2566
OTU_1065_18S	219	1106	0	98	0	0	0	0	0	0	0	76	0	0	0	254	0	0	0	0	0	0	1753
OTU_1067_18S	86	100	0	169	12	618	0	0	0	116	290	26	0	0	0	0	0	253	0	0	0	0	1670
OTU_1071_18S	204	49	106	52	0	760	271	0	0	188	0	85	0	0	0	0	0	157	0	0	121	0	1993
OTU_1073_18S	115	123	186	66	0	113	0	0	0	88	76	0	0	0	57	70	0	0	0	104	0	287	1285
OTU_1074_18S	451	539	56	40	49	722	0	0	0	284	0	0	0	0	0	0	88	0	13	0	161	0	2403
OTU_1078_18S	433	797	41	280	0	25	0	0	0	0	21	33	12	12	0	18	0	0	0	0	65	0	1737
OTU_1079_18S	221	291	117	269	92	497	0	0	161	0	0	96	23	0	0	27	0	0	0	0	0	0	1794
OTU_1081_18S	15	109	235	147	0	0	0	0	22	0	48	0	81	33	27	25	0	18	0	58	72	0	890
OTU_1075_18S	147	69	44	0	0	556	0	0	0	0	0	0	0	0	0	0	0	0	0	0	0	0	816
OTU_1082_18S	992	5	0	164	0	11	0	0	0	386	5	62	0	0	0	0	0	0	0	0	0	0	1625
OTU_1084_18S	81	58	46	0	20	504	56	64	64	0	109	61	10	23	0	0	132	81	0	122	0	15	1446
OTU_1085_18S	0	0	21	10	4	0	0	45	0	0	0	0	0	200	0	0	0	0	0	0	0	0	280
OTU_1087_18S	324	40	40	184	23	100	0	59	0	243	116	82	40	0	9	39	21	9	0	0	0	24	1353
OTU_1092_18S	815	116	81	0	0	270	0	0	55	0	24	76	0	0	0	0	23	0	0	0	19	0	1479
OTU_1101_18S	8	437	122	0	0	0	0	33	92	0	0	0	0	94	54	70	0	0	0	0	0	73	983
OTU_1107_18S	146	0	83	100	104	153	0	75	47	0	263	24	0	35	164	13	0	20	13	0	0	0	1240
OTU_1108_18S	375	92	0	310	526	524	0	0	0	0	0	393	0	0	0	0	0	0	0	0	0	28	2248
OTU_1112_18S	42	60	39	244	158	0	0	56	0	0	0	0	0	0	0	0	0	0	0	0	0	0	599
OTU_1113_18S	0	0	7	32	0	444	75	167	82	0	79	108	154	24	14	27	0	48	115	28	91	24	1519
OTU_1117_18S	326	238	18	183	219	85	0	0	0	0	0	0	0	0	0	0	0	0	0	0	0	0	1069
OTU_1119_18S	682	0	10	0	0	828	196	0	0	0	18	0	0	0	0	0	0	0	0	16	0	29	1779
OTU_1121_18S	164	102	81	48	7	181	41	46	105	99	10	19	7	0	0	24	0	47	0	6	10	28	1025
OTU_1124_18S	0	0	0	0	0	0	0	0	0	0	0	0	193	70	0	114	0	0	0	321	35	0	733
OTU_1128_18S	13	131	0	123	0	69	0	0	0	0	0	0	0	0	0	0	0	0	0	0	0	0	336
OTU_1133_18S	355	9	0	1305	348	130	0	0	18	0	0	0	0	0	0	0	0	0	0	0	0	0	2165
OTU_1134_18S	760	30	0	174	455	283	0	0	0	0	0	0	0	0	0	0	0	0	0	0	0	0	1702
OTU_1137_18S	0	11	123	279	0	145	0	0	232	33	26	0	34	63	55	135	0	0	0	0	0	58	1194
OTU_1147_18S	0	24	268	121	11	23	71	73	102	0	0	152	98	51	80	66	0	0	0	73	174	20	1407
OTU_1151_18S	0	0	125	245	0	0	0	52	0	0	0	0	0	0	0	0	0	0	0	51	444	18	935
OTU_1154_18S	168	175	17	22	25	130	0	0	0	69	0	0	0	0	0	0	0	0	0	0	0	11	617
OTU_1155_18S	0	0	149	19	0	28	0	57	0	0	95	0	336	0	27	0	0	81	0	113	147	0	1052
OTU_1129_18S	0	111	361	56	91	0	0	0	199	64	0	0	0	0	33	42	0	0	0	0	0	124	1081
OTU_1156_18S	215	65	0	0	0	242	0	0	62	0	0	0	226	158	0	0	0	0	48	0	0	0	1016
OTU_1157_18S	136	314	70	47	0	16	0	0	0	357	0	0	0	0	0	0	0	20	0	0	0	0	960
OTU_1161_18S	0	62	44	0	0	1436	72	0	0	0	91	0	0	65	0	0	0	0	0	60	0	0	1830
OTU_1163_18S	449	274	144	364	64	251	0	20	102	0	0	51	35	0	0	0	105	10	0	0	113	133	2115
OTU_1169_18S	0	0	0	0	0	1755	0	0	0	0	92	37	0	0	0	0	0	0	0	0	68	0	1952
OTU_1160_18S	0	78	689	0	0	0	0	0	0	0	0	0	0	0	0	42	0	0	0	0	0	48	857
OTU_1174_18S	0	415	29	0	0	0	0	0	405	0	0	0	0	0	31	143	0	0	0	0	0	0	1023
OTU_1175_18S	106	88	312	83	28	237	0	91	0	0	17	131	79	10	32	0	21	45	20	0	47	0	1347
OTU_1176_18S	0	0	0	0	0	217	0	134	0	0	25	0	82	0	0	35	0	113	0	0	0	0	606
OTU_1178_18S	285	0	148	56	0	211	36	0	0	0	95	0	170	0	30	0	0	140	18	0	0	0	1189
OTU_1181_18S	206	141	96	0	0	51	0	130	40	71	68	0	0	0	0	14	144	140	0	48	0	0	1149
OTU_1190_18S	145	71	0	332	61	111	60	0	0	0	0	262	68	0	0	0	95	140	0	0	198	0	1543
OTU_1191_18S	0	348	177	67	0	63	0	0	70	0	0	0	0	0	0	0	0	0	0	101	0	0	826
OTU_1196_18S	0	0	61	268	34	0	0	0	0	0	0	0	0	0	0	105	0	0	0	0	0	0	468
OTU_1201_18S	86	276	15	197	135	614	129	0	0	0	0	106	0	0	0	0	159	69	0	0	0	30	1816
OTU_1204_18S	31	370	29	78	5	24	0	0	517	129	21	79	0	0	77	21	0	5	0	8	68	0	1462
OTU_1208_18S	0	0	13	179	16	0	138	17	177	0	38	11	9	0	0	0	0	0	11	77	0	0	686
OTU_1211_18S	226	136	115	738	43	413	266	0	0	0	0	0	0	0	0	0	38	0	0	0	0	0	1975
OTU_1215_18S	0	0	769	0	14	0	0	0	0	0	0	0	226	0	0	10	0	0	0	0	0	0	1019
OTU_1217_18S	688	93	68	57	115	411	257	0	0	0	0	0	0	0	0	0	0	45	76	0	0	0	1810
OTU_1218_18S	579	509	132	80	0	463	46	0	0	0	0	0	0	0	0	0	0	0	0	0	0	0	1809
OTU_1220_18S	309	212	105	355	29	256	0	0	73	45	0	0	33	0	0	0	71	61	0	0	27	91	1667
OTU_1221_18S	50	0	5	36	64	0	0	0	0	66	0	0	0	0	0	0	0	0	0	0	0	0	221
OTU_1223_18S	611	14	386	260	7	323	0	0	0	0	0	0	25	0	0	0	19	0	0	22	0	0	1667
OTU_1228_18S	232	107	64	247	25	64	0	40	0	0	0	0	28	0	0	0	0	0	0	0	0	0	807
OTU_1230_18S	263	0	40	9	0	9	0	0	0	0	0	0	0	0	0	0	0	0	0	0	0	0	321
OTU_1234_18S	0	44	453	0	0	0	0	0	0	0	0	0	0	185	186	12	0	0	0	0	0	0	880
OTU_1235_18S	0	62	363	457	57	63	0	0	28	109	0	52	0	0	0	29	0	0	0	97	0	79	1396
OTU_1241_18S	138	606	0	42	0	851	87	0	24	0	93	0	0	0	0	0	0	0	0	23	179	0	2043
OTU_1248_18S	337	257	0	41	19	393	0	0	0	249	24	0	0	0	0	0	9	11	0	0	40	0	1380
OTU_1250_18S	56	39	0	97	310	34	0	0	0	0	0	0	0	0	0	0	0	0	0	0	0	0	536
OTU_1251_18S	0	0	22	0	0	0	0	0	0	0	0	0	0	224	36	0	0	0	0	0	0	15	297
OTU_1254_18S	32	24	60	650	17	51	0	61	0	0	30	0	0	0	47	49	0	65	30	0	29	32	1177
OTU_1259_18S	0	14	238	17	13	394	0	283	162	0	0	0	41	0	0	0	0	0	0	0	0	0	1162
OTU_1260_18S	139	85	135	2	3	246	92	89	34	0	428	0	0	25	0	3	0	0	0	37	0	0	1318
OTU_1262_18S	92	24	7	148	5	39	0	9	0	0	47	0	0	0	0	0	0	30	0	0	0	14	415
OTU_1269_18S	0	63	497	0	0	0	0	0	0	0	0	0	0	0	0	0	0	0	0	0	91	122	773
OTU_1279_18S	0	0	0	0	0	0	60	97	245	54	0	57	56	0	92	0	0	34	114	0	94	0	903
OTU_1292_18S	166	113	111	805	94	248	0	0	0	0	0	0	0	0	0	90	0	0	0	0	0	0	1627
OTU_1295_18S	78	432	0	55	26	196	0	0	0	0	0	0	0	0	0	0	19	58	0	0	0	36	900
OTU_1289_18S	19	431	25	0	52	501	0	0	179	0	0	18	0	0	31	0	19	15	0	0	21	0	1311
OTU_1297_18S	225	110	0	164	138	54	0	0	0	63	0	0	0	0	0	0	10	0	0	0	0	0	764
OTU_1301_18S	128	196	90	377	208	275	0	0	0	0	0	0	0	0	0	0	0	17	0	0	0	0	1291
OTU_1308_18S	926	0	40	0	0	199	0	0	0	0	0	0	0	0	0	0	11	0	0	0	0	0	1176
OTU_1309_18S	0	0	0	0	0	95	12	0	0	15	54	70	2	0	0	0	325	53	107	0	0	0	733
OTU_1314_18S	124	39	0	122	15	89	0	0	0	145	195	51	0	0	0	0	144	118	0	0	0	0	1042
OTU_1317_18S	428	331	109	97	0	112	0	0	0	84	0	0	0	15	0	0	0	0	0	0	41	193	1410
OTU_1319_18S	378	0	31	322	0	278	0	0	39	67	0	0	58	0	0	29	0	0	0	30	0	0	1232
OTU_1321_18S	1058	0	9	0	46	371	0	0	0	0	0	0	0	0	0	0	0	0	0	0	59	0	1543
OTU_1325_18S	67	63	0	0	32	48	0	0	0	25	0	51	0	0	0	0	0	0	0	0	0	57	343
OTU_1328_18S	280	92	156	84	32	29	77	0	95	0	0	26	0	310	0	31	0	66	0	46	12	27	1363
OTU_1330_18S	77	252	0	0	25	657	0	0	0	0	0	0	0	0	0	0	0	0	0	0	36	0	1047
OTU_1281_18S	0	97	76	0	0	0	0	0	0	0	0	0	0	0	0	0	0	0	44	0	32	0	249
OTU_1340_18S	93	49	0	129	0	291	0	0	0	35	0	0	0	0	0	105	0	169	0	0	0	193	1064
OTU_1342_18S	1308	0	0	0	8	61	0	0	0	40	0	85	0	0	0	0	0	0	0	0	0	0	1502
OTU_1349_18S	0	164	60	180	0	198	0	0	195	0	0	0	0	120	0	0	0	0	0	0	0	132	1049
OTU_1352_18S	80	87	73	91	0	318	0	12	24	0	183	0	175	21	0	17	0	0	19	70	30	31	1231
OTU_1354_18S	0	0	0	35	0	0	0	85	118	0	0	0	50	462	0	0	0	0	0	0	0	0	750
OTU_1366_18S	0	83	16	0	0	0	0	32	78	0	0	34	73	156	74	23	21	129	0	238	28	35	1020
OTU_1368_18S	87	0	0	79	597	76	0	0	0	0	0	0	0	0	0	0	33	7	0	0	0	0	879
OTU_1372_18S	343	605	213	75	15	81	0	0	0	0	0	0	0	0	0	0	0	0	0	0	0	0	1332
OTU_1374_18S	41	28	49	0	0	75	0	0	0	0	0	0	0	0	0	0	0	0	0	0	0	0	193
OTU_1382_18S	68	0	95	205	0	14	13	51	47	0	16	0	0	0	0	64	0	60	0	0	0	0	633
OTU_1383_18S	42	20	18	948	26	26	0	0	0	0	135	0	129	0	0	0	0	34	0	83	0	28	1489
OTU_1387_18S	0	453	271	0	0	0	234	10	0	0	0	232	0	0	0	0	0	0	0	0	0	434	1634
OTU_1392_18S	68	103	0	183	131	65	19	121	17	39	19	23	14	0	89	19	18	36	0	0	44	9	1017
OTU_1396_18S	379	0	0	157	160	67	0	0	0	149	121	0	0	0	0	0	0	107	0	0	0	0	1140
OTU_1400_18S	0	126	0	721	72	185	0	0	0	0	0	0	0	0	0	0	0	0	0	0	29	0	1133
OTU_1403_18S	0	0	0	0	332	0	314	50	6	0	0	0	0	0	6	0	0	0	10	0	0	0	718
OTU_1413_18S	164	58	113	239	37	188	0	0	0	0	52	0	37	0	0	0	0	0	0	0	0	0	888
OTU_1415_18S	437	521	22	52	152	50	0	0	0	57	0	0	0	0	0	0	0	0	0	0	16	0	1307
OTU_1417_18S	19	16	13	42	4	26	0	0	0	94	21	9	0	0	0	0	0	0	0	0	0	0	244
OTU_1420_18S	302	166	8	307	26	163	0	85	0	97	67	13	0	0	0	0	0	7	0	9	25	0	1275
OTU_1435_18S	28	169	10	0	10	503	0	0	0	0	0	36	0	0	0	0	28	0	0	0	0	0	784
OTU_1440_18S	105	0	94	438	0	70	0	0	0	0	0	0	0	0	0	0	0	54	0	125	142	160	1188
OTU_1441_18S	0	0	0	20	0	0	0	26	81	0	10	0	0	0	51	607	0	0	8	0	0	0	803
OTU_1442_18S	0	0	82	240	55	460	0	34	0	0	0	0	33	51	0	0	0	0	0	0	0	0	955
OTU_1447_18S	0	0	90	0	0	0	0	0	0	0	0	0	376	115	0	0	0	0	0	92	73	0	746
OTU_1450_18S	219	62	0	83	0	0	0	0	0	0	0	0	0	0	0	77	0	0	0	0	0	0	441
OTU_1456_18S	0	0	0	330	226	0	0	35	125	0	0	0	13	0	0	0	0	0	0	0	40	8	777
OTU_1459_18S	0	129	0	216	152	44	0	0	0	122	0	68	0	0	0	0	0	26	0	0	0	0	757
OTU_1464_18S	328	91	159	80	73	34	0	0	0	36	122	87	47	0	0	0	43	0	0	0	0	0	1100
OTU_1470_18S	189	249	73	0	0	32	0	0	101	0	0	31	14	0	0	0	70	0	0	53	0	0	812
OTU_1473_18S	0	131	54	49	8	145	0	40	0	52	15	0	0	0	0	47	0	0	0	87	29	0	657
OTU_1479_18S	0	0	0	6	0	0	0	27	123	0	0	0	202	152	62	93	0	0	0	0	0	71	736
OTU_1480_18S	397	126	314	164	21	6	0	63	102	0	0	13	21	0	0	0	0	0	26	31	51	40	1375
OTU_1489_18S	190	269	58	0	0	153	0	0	0	53	0	39	0	0	29	0	0	0	0	0	0	0	791
OTU_1491_18S	53	22	0	40	0	50	0	0	0	0	0	0	0	0	0	0	0	0	0	0	0	0	165
OTU_1496_18S	281	71	79	338	97	284	0	0	0	0	0	0	0	0	0	0	0	0	0	0	0	0	1150
OTU_1498_18S	548	695	148	0	0	186	0	0	0	0	0	0	0	0	0	0	0	0	0	0	0	0	1577
OTU_1500_18S	705	37	0	259	105	72	0	0	0	0	0	0	0	0	0	0	0	0	0	0	0	0	1178
OTU_1505_18S	0	0	0	782	0	0	0	0	46	0	66	0	0	0	24	0	0	107	31	0	0	0	1056
OTU_1510_18S	0	0	0	0	0	12	0	0	0	68	17	0	0	0	0	0	8	0	0	0	0	0	105
OTU_1511_18S	7	40	9	27	19	8	0	20	0	0	0	0	16	0	57	0	0	0	0	0	0	0	203
OTU_1513_18S	0	0	0	138	28	86	0	0	397	0	0	0	0	0	0	0	97	55	0	69	203	0	1073
OTU_1516_18S	0	8	19	41	0	0	0	0	0	0	0	46	0	0	0	0	0	0	0	0	10	0	124
OTU_1524_18S	0	154	9	0	82	112	0	0	0	236	0	23	0	0	156	0	143	0	59	0	0	0	974
OTU_1538_18S	0	154	0	65	0	77	0	46	38	73	40	32	0	0	0	104	0	127	0	0	0	0	756
OTU_1541_18S	0	7	120	343	35	0	0	12	47	0	0	0	468	20	0	0	0	0	0	0	0	0	1052
OTU_1544_18S	0	0	0	0	0	29	0	144	115	0	0	0	0	0	18	49	0	31	0	0	0	51	437
OTU_1545_18S	0	121	65	100	0	0	0	0	41	0	0	0	0	0	12	18	0	0	0	0	0	66	423
OTU_1551_18S	0	0	200	44	0	0	0	0	0	0	0	0	0	116	0	68	0	0	0	40	0	0	468
OTU_1554_18S	98	103	192	0	105	145	25	0	292	0	0	0	0	0	0	0	0	110	0	0	26	63	1159
OTU_1555_18S	158	18	0	0	0	0	0	0	0	0	349	54	0	0	0	0	0	0	60	0	0	0	639
OTU_1556_18S	249	145	17	114	25	228	0	0	34	508	41	32	0	0	0	0	33	0	0	0	0	24	1450
OTU_1563_18S	0	111	30	0	0	1193	57	0	0	0	0	0	0	0	0	0	0	0	0	0	0	0	1391
OTU_1564_18S	39	419	48	0	0	240	0	0	0	0	0	0	0	0	0	0	0	0	0	0	0	0	746
OTU_1565_18S	0	0	0	368	0	0	0	0	0	141	58	29	18	0	0	0	0	0	0	0	0	20	634
OTU_1566_18S	0	0	9	868	0	169	0	0	0	0	24	0	0	0	84	0	0	0	0	0	0	0	1154
OTU_1569_18S	139	137	44	209	0	0	0	0	0	0	52	15	9	0	20	29	9	131	9	0	22	32	857
OTU_1570_18S	0	306	7	188	0	330	0	0	0	27	0	0	9	0	0	0	11	0	0	0	30	0	908
OTU_1579_18S	597	22	11	78	18	0	0	0	0	0	0	19	0	0	0	0	0	0	39	0	61	28	873
OTU_1582_18S	594	161	63	0	0	113	0	0	0	0	70	0	0	0	92	0	0	0	0	0	0	0	1093
OTU_1584_18S	856	53	92	39	0	38	0	0	0	0	0	0	0	0	0	0	0	0	0	0	0	0	1078
OTU_1581_18S	0	0	0	0	0	0	0	0	0	0	0	0	0	90	5	25	0	0	0	0	0	35	155
OTU_1585_18S	0	499	0	243	14	18	0	37	9	29	0	0	0	0	0	0	0	0	0	0	49	0	898
OTU_1595_18S	0	107	260	0	6	0	0	0	10	0	0	0	0	0	0	0	0	0	0	0	0	0	383
OTU_1603_18S	112	209	75	285	63	268	0	0	0	0	0	0	0	0	0	0	0	0	0	0	0	0	1012
OTU_1604_18S	0	0	0	58	0	0	0	0	5	0	0	0	822	208	90	0	0	0	0	0	0	10	1193
OTU_1614_18S	0	0	75	0	0	0	0	0	141	0	0	0	0	0	192	292	0	0	0	0	0	0	700
OTU_1616_18S	364	327	78	0	0	89	0	21	0	0	0	0	0	0	0	0	0	0	0	0	50	0	929
OTU_1619_18S	0	0	39	0	0	380	0	0	0	0	93	0	0	50	0	0	0	0	0	14	0	0	576
OTU_1621_18S	330	19	0	0	42	0	0	0	0	12	0	16	0	0	0	0	67	0	0	0	0	0	486
OTU_1622_18S	378	130	52	179	113	390	0	0	0	0	0	0	0	0	0	0	0	0	0	0	0	0	1242
OTU_1627_18S	29	88	44	50	27	75	0	0	0	0	12	32	0	0	19	0	0	0	0	0	0	0	376
OTU_1632_18S	223	0	35	0	28	241	0	0	0	104	252	0	0	95	0	0	0	0	0	0	0	0	978
OTU_1635_18S	47	0	0	775	12	0	0	0	0	0	0	0	0	0	0	0	0	134	0	0	0	0	968
OTU_1639_18S	105	602	369	0	0	120	0	0	0	0	0	0	0	0	0	0	0	0	0	0	0	0	1196
OTU_1640_18S	0	0	457	40	0	0	0	0	0	0	0	0	22	120	0	0	0	0	0	9	0	36	684
OTU_1643_18S	0	107	0	387	31	172	0	0	0	53	0	20	0	0	0	0	21	20	0	0	99	0	910
OTU_1648_18S	0	94	15	13	22	0	0	23	361	0	0	0	0	0	75	7	0	0	0	0	0	58	668
OTU_1577_18S	4	5	7	2	23	30	0	0	0	0	0	0	0	0	0	33	14	0	0	0	0	4	122
OTU_1651_18S	0	0	0	199	0	0	0	0	51	0	0	0	0	115	0	97	0	0	0	0	0	38	500
OTU_1653_18S	0	0	0	117	0	239	0	31	110	0	0	0	13	19	0	80	0	0	0	0	0	0	609
OTU_1654_18S	264	107	80	57	0	148	137	0	0	0	20	0	21	0	8	0	24	61	0	21	0	61	1009
OTU_1658_18S	47	162	89	14	0	94	0	0	16	0	0	0	37	0	0	0	0	39	0	0	0	0	498
OTU_1660_18S	98	15	0	343	56	79	0	0	87	0	0	0	0	0	0	0	0	0	0	0	0	0	678
OTU_1661_18S	0	0	0	378	0	17	34	0	0	0	66	0	0	26	0	24	0	0	0	0	0	0	545
OTU_1678_18S	62	281	269	0	0	0	0	0	0	0	0	0	74	7	0	0	0	0	0	0	0	0	693
OTU_1681_18S	0	0	13	40	16	0	0	0	70	122	0	0	0	0	0	0	9	0	0	0	0	0	270
OTU_1683_18S	21	0	66	200	32	42	138	0	0	0	0	0	27	25	0	0	22	0	0	0	95	0	668
OTU_1689_18S	131	11	74	25	18	44	37	0	0	86	0	65	0	34	16	0	0	56	0	28	96	23	744
OTU_1693_18S	0	57	380	90	116	9	0	33	0	0	0	19	28	4	0	0	0	0	0	0	0	19	755
OTU_1698_18S	56	46	14	0	0	162	0	0	0	0	0	0	0	0	0	0	0	0	0	0	0	0	278
OTU_1701_18S	0	0	7	27	0	156	239	0	0	0	0	22	48	0	0	0	0	0	0	0	0	0	499
OTU_1700_18S	90	52	71	17	0	19	0	0	0	14	0	0	0	26	0	0	0	0	0	0	0	0	289
OTU_1704_18S	0	98	0	148	0	26	0	51	0	0	0	0	0	0	0	48	32	0	0	0	0	0	403
OTU_1711_18S	19	181	78	0	0	146	85	0	144	0	0	0	0	55	23	35	0	0	0	0	0	0	766
OTU_1710_18S	0	215	48	255	73	120	0	0	0	0	95	0	0	0	30	82	0	0	0	0	0	124	1042
OTU_1726_18S	0	170	212	0	0	0	0	0	51	0	16	6	0	0	0	0	45	0	0	0	64	0	564
OTU_1727_18S	11	0	70	8	0	61	0	0	0	0	0	11	0	0	0	0	12	0	0	0	0	0	173
OTU_1729_18S	443	355	43	84	38	266	0	0	0	0	0	0	0	0	0	0	0	0	0	0	0	0	1229
OTU_1735_18S	54	62	0	16	26	83	0	0	197	24	0	0	0	0	0	0	0	0	0	0	0	0	462
OTU_1734_18S	0	22	99	0	0	0	110	0	0	0	169	0	509	0	0	0	0	147	0	23	0	0	1079
OTU_1736_18S	13	13	597	18	0	0	0	0	0	0	0	0	0	0	0	0	0	0	0	186	232	0	1059
OTU_1741_18S	0	0	126	66	139	59	162	0	0	0	0	53	0	0	56	0	0	37	0	0	61	0	759
OTU_1742_18S	652	229	45	60	0	34	91	0	0	0	0	0	0	0	0	0	0	0	0	0	0	0	1111
OTU_1744_18S	0	0	46	0	11	20	216	0	0	0	34	0	0	0	0	0	0	13	0	23	23	16	402
OTU_1745_18S	0	0	0	585	0	98	0	0	0	0	0	0	0	0	0	22	0	26	0	0	0	0	731
OTU_1748_18S	399	11	0	45	30	217	0	0	0	182	0	0	0	0	0	0	0	0	0	0	0	0	884
OTU_1709_18S	318	252	29	58	17	103	0	0	0	0	0	0	0	0	0	0	0	0	0	0	0	0	777
OTU_1760_18S	146	0	58	184	0	128	0	0	0	0	0	0	0	0	0	0	0	64	0	0	0	0	580
OTU_1703_18S	112	199	45	125	0	233	0	0	0	0	0	20	0	0	0	0	0	0	0	0	0	0	734
OTU_1764_18S	0	189	52	232	84	0	0	0	0	0	181	0	0	0	0	0	0	0	0	0	0	0	738
OTU_1768_18S	34	108	82	170	0	0	0	62	49	0	0	0	13	10	203	53	0	0	0	0	0	52	836
OTU_1770_18S	106	0	5	171	96	270	0	0	0	128	23	0	0	0	0	4	0	0	0	0	37	0	840
OTU_1777_18S	0	0	43	0	0	0	0	0	40	0	0	0	0	0	0	337	0	0	0	0	0	183	603
OTU_1740_18S	0	0	0	0	0	0	0	0	44	0	0	0	0	0	0	85	13	0	0	0	0	11	153
OTU_1780_18S	0	15	17	324	33	0	0	0	0	0	0	0	0	0	0	0	0	0	0	0	160	0	549
OTU_1781_18S	117	329	204	49	0	138	0	0	0	0	0	4	0	0	0	14	0	0	0	0	0	0	855
OTU_1783_18S	172	0	0	156	25	39	0	0	0	0	0	0	0	0	0	0	0	0	0	0	0	0	392
OTU_1784_18S	0	0	155	191	77	39	0	0	0	0	0	18	29	0	0	20	0	0	0	26	20	57	632
OTU_1791_18S	107	68	15	101	41	338	0	15	0	0	0	16	19	0	0	0	0	21	33	0	0	0	774
OTU_1792_18S	231	210	72	0	17	462	0	0	0	0	13	18	0	0	0	0	0	0	0	0	24	0	1047
OTU_1796_18S	88	633	18	0	64	115	0	0	0	0	0	33	0	0	0	0	0	0	0	21	0	0	972
OTU_1803_18S	82	411	3	0	0	280	0	0	0	0	0	11	0	0	0	0	0	0	0	0	0	0	787
OTU_1802_18S	59	0	0	67	0	305	42	368	0	0	282	0	0	0	0	0	0	37	0	60	0	0	1220
OTU_1805_18S	109	0	0	316	400	208	0	0	0	0	0	0	0	0	0	0	0	0	0	0	0	0	1033
OTU_1807_18S	0	0	0	25	0	598	0	0	0	0	0	360	0	0	0	0	0	0	37	0	0	0	1020
OTU_1811_18S	0	0	0	5	6	0	0	17	43	57	0	0	0	0	0	12	4	0	0	0	0	0	144
OTU_1812_18S	68	98	33	0	14	233	118	0	0	0	37	0	120	0	0	0	0	0	64	0	26	0	811
OTU_1824_18S	261	19	0	53	66	137	0	0	0	74	35	0	0	0	0	23	18	0	0	0	49	0	735
OTU_1823_18S	10	5	0	11	0	2	82	98	0	0	2	10	0	0	18	7	0	1	0	9	41	0	296
OTU_1830_18S	489	81	0	11	4	174	0	0	0	80	0	0	0	0	0	0	0	0	0	0	62	0	901
OTU_1831_18S	0	62	0	473	0	0	0	0	0	0	0	0	0	0	0	64	0	0	0	0	90	0	689
OTU_1832_18S	0	0	143	166	26	10	0	25	0	39	8	0	60	0	0	77	0	156	22	12	0	0	744
OTU_1833_18S	72	48	0	14	56	42	0	52	0	0	69	50	0	0	0	0	0	43	96	0	0	0	542
OTU_1841_18S	98	8	17	293	8	24	0	0	0	60	0	13	0	0	0	0	0	0	0	0	0	0	521
OTU_1843_18S	426	0	0	116	11	10	0	0	0	62	19	10	0	0	0	0	0	0	0	0	0	0	654
OTU_1848_18S	0	139	281	111	0	0	0	0	0	0	8	56	19	0	0	0	9	0	0	36	0	0	659
OTU_1850_18S	82	36	0	0	0	0	0	0	0	478	0	29	0	0	0	0	0	0	0	0	116	0	741
OTU_1859_18S	282	108	88	65	0	75	0	0	40	0	0	62	56	0	0	0	0	0	0	0	0	0	776
OTU_1869_18S	131	454	114	80	12	82	0	0	0	60	0	0	0	0	0	0	0	0	0	0	0	0	933
OTU_1874_18S	162	66	0	94	302	183	0	0	0	0	0	197	0	0	0	0	0	0	0	0	0	0	1004
OTU_1875_18S	62	82	0	30	14	79	0	0	0	0	0	0	0	0	0	0	0	0	0	0	0	0	267
OTU_1888_18S	0	0	0	0	0	0	0	0	0	238	69	126	0	0	140	16	76	0	0	0	0	0	665
OTU_1895_18S	170	19	11	20	0	742	0	0	0	0	0	0	0	0	0	0	0	0	0	0	0	0	962
OTU_1910_18S	0	115	14	34	0	0	0	62	104	0	0	0	8	0	0	0	0	0	0	0	0	0	337
OTU_1911_18S	0	0	58	0	0	0	0	0	389	0	0	0	30	38	58	0	0	0	0	0	113	0	686
OTU_1914_18S	25	0	0	757	0	0	0	0	0	36	45	10	0	0	0	0	0	31	0	0	0	0	904
OTU_1922_18S	0	0	0	16	0	0	0	38	60	0	0	0	16	51	94	32	0	0	0	78	0	0	385
OTU_1923_18S	611	41	10	0	0	74	0	13	0	0	0	0	0	0	23	0	0	0	0	0	0	0	772
OTU_1925_18S	231	71	72	0	0	74	0	0	0	0	0	0	0	0	0	32	0	0	0	0	0	0	480
OTU_1931_18S	75	0	0	0	43	0	47	0	0	0	25	0	0	0	0	0	0	0	0	0	0	0	190
OTU_1933_18S	122	178	60	44	18	77	0	0	140	0	0	0	0	0	0	0	0	0	0	24	0	0	663
OTU_1942_18S	72	82	0	41	5	129	0	0	0	32	97	130	0	0	0	0	0	13	61	0	0	0	662
OTU_1951_18S	136	0	0	0	0	0	0	0	0	0	172	0	0	0	0	29	84	0	27	0	0	0	448
OTU_1956_18S	0	0	55	100	245	68	0	0	63	0	0	0	0	0	0	0	0	0	0	29	0	0	560
OTU_1965_18S	0	31	75	43	0	194	31	0	0	0	0	18	0	0	0	0	0	59	69	43	0	0	563
OTU_1959_18S	46	15	26	19	7	105	0	19	45	17	0	13	0	0	0	0	0	0	0	0	0	0	312
OTU_1976_18S	0	98	53	0	122	239	0	0	0	0	64	0	0	0	0	0	50	0	0	0	0	0	626
OTU_1982_18S	171	97	58	89	13	45	0	0	0	0	53	86	0	47	0	0	0	0	0	0	0	0	659
OTU_1986_18S	0	40	145	47	0	5	0	0	52	0	0	0	161	86	0	0	0	14	0	67	0	0	617
OTU_1987_18S	0	0	26	0	0	279	0	0	86	45	54	0	0	0	0	0	20	0	31	25	31	0	597
OTU_1989_18S	0	49	132	45	229	66	0	0	0	11	13	169	0	22	0	0	12	0	0	0	0	0	748
OTU_1992_18S	12	0	10	23	41	66	101	0	0	0	0	10	0	0	0	0	0	0	0	0	0	52	315
OTU_2001_18S	133	296	110	115	0	144	0	0	0	0	0	0	0	0	0	0	0	0	0	0	0	0	798
OTU_2004_18S	0	0	13	416	31	78	0	0	0	0	0	7	0	0	33	0	38	7	0	0	0	0	623
OTU_2008_18S	131	230	56	26	6	250	0	0	0	0	0	0	0	14	0	0	0	0	0	21	0	0	734
OTU_2011_18S	33	187	0	24	0	198	0	0	27	0	0	50	0	0	0	11	0	24	0	0	0	0	554
OTU_2014_18S	0	0	17	0	0	91	0	19	8	0	0	0	12	0	0	0	0	70	0	295	0	0	512
OTU_2015_18S	57	59	50	77	21	0	0	0	0	0	0	0	0	0	0	29	54	11	0	0	0	0	358
OTU_2028_18S	100	169	44	0	0	0	0	0	0	0	0	0	0	14	37	10	0	0	0	0	23	29	426
OTU_2029_18S	80	0	29	16	0	100	0	0	0	0	0	0	0	143	84	42	0	0	0	0	0	0	494
OTU_2043_18S	0	0	6	335	0	163	0	0	16	0	36	0	17	0	0	46	0	0	22	0	21	31	693
OTU_2045_18S	16	273	11	18	0	180	0	0	0	297	61	18	0	0	0	0	0	0	0	0	64	3	941
OTU_2046_18S	0	170	60	130	62	56	0	0	0	0	0	0	0	0	0	0	0	0	0	0	0	0	478
OTU_2052_18S	68	51	0	157	4	15	0	0	0	0	31	26	0	0	0	0	0	0	0	0	0	27	379
OTU_2051_18S	0	0	10	41	0	0	0	0	62	0	0	0	0	38	18	0	0	0	0	0	0	0	169
OTU_2053_18S	25	20	78	299	18	124	0	0	0	0	0	12	22	0	0	0	53	0	5	0	0	22	678
OTU_2067_18S	249	184	30	4	16	257	0	0	0	0	0	0	0	0	0	0	0	0	0	0	0	0	740
OTU_2065_18S	274	0	32	0	8	177	0	0	54	0	0	33	0	0	26	0	0	0	0	0	0	0	604
OTU_2071_18S	159	174	24	0	0	47	0	0	0	0	0	0	0	0	0	0	0	0	0	0	0	0	404
OTU_2073_18S	0	39	40	0	0	217	0	0	0	0	0	0	0	0	0	0	0	0	0	0	0	40	336
OTU_2076_18S	89	30	38	109	60	131	0	0	0	73	68	40	28	0	0	0	0	27	0	0	0	0	693
OTU_2079_18S	0	0	0	87	0	0	0	0	160	0	0	0	0	33	54	0	0	0	0	0	0	112	446
OTU_2080_18S	13	0	0	170	206	164	0	0	77	24	0	50	0	0	0	0	0	0	0	0	0	0	704
OTU_2081_18S	38	56	67	0	372	34	0	0	0	0	0	81	0	0	0	0	0	37	0	0	0	0	685
OTU_2082_18S	111	0	24	139	0	206	0	0	48	0	0	0	14	0	0	0	8	0	0	0	0	0	550
OTU_2083_18S	0	37	0	91	0	62	0	0	0	74	0	0	0	0	0	0	0	44	0	0	0	0	308
OTU_2084_18S	0	12	0	304	61	136	32	0	0	0	34	8	0	0	0	0	0	0	0	0	72	138	797
OTU_2089_18S	6	0	39	0	0	260	0	0	92	0	0	0	0	38	39	27	0	0	0	38	0	47	586
OTU_2092_18S	0	0	0	636	67	78	0	0	0	0	0	0	0	0	0	0	0	0	0	0	0	37	818
OTU_2099_18S	0	0	0	0	78	0	0	0	0	0	0	0	0	124	11	93	0	0	0	0	0	23	329
OTU_2114_18S	606	8	28	0	0	52	0	0	0	0	0	23	0	0	0	10	0	0	0	0	0	0	727
OTU_2130_18S	313	305	166	0	0	56	0	0	0	12	0	0	0	0	0	0	0	0	0	0	0	0	852
OTU_2138_18S	0	3	4	0	0	303	70	0	0	0	460	0	0	48	0	0	0	0	0	20	0	0	908
OTU_2139_18S	73	18	11	298	20	27	0	0	0	85	0	0	0	0	0	0	0	0	0	0	0	0	532
OTU_2141_18S	0	13	115	23	22	33	0	24	59	0	0	0	0	147	20	0	0	0	0	11	0	36	503
OTU_2142_18S	96	199	0	305	26	96	0	0	0	30	0	34	0	0	0	0	0	15	0	0	0	0	801
OTU_2145_18S	0	44	0	395	0	0	0	11	0	0	0	0	0	0	0	107	0	0	0	0	0	0	557
OTU_2151_18S	50	0	27	0	24	273	0	0	0	0	0	32	0	0	0	0	0	47	17	0	0	4	474
OTU_2150_18S	166	0	5	173	0	29	0	0	0	0	24	0	0	0	0	0	0	0	0	0	0	0	397
OTU_2152_18S	158	116	0	60	0	83	0	0	0	0	0	0	0	0	0	0	0	0	0	0	0	0	417
OTU_2153_18S	0	0	0	78	120	0	0	0	113	0	0	0	15	0	0	56	0	0	0	0	0	0	382
OTU_2154_18S	90	0	0	0	0	29	0	0	0	46	0	0	0	0	0	0	0	68	0	0	55	0	288
OTU_2157_18S	21	0	17	0	0	0	0	0	0	20	94	25	29	0	50	0	55	130	0	139	0	0	580
OTU_2166_18S	0	596	27	62	49	22	0	0	0	41	0	0	0	0	0	0	0	0	0	0	0	0	797
OTU_2169_18S	48	78	121	81	58	87	29	0	0	0	0	0	0	0	0	0	0	0	39	32	0	0	573
OTU_2168_18S	59	0	0	79	0	40	0	0	0	0	167	0	0	0	0	0	0	257	119	0	0	0	721
OTU_2172_18S	126	56	24	465	28	13	0	0	0	0	14	0	11	0	0	0	0	21	0	0	0	0	758
OTU_2177_18S	108	16	14	6	18	0	0	0	0	0	0	0	0	7	0	0	0	0	0	0	0	46	215
OTU_2185_18S	107	0	0	540	0	0	0	0	0	94	0	0	0	0	0	0	0	0	0	0	59	0	800
OTU_2189_18S	0	16	11	310	0	0	0	35	0	0	0	0	15	11	0	0	0	0	0	0	0	0	398
OTU_2184_18S	2	0	32	74	0	20	0	0	0	0	0	44	0	0	0	0	0	0	0	0	0	0	172
OTU_2194_18S	82	65	0	148	10	78	0	0	0	0	0	0	0	0	0	0	38	0	0	0	0	0	421
OTU_2198_18S	0	0	27	160	53	138	0	0	0	0	0	0	0	0	0	0	0	0	0	0	91	0	469
OTU_2200_18S	33	0	81	0	0	0	0	0	142	0	0	0	0	47	97	0	0	0	0	0	0	0	400
OTU_2204_18S	101	39	17	0	4	158	0	48	0	0	0	0	0	0	0	0	11	0	0	0	0	0	378
OTU_2206_18S	49	74	34	407	106	0	0	0	0	0	0	0	0	0	0	0	0	0	0	0	0	0	670
OTU_2209_18S	177	47	26	88	0	14	0	0	0	0	0	0	16	37	0	0	0	0	0	21	0	36	462
OTU_2215_18S	84	0	0	27	0	21	0	14	0	0	0	61	0	0	0	0	81	24	0	0	0	0	312
OTU_2223_18S	78	216	18	0	0	67	0	0	0	75	33	39	0	0	0	0	0	0	0	0	0	0	526
OTU_2246_18S	181	94	19	20	0	0	0	0	0	0	18	0	0	0	0	27	0	87	0	0	0	0	446
OTU_2245_18S	35	0	0	62	29	57	0	0	0	41	0	0	0	0	0	0	0	0	0	0	50	0	274
OTU_2249_18S	0	30	305	61	0	84	27	0	0	0	0	0	0	34	0	27	7	82	0	0	0	0	657
OTU_2250_18S	0	0	254	20	1	18	0	0	0	0	0	0	23	22	0	0	0	0	0	0	0	46	384
OTU_2254_18S	253	0	0	123	0	135	0	6	0	0	0	0	0	0	0	0	0	0	0	0	0	0	517
OTU_2253_18S	0	0	3	0	0	2	0	15	8	0	0	0	66	0	17	0	0	0	0	4	0	0	115
OTU_2256_18S	0	92	98	0	0	28	234	0	0	76	0	39	10	71	39	0	0	0	0	0	0	0	687
OTU_2261_18S	75	43	58	72	75	17	0	0	0	90	0	0	0	0	0	0	0	0	0	0	0	16	446
OTU_2263_18S	112	172	13	64	23	73	0	0	0	0	0	0	0	0	0	0	0	0	0	0	0	0	457
OTU_2266_18S	53	19	39	61	24	22	0	0	0	0	7	57	0	0	0	0	0	0	0	0	49	16	347
OTU_2268_18S	11	15	7	135	12	15	0	0	0	82	58	0	0	0	0	0	0	15	0	0	0	0	350
OTU_2279_18S	21	73	30	37	0	30	0	0	0	178	0	0	10	0	0	0	26	0	0	0	0	8	413
OTU_2281_18S	0	20	0	34	21	503	0	0	0	0	0	0	0	0	0	0	0	0	0	89	0	0	667
OTU_2257_18S	0	0	63	74	28	98	103	0	0	202	0	0	0	0	0	0	0	0	0	0	0	0	568
OTU_2298_18S	0	0	0	329	77	0	0	0	64	0	0	0	0	0	0	108	0	0	0	0	0	0	578
OTU_2300_18S	0	164	92	0	152	173	0	0	0	57	0	0	0	0	0	0	0	0	0	0	0	0	638
OTU_2312_18S	0	0	0	195	8	0	0	0	0	0	0	0	0	0	17	16	0	0	0	0	0	0	236
OTU_2306_18S	16	12	58	14	0	11	4	0	0	28	54	13	47	0	0	0	0	0	0	10	33	0	300
OTU_2320_18S	42	0	8	302	36	0	0	0	19	0	9	8	0	0	0	0	0	0	0	0	0	0	424
OTU_2328_18S	155	146	116	0	0	126	0	0	0	0	0	0	0	0	0	0	0	0	0	92	0	0	635
OTU_2337_18S	379	258	47	0	0	17	0	0	0	0	0	0	0	0	0	0	0	0	16	0	0	58	775
OTU_2341_18S	108	29	69	64	0	415	0	0	0	0	0	0	0	0	0	0	0	0	0	0	0	0	685
OTU_2350_18S	150	193	49	321	0	75	0	0	0	0	0	0	0	0	0	0	0	0	0	0	0	0	788
OTU_2353_18S	0	0	0	276	23	57	0	0	0	0	22	19	16	0	0	0	0	0	0	0	0	0	413
OTU_2362_18S	243	39	16	50	0	0	0	0	0	0	0	0	0	0	0	0	0	0	0	0	0	0	348
OTU_2361_18S	34	0	0	253	0	22	0	21	0	0	0	0	0	0	0	28	0	0	0	0	0	0	358
OTU_2390_18S	2	18	5	11	3	12	0	22	22	0	0	19	14	46	44	12	3	34	3	15	0	25	310
OTU_2401_18S	0	28	35	13	48	98	0	0	0	0	52	0	24	0	0	0	34	0	0	18	142	16	508
OTU_2405_18S	64	196	0	187	57	134	0	0	0	0	0	0	0	0	0	0	0	0	0	0	0	0	638
OTU_2410_18S	5	9	0	452	28	0	0	0	0	39	0	0	0	0	0	0	0	0	0	0	0	0	533
OTU_2412_18S	0	0	212	0	0	0	0	0	0	0	0	0	0	53	48	0	0	0	0	0	0	60	373
OTU_2417_18S	0	44	0	0	4	0	0	0	0	143	0	0	0	0	0	0	0	0	18	0	0	0	209
OTU_2432_18S	10	201	9	0	0	197	0	0	0	0	0	25	0	0	0	0	0	0	25	21	41	0	529
OTU_2448_18S	55	333	96	0	0	79	0	0	0	0	0	0	0	0	0	0	0	0	0	0	0	0	563
OTU_2452_18S	117	0	0	36	0	26	123	0	0	0	0	0	32	0	0	0	0	0	0	0	0	0	334
OTU_2465_18S	90	0	0	0	7	0	0	0	0	180	0	25	0	0	0	0	0	0	0	0	0	0	302
OTU_2467_18S	84	56	48	172	0	159	0	0	0	44	0	0	0	0	0	0	0	0	0	0	0	0	563
OTU_2473_18S	60	392	80	21	0	63	0	0	0	0	0	0	0	0	0	0	0	0	0	0	0	0	616
OTU_2477_18S	79	89	33	31	0	279	0	0	54	0	20	0	0	0	0	0	17	0	0	0	0	0	602
OTU_2479_18S	252	109	0	0	15	177	0	0	0	0	0	25	0	0	0	0	0	0	0	0	0	0	578
OTU_2485_18S	92	45	30	0	0	0	0	10	73	0	0	0	0	0	0	19	0	29	0	0	7	0	305
OTU_2498_18S	0	271	26	0	0	50	0	0	7	0	0	0	0	0	0	23	0	0	0	0	11	0	388
OTU_2514_18S	18	115	35	0	0	391	0	0	0	0	0	44	23	0	0	0	0	0	0	0	23	0	649
OTU_2518_18S	38	35	16	0	21	47	0	0	0	0	0	35	19	0	0	0	0	0	40	0	18	21	290
OTU_2521_18S	105	348	0	0	0	142	0	0	0	0	49	0	0	0	0	0	0	43	0	0	0	0	687
OTU_2527_18S	0	34	32	360	144	0	0	0	0	0	0	0	0	0	0	0	0	0	0	0	0	24	594
OTU_2526_18S	0	22	0	123	17	0	0	0	0	0	0	0	0	0	0	0	0	0	0	0	207	0	369
OTU_2525_18S	0	76	0	18	24	77	0	0	85	12	0	0	0	0	0	0	0	0	0	0	0	13	305
OTU_2529_18S	0	0	0	37	9	0	0	0	373	0	138	0	0	0	0	0	0	0	0	0	0	0	557
OTU_2537_18S	0	132	38	0	0	72	0	0	0	0	5	0	0	83	16	0	0	0	0	0	0	7	353
OTU_2556_18S	88	0	0	0	0	73	0	0	0	97	53	137	0	0	0	0	0	0	0	0	0	0	448
OTU_2570_18S	88	107	0	77	13	116	0	0	0	0	0	0	0	0	0	0	0	0	0	0	0	0	401
OTU_2569_18S	0	79	0	0	133	0	0	0	93	0	0	52	0	0	0	0	23	0	0	0	0	0	380
OTU_2599_18S	104	114	71	79	0	44	0	0	0	0	0	0	0	0	0	0	0	0	0	0	0	0	412
OTU_2597_18S	0	3	19	183	0	0	0	134	0	0	0	0	0	0	0	0	0	0	0	0	0	6	345
OTU_2598_18S	31	84	0	0	0	20	0	38	50	24	0	0	55	0	0	0	0	0	0	0	0	0	302
OTU_2605_18S	56	39	52	18	128	15	0	0	0	0	0	0	0	0	0	0	0	0	0	0	0	0	308
OTU_2609_18S	49	106	0	229	0	69	0	0	0	0	0	0	0	0	0	0	0	0	18	0	0	0	471
OTU_2611_18S	0	16	29	42	15	0	0	0	10	0	0	0	0	19	0	0	0	0	0	0	0	31	162
OTU_2610_18S	10	0	0	12	0	42	89	17	130	78	0	0	0	0	0	0	0	0	0	5	11	0	394
OTU_2612_18S	12	30	61	0	0	0	0	0	15	0	0	0	113	0	0	0	0	0	0	0	12	0	243
OTU_2616_18S	0	100	0	33	16	0	0	0	0	156	56	0	0	0	0	0	0	0	82	0	0	0	443
OTU_2623_18S	0	160	0	0	0	0	0	0	0	0	0	71	0	0	0	58	0	0	0	0	64	0	353
OTU_2637_18S	0	116	0	16	10	35	0	0	0	0	0	0	0	0	0	0	0	14	0	0	0	0	191
OTU_2642_18S	0	23	0	124	11	9	0	0	0	0	0	0	10	0	0	35	0	0	0	0	0	0	212
OTU_2640_18S	14	2	2	3	0	18	2	8	0	4	5	3	3	36	39	0	4	1	43	53	2	1	243
OTU_2648_18S	0	0	0	0	60	0	0	74	162	0	0	0	0	0	26	0	0	0	0	0	0	0	322
OTU_2660_18S	252	0	0	0	0	227	0	0	0	0	0	28	0	0	0	0	0	0	37	17	0	0	561
OTU_2669_18S	25	10	20	24	70	64	11	0	0	43	27	0	0	0	18	0	32	0	0	0	64	0	408
OTU_2679_18S	0	0	0	80	16	42	0	52	115	0	0	0	0	0	0	0	0	0	0	0	0	0	305
OTU_2656_18S	16	37	0	12	0	161	0	0	0	0	0	0	0	0	0	0	0	0	0	0	0	0	226
OTU_2684_18S	495	16	0	0	0	12	0	0	0	0	18	0	0	0	0	0	0	0	0	0	0	0	541
OTU_2688_18S	0	23	35	0	0	296	0	0	38	0	0	0	0	0	0	0	0	0	0	21	0	14	427
OTU_2690_18S	146	48	34	22	0	111	0	0	0	32	0	0	0	0	0	0	0	0	0	0	0	0	393
OTU_2692_18S	0	54	68	0	0	77	0	0	17	0	0	24	16	12	7	0	0	0	0	0	0	0	275
OTU_2691_18S	0	13	9	0	0	350	47	0	0	0	21	0	12	0	0	0	0	0	101	0	0	0	553
OTU_2698_18S	73	66	13	0	43	121	177	0	0	0	0	0	0	0	0	0	0	0	0	0	0	0	493
OTU_2702_18S	80	68	33	0	0	0	0	0	0	29	0	23	25	0	17	0	0	0	0	20	107	0	402
OTU_2704_18S	64	11	49	57	56	0	153	11	0	0	0	23	51	0	0	0	20	0	0	0	7	0	502
OTU_2716_18S	0	0	67	0	0	0	0	0	0	0	0	0	0	156	35	0	0	0	0	0	0	107	365
OTU_2715_18S	62	10	0	0	37	37	0	0	0	235	0	23	0	0	0	0	0	16	0	0	44	0	464
OTU_2719_18S	0	10	19	145	0	32	0	0	0	0	0	48	0	0	0	0	0	0	0	0	0	0	254
OTU_2723_18S	0	131	123	0	0	0	64	0	26	0	0	0	0	31	0	0	0	0	0	0	0	24	399
OTU_2724_18S	264	69	0	45	0	112	0	0	0	0	0	0	0	0	0	0	0	0	0	0	0	0	490
OTU_2734_18S	52	0	0	40	4	0	0	28	23	0	0	0	0	0	0	9	0	0	0	0	0	0	156
OTU_2742_18S	0	12	43	65	12	0	0	0	0	0	0	0	0	49	0	0	0	0	0	0	0	35	216
OTU_2747_18S	82	52	1	393	23	15	0	0	0	0	0	0	0	0	0	0	0	0	15	0	0	0	581
OTU_2770_18S	0	30	70	189	71	119	0	0	0	0	10	0	0	0	0	0	0	0	0	0	0	0	489
OTU_2771_18S	180	216	42	49	6	35	0	0	0	0	0	0	0	0	0	0	0	0	0	0	0	0	528
OTU_2787_18S	0	48	19	0	0	324	0	0	0	31	0	0	0	2	0	0	0	0	0	0	0	0	424
OTU_2791_18S	33	0	26	0	0	15	0	10	11	0	4	0	0	0	0	0	0	8	0	0	0	0	107
OTU_2801_18S	101	0	8	0	6	25	0	0	0	0	0	26	0	19	97	39	0	43	0	0	0	0	364
OTU_2811_18S	27	308	72	0	0	0	0	0	0	0	0	11	18	0	0	55	0	0	0	0	38	0	529
OTU_2816_18S	0	87	36	0	28	0	0	0	0	105	0	0	0	0	32	0	0	0	0	0	0	0	288
OTU_2835_18S	0	0	0	0	8	0	0	0	0	0	0	121	0	0	0	38	10	0	175	0	0	0	352
OTU_2842_18S	72	165	15	0	0	167	0	0	0	0	0	0	0	0	0	0	0	0	0	0	0	0	419
OTU_2853_18S	86	24	0	5	0	385	0	0	0	0	0	0	0	0	0	0	0	0	0	0	0	0	500
OTU_2852_18S	287	0	44	0	0	73	0	28	0	81	0	12	0	0	0	0	0	0	0	0	0	0	525
OTU_2859_18S	22	58	17	299	36	20	0	0	0	41	0	0	0	0	0	0	0	0	0	0	0	0	493
OTU_2860_18S	0	121	228	0	0	14	0	0	0	0	0	0	0	0	0	0	0	14	0	0	73	0	450
OTU_2866_18S	113	132	59	75	0	55	0	0	0	0	0	0	0	0	0	0	0	0	0	0	0	0	434
OTU_2877_18S	18	20	5	26	0	9	32	0	9	1	30	3	5	36	33	4	16	3	47	5	2	6	310
OTU_2880_18S	0	0	0	271	53	0	0	0	28	0	0	0	0	0	19	0	0	0	0	0	0	0	371
OTU_2882_18S	0	6	6	213	95	0	0	10	82	0	0	0	51	0	0	0	0	0	0	0	0	0	463
OTU_2718_18S	140	124	48	0	0	0	0	0	0	0	0	12	0	0	0	0	0	0	0	0	0	0	324
OTU_2897_18S	0	13	80	135	6	0	0	18	0	0	0	0	0	0	0	0	0	0	43	0	0	0	295
OTU_2918_18S	143	73	40	0	0	47	0	0	0	0	0	0	0	0	0	0	0	0	0	0	0	0	303
OTU_2938_18S	0	0	0	251	29	135	0	0	15	0	0	0	0	0	0	0	0	0	0	0	0	0	430
OTU_2941_18S	142	51	69	7	0	194	0	0	0	0	3	2	0	0	8	11	0	1	6	3	0	2	499
OTU_2943_18S	156	18	11	55	9	58	0	0	0	77	67	0	8	0	0	0	0	14	0	10	0	0	483
OTU_2962_18S	33	0	22	147	0	43	0	0	0	0	0	0	0	0	0	0	0	0	0	0	0	0	245
OTU_2973_18S	14	257	0	154	27	47	0	0	0	0	0	0	0	0	0	0	0	0	0	0	0	0	499
OTU_2975_18S	0	164	4	0	0	185	0	0	0	23	0	0	0	0	0	0	0	0	0	0	0	0	376
OTU_2992_18S	0	0	0	0	333	19	0	0	14	35	0	0	0	0	0	0	9	0	0	0	0	0	410
OTU_2995_18S	102	70	101	0	11	68	0	0	0	0	0	0	0	0	0	0	0	0	0	0	0	0	352
OTU_3038_18S	0	0	0	42	0	113	0	0	119	0	53	0	0	0	0	0	0	0	0	0	0	0	327
OTU_3041_18S	0	48	7	9	6	0	0	0	7	0	0	25	0	29	0	0	0	0	0	0	234	13	378
OTU_3042_18S	0	0	0	18	0	0	0	34	0	0	0	0	88	45	0	0	0	0	0	0	0	0	185
OTU_3043_18S	51	42	77	202	0	83	0	0	0	0	0	0	0	0	0	0	0	0	0	0	0	0	455
OTU_3047_18S	0	7	21	81	0	87	0	0	0	51	0	0	0	17	0	0	0	30	0	0	59	0	353
OTU_3069_18S	0	0	0	0	0	0	0	0	0	0	0	0	10	104	94	32	0	0	0	0	0	0	240
OTU_3070_18S	59	0	99	115	0	108	0	0	0	0	0	0	0	0	0	0	0	0	0	0	0	0	381
OTU_3074_18S	209	35	0	70	10	14	0	0	0	0	0	0	0	0	0	0	0	0	0	0	0	0	338
OTU_3081_18S	13	20	0	66	92	14	0	0	0	63	0	0	0	0	0	0	0	0	0	0	0	0	268
OTU_3095_18S	13	215	58	15	0	62	0	0	0	0	0	0	0	0	0	0	0	0	0	0	0	0	363
OTU_3111_18S	38	59	54	276	0	94	0	0	0	0	0	0	0	0	0	0	0	0	0	0	0	0	521
OTU_3121_18S	0	0	0	60	0	0	0	27	0	0	0	10	0	0	0	17	0	0	0	0	0	0	114
OTU_2944_18S	27	22	0	0	12	150	0	0	0	0	32	0	0	0	0	14	0	0	0	0	0	0	257
OTU_3129_18S	10	0	0	182	0	24	0	32	0	0	0	0	0	0	0	12	0	0	0	0	0	0	260
OTU_3137_18S	51	101	42	0	0	67	0	0	0	131	78	0	0	0	0	0	0	0	0	0	0	0	470
OTU_3136_18S	83	59	0	0	20	28	0	0	0	110	0	33	0	0	0	0	27	0	0	23	29	0	412
OTU_3141_18S	156	162	0	10	0	72	0	0	0	0	0	0	0	0	0	0	0	0	0	0	0	0	400
OTU_3144_18S	66	77	0	0	0	250	0	0	0	17	0	0	0	0	0	0	0	0	0	0	0	0	410
OTU_3145_18S	25	114	5	50	46	39	0	0	0	0	0	0	0	0	0	0	0	0	0	0	0	0	279
OTU_3151_18S	0	0	0	0	0	0	0	0	0	0	0	0	0	99	0	0	29	86	0	24	0	0	238
OTU_3152_18S	0	10	76	0	0	0	0	0	4	0	0	0	0	70	0	0	0	0	0	17	0	0	177
OTU_3154_18S	37	0	0	32	0	2	21	33	25	46	75	33	11	0	0	25	0	0	0	3	0	1	344
OTU_3157_18S	49	0	7	140	13	0	0	0	0	0	0	0	0	0	0	0	0	0	0	0	0	0	209
OTU_3174_18S	66	0	0	37	0	34	0	0	0	39	0	0	0	0	0	32	23	0	0	0	0	0	231
OTU_3192_18S	51	110	0	0	8	83	0	0	0	15	57	15	0	0	0	0	0	0	0	0	0	0	339
OTU_3201_18S	0	58	74	0	0	167	0	0	0	0	0	25	0	0	0	0	0	23	0	0	0	0	347
OTU_3216_18S	8	35	0	0	0	0	0	0	0	0	0	50	58	0	0	0	0	0	0	0	0	0	151
OTU_3220_18S	0	53	100	0	40	0	0	0	0	0	0	0	43	0	0	0	25	0	0	0	0	0	261
OTU_3228_18S	104	0	0	178	11	0	0	17	0	0	0	0	0	0	0	0	0	0	0	0	0	0	310
OTU_3231_18S	55	30	0	26	0	18	109	0	0	0	0	0	0	0	0	11	0	0	0	12	0	0	261
OTU_3243_18S	90	15	0	0	0	17	0	0	0	0	0	9	22	0	0	0	0	0	0	0	0	0	153
OTU_3253_18S	186	144	74	75	0	0	0	0	0	0	0	0	0	0	0	0	0	0	0	0	0	0	479
OTU_3279_18S	0	0	0	0	28	0	0	0	118	0	0	0	21	0	0	0	0	27	0	31	27	0	252
OTU_3278_18S	8	0	0	0	0	22	0	0	0	0	0	174	0	0	0	0	0	0	0	0	0	23	227
OTU_3292_18S	2	5	13	2	0	39	0	5	0	0	0	0	9	0	0	33	4	0	0	0	21	23	156
OTU_3297_18S	0	0	69	10	0	28	95	0	0	0	0	0	0	43	0	0	0	0	0	0	0	0	245
OTU_3296_18S	183	0	0	0	0	12	95	0	0	72	0	40	0	0	0	0	0	0	0	0	0	0	402
OTU_3341_18S	9	137	0	0	0	232	0	0	0	0	0	26	0	0	0	0	0	0	0	0	0	0	404
OTU_3344_18S	46	0	16	17	0	18	0	0	0	0	0	0	0	0	33	0	37	0	0	0	0	15	182
OTU_3361_18S	0	0	82	0	0	0	0	0	0	0	0	0	40	0	27	9	0	0	0	36	16	60	270
OTU_3367_18S	0	0	0	0	0	142	0	36	15	0	0	0	0	0	17	0	0	0	0	0	0	0	210
OTU_3368_18S	19	13	26	95	12	5	0	0	0	0	0	0	0	0	0	0	0	0	0	0	0	0	170
OTU_3373_18S	57	147	22	49	0	35	0	0	0	0	0	0	0	0	0	0	0	0	0	0	0	0	310
OTU_3395_18S	0	40	24	180	17	86	48	0	0	0	0	0	0	0	0	0	0	0	0	0	0	0	395
OTU_3393_18S	0	0	0	0	0	2	0	0	0	5	0	0	0	0	0	0	0	124	40	0	0	0	171
OTU_3403_18S	0	0	0	0	15	0	0	0	67	0	0	0	0	0	0	0	0	18	0	0	0	36	136
OTU_3419_18S	64	114	87	12	0	71	0	0	0	0	0	0	0	0	0	0	0	0	0	0	0	0	348
OTU_3418_18S	0	17	0	0	0	0	96	0	0	0	0	0	0	20	0	0	0	36	0	0	0	0	169
OTU_3426_18S	0	0	0	8	34	91	0	0	74	30	0	6	0	0	0	31	0	17	0	0	0	0	291
OTU_3442_18S	0	0	20	8	0	7	0	0	0	0	22	0	0	71	171	0	17	0	0	17	0	0	333
OTU_3450_18S	55	128	0	0	7	19	84	0	0	14	0	12	0	0	0	0	0	0	0	0	46	26	391
OTU_3451_18S	55	36	40	12	0	0	0	0	0	25	0	0	0	0	0	0	0	0	0	0	0	0	168
OTU_3461_18S	0	0	16	16	0	193	0	0	0	0	34	0	0	57	0	0	0	0	0	0	0	0	316
OTU_3469_18S	18	249	80	0	0	0	0	0	0	0	0	0	0	0	0	0	79	0	0	0	0	0	426
OTU_3475_18S	62	0	0	0	0	234	0	0	0	57	15	0	0	0	0	0	0	0	0	0	0	0	368
OTU_3476_18S	0	0	0	179	10	0	0	0	40	0	0	0	0	0	0	0	0	0	0	0	0	25	254
OTU_3497_18S	18	0	0	148	0	7	0	0	27	0	0	22	20	0	16	0	0	0	0	0	0	0	258
OTU_3510_18S	39	190	0	37	0	41	0	0	0	0	0	0	0	0	0	0	0	0	0	0	0	0	307
OTU_3509_18S	65	15	14	55	15	99	0	0	0	0	0	0	0	0	0	0	0	0	0	0	0	0	263
OTU_3517_18S	0	0	8	0	0	0	0	36	106	0	0	0	21	43	0	0	0	0	0	0	0	0	214
OTU_3528_18S	0	0	0	0	40	0	0	0	0	33	0	0	0	0	31	0	58	0	0	0	51	20	233
OTU_3539_18S	0	23	36	0	23	75	0	0	0	0	0	0	0	0	0	0	0	0	0	0	0	0	157
OTU_3546_18S	0	58	0	178	0	20	0	17	0	0	0	54	0	0	0	0	0	10	6	0	0	0	343
OTU_3553_18S	77	75	0	44	10	30	0	0	37	0	0	0	0	0	0	0	0	0	0	0	0	0	273
OTU_3558_18S	28	26	12	20	6	54	0	0	0	0	0	0	0	29	0	0	0	0	0	0	0	0	175
OTU_3569_18S	26	46	0	44	56	110	0	0	0	0	0	0	0	0	0	0	0	0	0	0	0	20	302
OTU_3585_18S	0	0	46	0	0	58	187	0	0	0	0	0	0	0	0	0	0	0	42	79	0	0	412
OTU_3599_18S	74	47	0	2	0	115	0	0	0	0	24	0	5	0	0	0	25	0	0	0	0	0	292
OTU_3627_18S	0	41	13	8	0	0	0	0	0	0	0	0	18	38	9	0	0	0	0	0	16	0	143
OTU_3626_18S	75	0	0	102	10	47	0	0	99	0	0	0	0	0	0	0	0	0	0	0	0	0	333
OTU_3628_18S	0	80	23	0	0	0	0	0	0	0	0	0	0	83	12	0	0	0	0	23	0	0	221
OTU_3643_18S	98	37	0	145	21	50	0	0	0	0	0	0	0	0	0	0	0	0	0	0	0	0	351
OTU_3642_18S	109	62	0	41	27	134	0	0	0	0	0	0	0	0	0	0	0	0	0	0	0	0	373
OTU_3651_18S	42	0	22	211	64	0	0	0	0	0	0	0	0	0	0	0	0	0	0	0	0	0	339
OTU_3659_18S	0	0	0	0	0	0	0	115	30	0	0	0	0	0	0	25	0	38	0	0	0	0	208
OTU_3666_18S	0	0	0	34	24	2	0	0	50	3	0	28	18	0	0	0	0	0	11	0	0	0	170
OTU_3693_18S	0	162	0	0	0	0	0	0	0	0	0	0	18	0	0	0	43	0	0	0	0	40	263
OTU_3694_18S	0	0	0	99	31	0	0	0	71	0	0	0	0	0	0	7	0	0	0	0	0	0	208
OTU_3696_18S	55	146	85	0	0	73	0	0	0	0	0	0	0	0	0	0	0	0	0	0	0	0	359
OTU_3720_18S	0	46	0	272	0	32	0	0	0	34	6	0	0	0	0	0	0	0	0	0	0	0	390
OTU_3728_18S	47	27	0	0	53	54	208	0	0	0	0	0	0	0	0	0	0	0	0	0	0	0	389
OTU_3729_18S	0	0	0	104	14	0	0	0	0	0	0	0	0	0	0	0	0	0	0	0	17	47	182
OTU_3740_18S	0	75	0	45	11	9	0	0	0	0	0	0	0	0	0	0	0	0	0	0	60	0	200
OTU_3746_18S	133	56	12	112	0	21	0	0	0	31	0	0	0	0	0	0	0	0	0	0	0	0	365
OTU_3745_18S	72	0	0	102	5	0	0	0	0	0	14	25	0	0	0	0	0	0	0	0	0	0	218
OTU_3751_18S	0	0	0	14	0	0	0	0	48	0	0	0	0	70	0	40	0	0	0	0	0	0	172
OTU_3758_18S	15	74	15	0	0	0	0	10	0	0	0	0	0	9	12	0	0	0	0	0	25	0	160
OTU_3772_18S	0	48	0	0	0	0	70	0	127	0	0	0	0	0	55	0	0	0	0	0	0	0	300
OTU_3749_18S	79	48	18	5	15	33	0	0	0	0	0	0	0	0	0	0	0	1	0	0	0	0	199
OTU_3783_18S	54	0	0	0	0	0	0	0	0	0	0	0	0	37	77	0	0	0	0	0	0	74	242
OTU_3793_18S	0	51	0	0	0	18	0	0	0	0	0	0	0	0	0	15	0	23	0	0	0	0	107
OTU_3797_18S	0	10	0	13	8	25	0	30	6	3	14	10	43	7	7	6	13	12	15	16	0	4	242
OTU_3803_18S	24	18	0	87	0	0	0	0	0	0	0	37	0	0	0	0	0	0	0	0	0	0	166
OTU_3816_18S	0	0	0	34	11	18	0	0	46	0	0	0	0	0	0	0	0	104	0	0	0	0	213
OTU_3817_18S	37	0	0	8	0	15	116	0	0	49	0	0	0	0	22	0	0	0	0	0	0	0	247
OTU_3821_18S	152	62	13	7	0	28	0	0	0	20	0	0	0	0	0	0	0	0	0	0	0	0	282
OTU_3826_18S	12	119	0	0	0	15	0	0	0	21	0	0	0	0	0	0	0	0	0	0	0	0	167
OTU_3835_18S	3	3	0	57	4	29	0	0	0	8	4	25	0	40	0	23	0	0	0	0	0	0	196
OTU_3864_18S	0	79	23	0	0	63	0	0	0	0	0	14	0	0	0	0	0	0	0	13	0	0	192
OTU_3867_18S	0	48	0	0	0	0	56	0	0	50	35	0	0	0	0	0	0	0	0	0	97	0	286
OTU_3874_18S	10	13	0	11	26	26	0	0	13	135	0	0	0	0	17	0	0	0	0	0	0	32	283
OTU_3882_18S	28	9	7	4	7	15	0	4	3	2	43	4	12	0	0	2	24	0	4	8	6	4	186
OTU_3884_18S	23	0	15	14	11	185	0	0	0	0	0	0	0	0	0	0	0	0	0	0	0	0	248
OTU_3892_18S	74	0	26	0	0	103	0	10	0	0	24	0	0	0	0	0	0	0	0	0	0	0	237
OTU_3890_18S	71	13	29	33	28	43	0	0	0	0	16	0	12	20	0	0	0	0	0	0	0	25	290
OTU_3898_18S	0	46	22	192	44	20	0	0	0	0	0	19	0	0	0	0	0	0	0	0	0	0	343
OTU_3925_18S	21	57	0	139	0	0	0	0	0	0	0	0	0	0	0	0	0	0	0	0	10	0	227
OTU_3927_18S	31	142	0	54	0	21	0	0	0	0	0	0	0	0	0	0	0	0	0	0	0	0	248
OTU_3969_18S	101	7	0	0	5	0	0	0	0	0	0	0	0	0	0	7	11	0	0	0	0	0	131
OTU_3985_18S	8	76	0	0	23	158	0	0	0	0	0	15	0	0	0	0	0	0	0	0	0	0	280
OTU_3982_18S	0	0	27	0	0	105	0	0	0	0	0	0	153	0	0	0	0	0	0	40	0	0	325
OTU_3983_18S	99	43	7	7	0	54	0	0	0	0	0	0	0	0	0	0	0	0	0	0	0	0	210
OTU_3991_18S	1	9	0	3	8	1	0	0	29	0	0	0	0	0	0	0	65	0	0	0	0	58	174
OTU_3997_18S	0	11	0	19	0	101	42	0	0	19	0	0	0	0	0	0	0	0	0	0	0	0	192
OTU_4015_18S	61	22	48	17	0	18	0	23	39	0	0	0	0	0	0	0	0	0	0	0	0	0	228
OTU_4045_18S	3	5	0	2	1	3	0	0	79	0	0	7	0	0	0	26	6	0	15	0	4	0	151
OTU_4048_18S	0	0	0	138	30	31	0	0	0	0	0	90	0	0	0	0	0	0	0	0	0	0	289
OTU_4047_18S	0	0	2	2	0	16	0	6	2	0	8	0	0	14	12	6	0	0	0	33	0	13	114
OTU_4079_18S	0	0	27	49	8	15	0	0	0	0	0	31	44	0	0	0	0	0	22	16	0	0	212
OTU_4097_18S	17	5	0	5	21	36	0	0	41	0	24	0	22	0	0	5	0	0	0	0	0	0	176
OTU_4101_18S	96	17	0	0	0	39	0	0	0	79	0	19	0	0	0	0	0	0	0	0	0	0	250
OTU_4111_18S	0	0	0	103	0	34	0	0	0	25	0	0	0	0	0	0	8	57	0	0	0	0	227
OTU_4110_18S	0	17	0	130	0	0	0	25	0	0	32	0	25	9	0	0	18	0	0	0	0	0	256
OTU_4138_18S	0	0	0	0	0	18	0	40	0	0	97	7	0	0	0	0	0	0	34	0	0	0	196
OTU_4151_18S	24	83	20	0	9	40	0	0	0	0	0	0	0	0	0	0	0	0	0	0	0	0	176
OTU_4159_18S	0	46	0	66	39	0	0	0	0	90	0	0	0	0	0	0	0	0	0	0	0	0	241
OTU_4157_18S	0	14	0	0	0	55	0	0	0	74	0	0	0	0	0	0	0	0	0	0	102	0	245
OTU_4166_18S	0	0	25	0	0	101	37	0	0	0	0	0	0	0	0	0	0	0	0	18	46	29	256
OTU_4186_18S	36	121	0	0	0	0	0	0	0	32	0	0	0	0	0	0	0	0	0	0	37	0	226
OTU_4194_18S	13	55	0	0	63	0	0	0	0	0	0	0	0	0	0	7	0	0	0	0	0	17	155
OTU_4227_18S	0	0	0	44	0	0	0	0	36	0	0	0	18	12	0	0	0	0	0	33	0	0	143
OTU_4246_18S	0	0	0	1	0	0	0	0	28	31	0	0	25	43	0	0	0	0	0	0	0	28	156
OTU_4258_18S	95	0	29	0	0	85	0	0	0	0	0	0	0	0	33	0	0	0	0	0	0	0	242
OTU_4254_18S	40	0	0	29	0	42	0	0	0	0	0	0	0	0	0	0	0	40	0	0	59	0	210
OTU_4257_18S	0	0	13	55	29	5	0	0	0	0	0	0	0	0	0	0	0	0	0	0	0	0	102
OTU_4268_18S	149	0	0	40	37	82	0	0	0	0	0	0	0	0	0	0	0	0	0	0	0	0	308
OTU_4266_18S	0	0	0	0	0	0	0	0	0	0	0	0	36	20	8	85	0	0	0	0	0	35	184
OTU_4274_18S	0	23	3	0	16	72	0	0	0	0	0	0	0	70	45	0	0	0	0	0	0	0	229
OTU_4296_18S	0	0	0	70	32	0	0	9	85	0	0	0	0	0	0	0	0	0	0	0	0	0	196
OTU_4307_18S	20	36	3	3	1	43	0	22	0	0	51	22	0	0	0	0	0	0	0	0	0	0	201
OTU_4308_18S	0	0	0	0	0	116	0	0	0	0	0	18	0	0	0	0	0	18	0	50	0	0	202
OTU_4318_18S	0	0	24	0	0	0	0	0	0	0	0	51	0	0	0	30	0	0	0	0	0	35	140
OTU_4325_18S	0	0	32	0	0	0	0	0	0	0	0	0	0	85	39	0	0	0	0	0	0	41	197
OTU_4328_18S	29	0	0	0	0	0	0	5	0	0	0	0	0	0	0	60	0	0	0	0	18	0	112
OTU_4383_18S	0	121	35	26	0	109	0	0	0	0	0	0	0	0	0	0	0	0	0	0	0	0	291
OTU_4430_18S	0	0	0	0	0	137	0	0	0	0	0	0	0	14	6	12	0	0	0	0	0	0	169
OTU_4442_18S	46	127	0	0	49	66	0	0	0	0	0	0	0	0	0	0	0	0	0	0	0	0	288
OTU_4459_18S	24	144	0	0	0	54	0	0	0	0	0	31	0	0	0	0	0	0	0	0	0	0	253
OTU_4468_18S	0	0	0	39	0	0	0	0	30	0	0	0	81	3	0	0	0	53	0	0	0	0	206
OTU_4499_18S	0	0	0	29	0	0	0	0	82	0	0	0	0	0	0	0	58	40	0	0	0	0	209
OTU_4501_18S	31	30	46	34	0	0	0	0	0	0	0	0	57	0	0	0	0	0	0	0	0	0	198
OTU_4542_18S	79	107	0	0	0	44	0	0	0	0	0	0	0	0	0	0	0	0	0	21	0	0	251
OTU_4557_18S	35	0	0	66	77	0	0	0	0	0	0	0	0	0	0	0	0	0	0	0	14	0	192
OTU_4556_18S	68	0	26	0	0	24	0	0	0	118	0	0	0	0	0	0	0	0	0	0	0	0	236
OTU_4579_18S	0	0	0	22	0	49	43	14	0	0	61	26	0	0	0	0	0	0	0	0	0	12	227
OTU_4597_18S	22	83	28	0	16	35	0	0	0	0	0	0	0	0	0	0	0	0	0	0	0	0	184
OTU_4596_18S	99	17	0	0	0	49	0	0	0	21	0	0	0	0	0	0	0	0	0	0	0	0	186
OTU_4658_18S	0	32	0	0	0	65	0	8	14	0	0	0	0	10	0	3	0	0	13	0	53	0	198
OTU_4666_18S	0	10	0	132	6	0	0	14	12	32	0	0	0	0	0	0	0	0	3	0	0	0	209
OTU_4686_18S	58	0	0	39	0	0	66	0	0	33	0	0	0	0	0	0	0	0	0	0	0	0	196
OTU_4695_18S	0	0	12	22	20	0	0	0	0	0	17	0	0	55	0	0	0	0	0	0	0	0	126
OTU_4711_18S	11	0	18	0	0	45	0	0	0	0	0	0	0	0	0	0	0	30	0	0	0	0	104
OTU_4724_18S	0	0	0	3	0	1	0	0	71	0	0	36	20	0	0	0	0	0	0	0	0	0	131
OTU_4725_18S	18	0	0	30	0	69	0	0	0	0	20	10	0	0	0	0	0	0	0	8	0	0	155
OTU_4728_18S	21	63	0	8	0	16	0	0	0	0	0	0	0	0	0	0	0	0	0	0	0	0	108
OTU_4735_18S	0	34	30	0	0	0	0	0	0	0	0	75	0	0	0	0	0	0	0	0	47	0	186
OTU_4736_18S	0	0	18	21	0	43	46	0	0	0	0	0	0	0	0	0	0	0	0	0	0	0	128
OTU_4733_18S	0	0	0	0	0	0	0	22	0	29	92	0	0	0	0	0	0	0	23	0	18	0	184
OTU_4747_18S	0	35	13	12	17	43	0	0	0	0	0	0	0	0	0	0	0	0	0	0	0	0	120
OTU_4760_18S	31	42	0	43	12	29	0	29	15	0	0	0	0	0	0	0	0	0	0	0	0	16	217
OTU_4765_18S	68	81	0	0	0	8	0	0	0	0	0	0	13	0	0	0	0	33	0	0	0	0	203
OTU_4802_18S	0	4	0	4	35	0	0	7	87	0	43	2	18	0	0	0	0	2	0	0	1	0	203
OTU_4803_18S	0	0	24	1	0	0	0	0	0	0	0	36	0	26	1	0	0	0	0	26	0	0	114
OTU_4814_18S	2	4	1	7	16	15	0	3	4	18	3	29	17	0	0	0	0	3	0	1	4	0	127
OTU_4826_18S	99	22	23	0	0	0	0	0	0	0	34	0	0	0	0	0	0	0	0	0	0	0	178
OTU_4839_18S	0	0	0	24	20	89	54	0	0	0	0	21	0	0	0	0	0	0	0	0	0	0	208
OTU_4879_18S	17	22	8	145	5	17	0	0	0	0	0	0	0	0	0	0	0	0	0	0	0	0	214
OTU_4890_18S	0	15	77	0	0	8	0	0	0	0	0	31	0	0	0	0	0	0	0	0	0	0	131
OTU_4891_18S	38	57	0	52	0	36	0	0	0	0	0	0	0	0	0	0	0	0	0	0	0	0	183
OTU_4935_18S	0	0	20	0	17	0	0	0	0	55	0	0	50	0	0	0	0	30	0	0	0	0	172
OTU_4938_18S	61	0	0	0	0	92	0	0	6	0	59	15	0	0	0	0	0	0	0	0	0	0	233
OTU_4973_18S	30	40	0	27	0	24	0	0	0	66	0	0	0	0	0	0	0	0	0	0	0	0	187
OTU_4972_18S	28	0	0	0	8	25	0	0	0	20	0	20	0	0	0	0	0	0	0	5	0	0	106
OTU_4971_18S	0	0	0	60	0	0	46	0	0	0	0	0	0	0	0	0	0	52	21	44	0	0	223
OTU_4969_18S	0	0	0	0	0	0	0	40	0	0	0	0	0	78	21	0	0	0	0	10	0	19	168
OTU_4992_18S	0	0	23	27	0	0	0	0	0	0	0	38	42	24	0	0	0	0	0	0	0	16	170
OTU_5003_18S	21	33	11	3	0	40	0	0	12	2	1	11	0	0	0	0	0	9	0	0	0	11	154
OTU_5038_18S	0	0	34	36	0	95	43	0	0	0	0	0	0	0	0	0	24	0	0	0	0	0	232
OTU_5046_18S	0	0	15	0	0	0	0	47	0	0	0	0	0	47	42	0	0	0	0	0	0	0	151
OTU_5053_18S	0	12	40	0	4	0	0	0	6	0	0	0	0	58	0	0	0	0	0	0	0	0	120
OTU_5055_18S	18	29	15	0	47	65	0	0	0	0	22	0	0	0	0	0	0	0	0	0	0	0	196
OTU_5056_18S	12	53	0	92	0	0	0	0	0	0	0	0	0	0	0	7	0	0	0	0	0	0	164
OTU_5067_18S	0	11	0	79	26	0	0	0	0	27	0	0	0	0	0	0	0	0	0	0	0	0	143
OTU_5108_18S	63	78	0	16	0	31	0	0	0	0	0	0	0	0	0	0	0	0	0	0	0	0	188
OTU_5106_18S	16	42	0	0	0	17	0	0	0	0	0	20	0	0	0	0	0	35	0	0	0	0	130
OTU_5119_18S	42	50	0	0	0	27	0	0	0	77	16	0	0	0	0	0	0	0	0	0	0	0	212
OTU_5149_18S	62	27	7	40	0	70	0	0	0	0	0	0	0	0	0	0	0	0	0	0	0	0	206
OTU_5177_18S	0	10	18	0	0	0	0	0	0	0	0	0	0	0	0	0	0	0	0	0	42	38	108
OTU_5190_18S	51	16	7	34	0	12	0	0	0	0	16	0	0	0	0	0	0	0	0	0	0	0	136
OTU_5131_18S	4	14	0	0	1	28	0	1	18	1	0	2	2	0	0	1	18	0	22	1	0	0	113
OTU_5248_18S	0	87	0	7	0	43	0	0	14	0	0	0	0	0	0	0	0	0	13	0	0	0	164
OTU_5247_18S	0	72	18	0	0	14	0	0	0	0	0	0	0	25	0	0	0	10	0	0	0	0	139
OTU_4955_18S	60	15	13	40	0	0	0	0	0	0	0	0	0	0	0	0	0	0	0	0	0	0	128
OTU_5277_18S	37	0	13	20	0	63	0	0	0	0	0	0	0	0	0	0	0	0	0	0	0	0	133
OTU_5313_18S	0	0	24	32	19	31	0	0	0	0	0	18	29	0	0	0	0	0	19	0	0	0	172
OTU_5328_18S	0	0	0	14	0	10	0	26	0	0	0	0	56	0	0	0	0	0	0	0	0	0	106
OTU_5331_18S	78	27	0	0	28	29	0	0	0	30	0	0	0	0	0	0	0	0	0	0	0	0	192
OTU_5323_18S	0	0	0	0	0	5	31	0	0	0	0	0	0	0	19	0	0	0	0	0	52	0	107
OTU_5330_18S	0	20	17	0	0	81	0	0	0	0	0	0	0	0	0	0	0	0	0	0	40	0	158
OTU_5383_18S	27	17	24	7	0	65	0	0	0	0	1	4	18	7	0	0	4	0	0	0	0	0	174
OTU_5415_18S	19	25	26	12	0	0	0	0	0	0	0	0	0	0	0	0	34	0	0	0	0	0	116
OTU_5444_18S	0	32	0	53	0	0	0	0	0	0	0	0	0	0	0	0	0	32	0	0	75	12	204
OTU_5471_18S	36	56	0	36	0	75	0	0	0	0	0	0	0	0	0	0	0	0	0	0	0	0	203
OTU_5460_18S	0	39	35	0	0	0	0	0	0	0	27	18	0	0	0	0	0	0	0	0	0	0	119
OTU_5463_18S	50	0	80	11	0	22	0	0	0	0	17	0	0	0	0	0	0	0	0	0	0	0	180
OTU_5558_18S	29	55	17	11	0	40	0	0	0	0	0	0	0	0	0	0	0	0	0	0	0	0	152
OTU_5590_18S	0	10	32	29	8	0	0	6	0	0	0	0	39	0	0	0	0	0	0	0	0	0	124
OTU_5047_18S	0	0	9	77	20	0	0	0	0	0	0	0	0	0	0	0	4	21	0	0	0	0	131
OTU_5607_18S	0	3	27	0	12	0	13	0	13	0	0	0	14	0	0	0	0	0	0	0	0	90	172
OTU_5624_18S	0	22	0	0	0	3	0	3	0	0	2	0	0	0	17	0	0	23	34	41	0	0	145
OTU_5679_18S	13	1	0	3	1	18	0	15	10	0	48	0	0	0	0	0	8	0	0	0	12	0	129
OTU_5736_18S	114	7	11	0	0	12	0	0	0	0	0	0	0	0	0	0	0	0	0	0	0	0	144
OTU_5824_18S	9	20	10	2	0	3	0	0	1	0	2	3	3	1	1	0	1	28	18	4	0	4	110
OTU_5899_18S	15	0	0	105	4	20	0	0	19	0	0	0	0	0	0	0	0	0	0	0	0	0	163
OTU_6018_18S	70	68	0	0	6	29	0	0	0	0	0	0	0	0	0	0	0	0	0	0	0	0	173
OTU_6042_18S	0	0	10	22	0	100	16	0	0	0	0	0	0	0	0	0	0	0	0	5	0	0	153
OTU_6039_18S	0	0	10	17	0	0	0	0	0	103	20	0	0	0	0	0	0	0	0	0	0	0	150
OTU_6184_18S	0	25	0	33	0	0	0	0	0	0	30	0	0	0	0	16	0	0	0	0	0	0	104
OTU_6215_18S	0	14	23	24	12	0	0	0	11	0	0	0	27	0	0	0	0	0	0	0	0	0	111
OTU_6212_18S	9	0	1	2	0	0	0	0	0	3	38	0	0	0	34	0	0	2	0	5	39	2	135
OTU_6233_18S	5	7	11	0	0	5	0	1	2	18	1	39	10	0	0	27	0	0	0	0	0	0	126
OTU_6314_18S	0	0	2	0	0	19	0	0	23	0	5	0	21	9	15	14	0	0	0	1	0	0	109
OTU_6361_18S	0	0	0	5	4	3	48	0	0	0	0	0	0	0	0	27	0	0	0	0	37	13	137
OTU_6386_18S	0	0	13	48	20	0	0	0	0	58	0	18	0	0	0	0	0	0	0	0	0	0	157
OTU_6493_18S	39	52	12	26	0	0	0	0	0	0	0	15	0	0	0	0	0	0	0	0	0	0	144
OTU_6694_18S	21	20	0	0	24	49	0	0	0	0	0	0	0	0	0	0	0	0	0	0	0	0	114
OTU_6743_18S	34	30	0	0	0	32	0	0	0	0	0	0	0	0	0	10	0	0	0	0	0	0	106
OTU_6798_18S	0	2	0	0	0	1	0	0	0	1	2	11	0	19	0	0	18	0	39	9	0	3	105
OTU_6888_18S	0	0	16	0	0	0	0	0	0	0	0	18	0	69	12	0	0	0	0	0	0	0	115
OTU_7002_18S	38	0	0	40	14	12	0	0	0	0	0	0	0	0	0	0	0	0	0	0	0	0	104
OTU_7006_18S	40	55	0	19	0	22	0	0	0	0	0	0	0	0	0	0	0	0	0	0	0	0	136
OTU_7054_18S	0	30	24	67	0	0	0	0	0	13	0	0	0	0	0	0	0	0	0	0	0	0	134
OTU_7179_18S	34	21	0	65	0	0	0	0	0	0	0	0	0	0	0	10	0	0	0	0	0	0	130
OTU_7359_18S	0	8	0	0	23	0	0	28	0	0	0	0	0	0	0	0	0	0	0	0	49	0	108
OTU_7554_18S	0	0	0	0	0	71	0	0	0	0	16	13	0	0	0	0	0	10	0	0	0	0	110
OTU_7609_18S	0	0	0	4	21	2	0	0	0	16	0	11	0	0	0	0	0	7	0	0	51	0	112
OTU_8172_18S	6	42	0	0	0	37	0	0	0	0	0	0	18	0	0	0	0	0	0	0	0	0	103
