Source	Target	Occurrence	Occurrence_Percentage	Source_Kingdom	Source_DivisionPhylum	Target_Kingdom	Target_DivisionPhylum
ASV_1_16S_022_3	ASV_20_16S_022_3	4	100	Bacteria	Cyanobacteria	Bacteria	Cyanobacteria
ASV_1_16S_022_3	ASV_34_16S_022_3	4	100	Bacteria	Cyanobacteria	Bacteria	Bacteroidota
ASV_10_16S_022_3	ASV_131_16S_022_3	4	100	Bacteria	Alphaproteobacteria	Bacteria	Alphaproteobacteria
ASV_101_16S_022_3	ASV_559_16S_3_200	2	50	Bacteria	Gammaproteobacteria	Bacteria	Planctomycetota
ASV_101_16S_022_3	OTU_455_18S_022_3	2	50	Bacteria	Gammaproteobacteria	Eukaryota	Ochrophyta
ASV_101_16S_3_200	OTU_997_18S_3_200	2	50	Bacteria	Gammaproteobacteria	Eukaryota	Dinoflagellata
ASV_102_16S_022_3	ASV_478_16S_022_3	3	75	Bacteria	Bacteroidota	Bacteria	Gammaproteobacteria
ASV_102_16S_022_3	ASV_673_16S_3_200	3	75	Bacteria	Bacteroidota	Bacteria	Bacteroidota
ASV_102_16S_022_3	ASV_793_16S_022_3	4	100	Bacteria	Bacteroidota	Bacteria	Alphaproteobacteria
ASV_1029_16S_022_3	OTU_106_18S_3_200	1	25	Bacteria	Planctomycetota	Eukaryota	Dinoflagellata
ASV_1029_16S_022_3	OTU_1202_18S_3_200	1	25	Bacteria	Planctomycetota	Eukaryota	Dinoflagellata
ASV_1047_16S_022_3	OTU_2848_18S_3_200	1	25	Bacteria	Gammaproteobacteria	Eukaryota	Pseudofungi
ASV_105_16S_022_3	OTU_129_18S_3_200	2	50	Bacteria	Alphaproteobacteria	Eukaryota	Dinoflagellata
ASV_1050_16S_022_3	ASV_348_16S_3_200	2	50	Bacteria	Alphaproteobacteria	Bacteria	Gammaproteobacteria
ASV_1050_16S_022_3	OTU_118_18S_3_200	1	25	Bacteria	Alphaproteobacteria	Eukaryota	Dinoflagellata
ASV_1050_16S_022_3	OTU_1390_18S_3_200	2	50	Bacteria	Alphaproteobacteria	Eukaryota	Dinoflagellata
ASV_1054_16S_022_3	ASV_1071_16S_022_3	3	75	Bacteria	Alphaproteobacteria	Bacteria	Bacteroidota
ASV_1054_16S_022_3	OTU_942_18S_022_3	3	75	Bacteria	Alphaproteobacteria	Eukaryota	Dinoflagellata
ASV_1059_16S_022_3	ASV_2134_16S_3_200	3	75	Bacteria	Alphaproteobacteria	Bacteria	Alphaproteobacteria
ASV_1059_16S_022_3	ASV_2288_16S_3_200	3	75	Bacteria	Alphaproteobacteria	Bacteria	Alphaproteobacteria
ASV_1059_16S_022_3	OTU_3133_18S_022_3	3	75	Bacteria	Alphaproteobacteria	Eukaryota	Rhodelphidia
ASV_1059_16S_022_3	OTU_338_18S_022_3	3	75	Bacteria	Alphaproteobacteria	Eukaryota	Ciliophora
ASV_1065_16S_022_3	OTU_1355_18S_3_200	1	25	Bacteria	Bacteroidota	Eukaryota	Dinoflagellata
ASV_1065_16S_022_3	OTU_2750_18S_3_200	1	25	Bacteria	Bacteroidota	Eukaryota	Cercozoa
ASV_1065_16S_022_3	OTU_3422_18S_3_200	1	25	Bacteria	Bacteroidota	Eukaryota	Dinoflagellata
ASV_1067_16S_3_200	OTU_3774_18S_3_200	2	50	Bacteria	Bacteroidota	Eukaryota	Dinoflagellata
ASV_1067_16S_3_200	OTU_75_18S_3_200	2	50	Bacteria	Bacteroidota	Eukaryota	Dinoflagellata
ASV_1071_16S_022_3	ASV_1879_16S_3_200	3	75	Bacteria	Bacteroidota	Bacteria	Gammaproteobacteria
ASV_1071_16S_3_200	OTU_2253_18S_3_200	3	75	Bacteria	Bacteroidota	Eukaryota	Chlorophyta
ASV_1088_16S_022_3	OTU_997_18S_3_200	2	50	Bacteria	Alphaproteobacteria	Eukaryota	Dinoflagellata
ASV_109_16S_022_3	ASV_35_16S_3_200	4	100	Bacteria	Bacteroidota	Bacteria	Cyanobacteria
ASV_109_16S_022_3	ASV_408_16S_022_3	4	100	Bacteria	Bacteroidota	Bacteria	Bacteroidota
ASV_1092_16S_022_3	ASV_1426_16S_022_3	1	25	Bacteria	Alphaproteobacteria	Bacteria	Gammaproteobacteria
ASV_1092_16S_022_3	ASV_255_16S_3_200	1	25	Bacteria	Alphaproteobacteria	Bacteria	Alphaproteobacteria
ASV_1092_16S_022_3	OTU_92_18S_022_3	1	25	Bacteria	Alphaproteobacteria	Eukaryota	Opalozoa
ASV_11_16S_022_3	ASV_163_16S_022_3	1	25	Bacteria	Bacteroidota	Bacteria	Bacteroidota
ASV_11_16S_022_3	ASV_503_16S_022_3	1	25	Bacteria	Bacteroidota	Bacteria	Bacteroidota
ASV_11_16S_022_3	ASV_553_16S_022_3	1	25	Bacteria	Bacteroidota	Bacteria	Chloroflexi
ASV_110_16S_022_3	ASV_235_16S_022_3	1	25	Bacteria	Alphaproteobacteria	Bacteria	Bacteroidota
ASV_110_16S_022_3	ASV_325_16S_022_3	1	25	Bacteria	Alphaproteobacteria	Bacteria	Bacteroidota
ASV_110_16S_022_3	ASV_449_16S_022_3	1	25	Bacteria	Alphaproteobacteria	Bacteria	Bacteroidota
ASV_110_16S_022_3	ASV_537_16S_3_200	1	25	Bacteria	Alphaproteobacteria	Bacteria	Bacteroidota
ASV_1115_16S_022_3	OTU_550_18S_3_200	1	25	Bacteria	Alphaproteobacteria	Eukaryota	Dinoflagellata
ASV_112_16S_022_3	ASV_888_16S_3_200	1	25	Bacteria	Bacteroidota	Bacteria	Alphaproteobacteria
ASV_112_16S_022_3	OTU_5407_18S_3_200	1	25	Bacteria	Bacteroidota	Eukaryota	Ciliophora
ASV_113_16S_022_3	ASV_504_16S_022_3	1	25	Bacteria	Planctomycetota	Bacteria	Verrucomicrobiota
ASV_113_16S_3_200	ASV_133_16S_3_200	1	25	Bacteria	Planctomycetota	Bacteria	Planctomycetota
ASV_1138_16S_3_200	OTU_3933_18S_3_200	2	50	Bacteria	Bacteroidota	Eukaryota	Dinoflagellata
ASV_1139_16S_022_3	ASV_1382_16S_022_3	2	50	Bacteria	Gammaproteobacteria	Bacteria	Bacteroidota
ASV_1139_16S_022_3	OTU_1144_18S_022_3	2	50	Bacteria	Gammaproteobacteria	Eukaryota	Dinoflagellata
ASV_1139_16S_022_3	OTU_624_18S_3_200	2	50	Bacteria	Gammaproteobacteria	Eukaryota	Dinoflagellata
ASV_1139_16S_022_3	OTU_873_18S_022_3	1	25	Bacteria	Gammaproteobacteria	Eukaryota	Dinoflagellata
ASV_1143_16S_022_3	OTU_2284_18S_022_3	1	25	Bacteria	Alphaproteobacteria	Eukaryota	Dinoflagellata
ASV_1143_16S_022_3	OTU_2631_18S_3_200	1	25	Bacteria	Alphaproteobacteria	Eukaryota	Ochrophyta
ASV_1145_16S_022_3	OTU_1143_18S_022_3	1	25	Bacteria	Alphaproteobacteria	Eukaryota	Katablepharidophyta
ASV_1147_16S_022_3	ASV_1067_16S_3_200	2	50	Bacteria	Bacteroidota	Bacteria	Bacteroidota
ASV_1147_16S_022_3	OTU_207_18S_022_3	2	50	Bacteria	Bacteroidota	Eukaryota	Dinoflagellata
ASV_119_16S_022_3	ASV_122_16S_022_3	4	100	Bacteria	Bacteroidota	Bacteria	Bacteroidota
ASV_119_16S_022_3	ASV_199_16S_022_3	4	100	Bacteria	Bacteroidota	Bacteria	Bacteroidota
ASV_1190_16S_022_3	OTU_2009_18S_3_200	1	25	Bacteria	Gammaproteobacteria	Eukaryota	Dinoflagellata
ASV_1190_16S_022_3	OTU_817_18S_3_200	1	25	Bacteria	Gammaproteobacteria	Eukaryota	Dinoflagellata
ASV_1190_16S_022_3	OTU_887_18S_022_3	1	25	Bacteria	Gammaproteobacteria	Eukaryota	Ciliophora
ASV_1201_16S_022_3	ASV_1523_16S_022_3	1	25	Bacteria	Alphaproteobacteria	Bacteria	Gammaproteobacteria
ASV_1201_16S_022_3	ASV_1820_16S_022_3	1	25	Bacteria	Alphaproteobacteria	Bacteria	Gammaproteobacteria
ASV_1201_16S_022_3	OTU_2635_18S_3_200	1	25	Bacteria	Alphaproteobacteria	Eukaryota	Dinoflagellata
ASV_1201_16S_022_3	OTU_873_18S_022_3	1	25	Bacteria	Alphaproteobacteria	Eukaryota	Dinoflagellata
ASV_1201_16S_3_200	OTU_1917_18S_3_200	1	25	Bacteria	Alphaproteobacteria	Eukaryota	Dinoflagellata
ASV_1201_16S_3_200	OTU_3774_18S_3_200	2	50	Bacteria	Alphaproteobacteria	Eukaryota	Dinoflagellata
ASV_121_16S_022_3	ASV_284_16S_022_3	1	25	Bacteria	Bacteroidota	Bacteria	Alphaproteobacteria
ASV_121_16S_022_3	ASV_358_16S_022_3	1	25	Bacteria	Bacteroidota	Bacteria	Bacteroidota
ASV_121_16S_022_3	ASV_452_16S_022_3	1	25	Bacteria	Bacteroidota	Bacteria	Alphaproteobacteria
ASV_121_16S_022_3	ASV_871_16S_022_3	1	25	Bacteria	Bacteroidota	Bacteria	Alphaproteobacteria
ASV_122_16S_022_3	ASV_185_16S_022_3	4	100	Bacteria	Bacteroidota	Bacteria	Alphaproteobacteria
ASV_1254_16S_022_3	ASV_888_16S_3_200	1	25	Bacteria	Bacteroidota	Bacteria	Alphaproteobacteria
ASV_126_16S_022_3	ASV_335_16S_022_3	2	50	Bacteria	Bacteroidota	Bacteria	Bacteroidota
ASV_126_16S_022_3	ASV_466_16S_022_3	2	50	Bacteria	Bacteroidota	Bacteria	Verrucomicrobiota
ASV_126_16S_022_3	OTU_162_18S_3_200	2	50	Bacteria	Bacteroidota	Eukaryota	Dinoflagellata
ASV_128_16S_022_3	ASV_238_16S_022_3	3	75	Bacteria	Alphaproteobacteria	Bacteria	Alphaproteobacteria
ASV_129_16S_022_3	ASV_605_16S_022_3	2	50	Bacteria	Bacteroidota	Bacteria	Bacteroidota
ASV_13_16S_022_3	ASV_1124_16S_3_200	1	25	Bacteria	Bacteroidota	Bacteria	Cyanobacteria
ASV_13_16S_022_3	ASV_14_16S_022_3	4	100	Bacteria	Bacteroidota	Bacteria	Bacteroidota
ASV_13_16S_022_3	ASV_890_16S_022_3	1	25	Bacteria	Bacteroidota	Bacteria	Alphaproteobacteria
ASV_130_16S_022_3	ASV_331_16S_022_3	2	50	Bacteria	Alphaproteobacteria	Bacteria	Bacteroidota
ASV_130_16S_022_3	ASV_932_16S_022_3	1	25	Bacteria	Alphaproteobacteria	Bacteria	Bacteroidota
ASV_131_16S_022_3	ASV_164_16S_022_3	3	75	Bacteria	Alphaproteobacteria	Bacteria	Gammaproteobacteria
ASV_132_16S_022_3	OTU_95_18S_022_3	1	25	Archaea	Thermoplasmatota	Eukaryota	Dinoflagellata
ASV_135_16S_022_3	ASV_904_16S_3_200	1	25	Bacteria	Bacteroidota	Bacteria	Alphaproteobacteria
ASV_136_16S_022_3	ASV_426_16S_022_3	1	25	Bacteria	Bacteroidota	Bacteria	Gammaproteobacteria
ASV_137_16S_022_3	ASV_574_16S_022_3	2	50	Bacteria	Bacteroidota	Bacteria	Bacteroidota
ASV_137_16S_022_3	OTU_4_18S_022_3	2	50	Bacteria	Bacteroidota	Eukaryota	Dinoflagellata
ASV_1382_16S_022_3	ASV_559_16S_3_200	2	50	Bacteria	Bacteroidota	Bacteria	Planctomycetota
ASV_1382_16S_022_3	OTU_624_18S_022_3	1	25	Bacteria	Bacteroidota	Eukaryota	Dinoflagellata
ASV_1382_16S_022_3	OTU_873_18S_022_3	1	25	Bacteria	Bacteroidota	Eukaryota	Dinoflagellata
ASV_14_16S_022_3	ASV_217_16S_022_3	3	75	Bacteria	Bacteroidota	Bacteria	Gammaproteobacteria
ASV_14_16S_022_3	ASV_89_16S_022_3	4	100	Bacteria	Bacteroidota	Bacteria	Gammaproteobacteria
ASV_1420_16S_022_3	ASV_1591_16S_3_200	2	50	Bacteria	Cyanobacteria	Bacteria	Alphaproteobacteria
ASV_1426_16S_022_3	OTU_142_18S_3_200	1	25	Bacteria	Gammaproteobacteria	Eukaryota	Dinoflagellata
ASV_144_16S_022_3	ASV_144_16S_3_200	1	25	Bacteria	Gammaproteobacteria	Bacteria	Gammaproteobacteria
ASV_144_16S_022_3	ASV_161_16S_022_3	1	25	Bacteria	Gammaproteobacteria	Bacteria	Alphaproteobacteria
ASV_1446_16S_022_3	ASV_1029_16S_3_200	1	25	Bacteria	Bacteroidota	Bacteria	Planctomycetota
ASV_1446_16S_022_3	OTU_652_18S_022_3	1	25	Bacteria	Bacteroidota	Eukaryota	Ochrophyta
ASV_148_16S_022_3	ASV_204_16S_022_3	1	25	Bacteria	Dadabacteria	Bacteria	Marinimicrobia (SAR406 clade)
ASV_148_16S_022_3	ASV_553_16S_022_3	1	25	Bacteria	Dadabacteria	Bacteria	Chloroflexi
ASV_148_16S_022_3	ASV_697_16S_022_3	1	25	Bacteria	Dadabacteria	Bacteria	Bacteroidota
ASV_149_16S_022_3	ASV_335_16S_022_3	1	25	Bacteria	Alphaproteobacteria	Bacteria	Bacteroidota
ASV_149_16S_022_3	OTU_485_18S_022_3	1	25	Bacteria	Alphaproteobacteria	Eukaryota	Mesomycetozoa
ASV_1498_16S_022_3	ASV_1971_16S_022_3	1	25	Bacteria	Marinimicrobia (SAR406 clade)	Bacteria	Verrucomicrobiota
ASV_15_16S_022_3	ASV_158_16S_022_3	1	25	Bacteria	Alphaproteobacteria	Bacteria	Bacteroidota
ASV_15_16S_022_3	ASV_414_16S_3_200	1	25	Bacteria	Alphaproteobacteria	Bacteria	Actinobacteriota
ASV_150_16S_022_3	ASV_1801_16S_022_3	1	25	Bacteria	Bacteroidota	Bacteria	Marinimicrobia (SAR406 clade)
ASV_152_16S_022_3	ASV_328_16S_022_3	3	75	Bacteria	Verrucomicrobiota	Bacteria	Cyanobacteria
ASV_1523_16S_022_3	ASV_1275_16S_3_200	1	25	Bacteria	Gammaproteobacteria	Bacteria	Bacteroidota
ASV_1523_16S_022_3	ASV_2281_16S_3_200	1	25	Bacteria	Gammaproteobacteria	Bacteria	Planctomycetota
ASV_153_16S_022_3	ASV_408_16S_022_3	4	100	Bacteria	Bacteroidota	Bacteria	Bacteroidota
ASV_1534_16S_022_3	ASV_1576_16S_022_3	1	25	Bacteria	Gammaproteobacteria	Bacteria	Alphaproteobacteria
ASV_1534_16S_022_3	ASV_1804_16S_022_3	1	25	Bacteria	Gammaproteobacteria	Bacteria	Alphaproteobacteria
ASV_1534_16S_022_3	OTU_3773_18S_3_200	1	25	Bacteria	Gammaproteobacteria	Eukaryota	Dinoflagellata
ASV_157_16S_022_3	ASV_258_16S_022_3	3	75	Bacteria	Bacteroidota	Bacteria	Gammaproteobacteria
ASV_157_16S_022_3	ASV_381_16S_022_3	2	50	Bacteria	Bacteroidota	Bacteria	Cyanobacteria
ASV_157_16S_3_200	ASV_1071_16S_3_200	3	75	Bacteria	Bacteroidota	Bacteria	Bacteroidota
ASV_1584_16S_022_3	ASV_1879_16S_3_200	4	100	Bacteria	Gammaproteobacteria	Bacteria	Gammaproteobacteria
ASV_1587_16S_022_3	ASV_1657_16S_022_3	1	25	Bacteria	Bacteroidota	Bacteria	Bacteroidota
ASV_1587_16S_022_3	OTU_1034_18S_3_200	1	25	Bacteria	Bacteroidota	Eukaryota	Dinoflagellata
ASV_1587_16S_022_3	OTU_3422_18S_3_200	1	25	Bacteria	Bacteroidota	Eukaryota	Dinoflagellata
ASV_160_16S_022_3	ASV_233_16S_022_3	1	25	Bacteria	Alphaproteobacteria	Bacteria	Alphaproteobacteria
ASV_160_16S_022_3	ASV_862_16S_022_3	1	25	Bacteria	Alphaproteobacteria	Bacteria	Gammaproteobacteria
ASV_161_16S_022_3	ASV_1643_16S_022_3	1	25	Bacteria	Alphaproteobacteria	Bacteria	Desulfobacterota
ASV_161_16S_022_3	ASV_235_16S_3_200	1	25	Bacteria	Alphaproteobacteria	Bacteria	Bacteroidota
ASV_161_16S_022_3	ASV_320_16S_022_3	1	25	Bacteria	Alphaproteobacteria	Bacteria	Alphaproteobacteria
ASV_163_16S_022_3	ASV_204_16S_022_3	2	50	Bacteria	Bacteroidota	Bacteria	Marinimicrobia (SAR406 clade)
ASV_163_16S_022_3	ASV_410_16S_022_3	2	50	Bacteria	Bacteroidota	Bacteria	Bacteroidota
ASV_1643_16S_022_3	ASV_932_16S_3_200	1	25	Bacteria	Desulfobacterota	Bacteria	Bacteroidota
ASV_1657_16S_022_3	ASV_2185_16S_022_3	1	25	Bacteria	Bacteroidota	Bacteria	Alphaproteobacteria
ASV_168_16S_022_3	ASV_180_16S_3_200	1	25	Bacteria	Bacteroidota	Bacteria	Firmicutes
ASV_168_16S_022_3	ASV_2561_16S_3_200	1	25	Bacteria	Bacteroidota	Bacteria	Bacteroidota
ASV_169_16S_022_3	ASV_277_16S_022_3	4	100	Bacteria	Bacteroidota	Bacteria	Bacteroidota
ASV_169_16S_022_3	ASV_525_16S_022_3	4	100	Bacteria	Bacteroidota	Bacteria	SAR324 clade(Marine group B)
ASV_1693_16S_022_3	ASV_1071_16S_3_200	3	75	Bacteria	Alphaproteobacteria	Bacteria	Bacteroidota
ASV_17_16S_022_3	ASV_166_16S_022_3	4	100	Bacteria	Alphaproteobacteria	Bacteria	Bacteroidota
ASV_17_16S_022_3	ASV_166_16S_3_200	4	100	Bacteria	Alphaproteobacteria	Bacteria	Bacteroidota
ASV_170_16S_022_3	ASV_502_16S_022_3	2	50	Bacteria	Bacteroidota	Bacteria	Gammaproteobacteria
ASV_1727_16S_022_3	OTU_1286_18S_3_200	1	25	Bacteria	Bacteroidota	Eukaryota	unknown 18S
ASV_1727_16S_022_3	OTU_2856_18S_022_3	1	25	Bacteria	Bacteroidota	Eukaryota	Dinoflagellata
ASV_1728_16S_022_3	ASV_58_16S_3_200	1	25	Bacteria	Planctomycetota	Bacteria	Alphaproteobacteria
ASV_173_16S_022_3	ASV_1138_16S_3_200	3	75	Bacteria	Gammaproteobacteria	Bacteria	Bacteroidota
ASV_1732_16S_022_3	OTU_851_18S_022_3	1	25	Bacteria	Gammaproteobacteria	Eukaryota	Ochrophyta
ASV_175_16S_022_3	ASV_357_16S_022_3	1	25	Bacteria	Alphaproteobacteria	Bacteria	Bacteroidota
ASV_1753_16S_022_3	OTU_133_18S_022_3	4	100	Bacteria	Bacteroidota	Eukaryota	Radiolaria
ASV_1753_16S_022_3	OTU_300_18S_3_200	4	100	Bacteria	Bacteroidota	Eukaryota	Dinoflagellata
ASV_176_16S_3_200	ASV_630_16S_3_200	3	75	Bacteria	Alphaproteobacteria	Bacteria	Alphaproteobacteria
ASV_179_16S_022_3	ASV_271_16S_022_3	2	50	Bacteria	Bacteroidota	Bacteria	Bacteroidota
ASV_179_16S_022_3	ASV_304_16S_022_3	1	25	Bacteria	Bacteroidota	Bacteria	Bacteroidota
ASV_179_16S_022_3	ASV_491_16S_022_3	2	50	Bacteria	Bacteroidota	Bacteria	Bacteroidota
ASV_18_16S_022_3	ASV_1243_16S_022_3	2	50	Bacteria	Bacteroidota	Bacteria	Alphaproteobacteria
ASV_180_16S_022_3	ASV_1728_16S_022_3	1	25	Bacteria	Firmicutes	Bacteria	Planctomycetota
ASV_180_16S_022_3	ASV_180_16S_3_200	1	25	Bacteria	Firmicutes	Bacteria	Firmicutes
ASV_1801_16S_022_3	OTU_568_18S_022_3	1	25	Bacteria	Marinimicrobia (SAR406 clade)	Eukaryota	Dinoflagellata
ASV_1804_16S_022_3	OTU_1104_18S_3_200	1	25	Bacteria	Alphaproteobacteria	Eukaryota	Choanoflagellida
ASV_182_16S_022_3	ASV_1429_16S_022_3	3	75	Bacteria	Gammaproteobacteria	Bacteria	Gammaproteobacteria
ASV_182_16S_022_3	ASV_475_16S_022_3	3	75	Bacteria	Gammaproteobacteria	Bacteria	Bacteroidota
ASV_1820_16S_022_3	ASV_2281_16S_3_200	1	25	Bacteria	Gammaproteobacteria	Bacteria	Planctomycetota
ASV_1820_16S_022_3	OTU_2750_18S_3_200	1	25	Bacteria	Gammaproteobacteria	Eukaryota	Cercozoa
ASV_184_16S_022_3	ASV_306_16S_022_3	2	50	Bacteria	Alphaproteobacteria	Bacteria	Alphaproteobacteria
ASV_184_16S_022_3	OTU_1390_18S_3_200	2	50	Bacteria	Alphaproteobacteria	Eukaryota	Dinoflagellata
ASV_185_16S_022_3	ASV_401_16S_022_3	4	100	Bacteria	Alphaproteobacteria	Bacteria	Alphaproteobacteria
ASV_185_16S_022_3	OTU_234_18S_022_3	4	100	Bacteria	Alphaproteobacteria	Eukaryota	Pseudofungi
ASV_189_16S_022_3	ASV_318_16S_022_3	1	25	Bacteria	Gammaproteobacteria	Bacteria	Alphaproteobacteria
ASV_189_16S_022_3	ASV_414_16S_022_3	1	25	Bacteria	Gammaproteobacteria	Bacteria	Actinobacteriota
ASV_189_16S_022_3	ASV_422_16S_022_3	1	25	Bacteria	Gammaproteobacteria	Bacteria	Alphaproteobacteria
ASV_19_16S_022_3	ASV_126_16S_022_3	2	50	Bacteria	Bacteroidota	Bacteria	Bacteroidota
ASV_19_16S_022_3	ASV_23_16S_022_3	2	50	Bacteria	Bacteroidota	Bacteria	Marinimicrobia (SAR406 clade)
ASV_19_16S_022_3	ASV_410_16S_022_3	2	50	Bacteria	Bacteroidota	Bacteria	Bacteroidota
ASV_192_16S_022_3	ASV_859_16S_022_3	3	75	Bacteria	Cyanobacteria	Bacteria	Gammaproteobacteria
ASV_192_16S_3_200	OTU_204_18S_3_200	3	75	Bacteria	Cyanobacteria	Eukaryota	Dinoflagellata
ASV_193_16S_022_3	ASV_360_16S_022_3	2	50	Bacteria	Alphaproteobacteria	Bacteria	Gammaproteobacteria
ASV_193_16S_022_3	ASV_402_16S_022_3	2	50	Bacteria	Alphaproteobacteria	Bacteria	Alphaproteobacteria
ASV_197_16S_022_3	ASV_225_16S_022_3	4	100	Bacteria	Alphaproteobacteria	Bacteria	Gammaproteobacteria
ASV_2_16S_022_3	ASV_156_16S_022_3	2	50	Bacteria	Cyanobacteria	Bacteria	Alphaproteobacteria
ASV_2_16S_022_3	ASV_197_16S_022_3	2	50	Bacteria	Cyanobacteria	Bacteria	Alphaproteobacteria
ASV_2_16S_022_3	ASV_226_16S_022_3	1	25	Bacteria	Cyanobacteria	Bacteria	Bacteroidota
ASV_2_16S_022_3	ASV_6_16S_022_3	2	50	Bacteria	Cyanobacteria	Bacteria	Cyanobacteria
ASV_20_16S_022_3	ASV_47_16S_022_3	1	25	Bacteria	Cyanobacteria	Bacteria	Gammaproteobacteria
ASV_204_16S_022_3	ASV_212_16S_022_3	2	50	Bacteria	Marinimicrobia (SAR406 clade)	Bacteria	Marinimicrobia (SAR406 clade)
ASV_204_16S_022_3	ASV_298_16S_022_3	1	25	Bacteria	Marinimicrobia (SAR406 clade)	Bacteria	Cyanobacteria
ASV_206_16S_022_3	ASV_304_16S_022_3	1	25	Bacteria	Actinobacteriota	Bacteria	Bacteroidota
ASV_206_16S_022_3	ASV_641_16S_022_3	1	25	Bacteria	Actinobacteriota	Bacteria	Gammaproteobacteria
ASV_207_16S_022_3	ASV_579_16S_022_3	1	25	Bacteria	Alphaproteobacteria	Bacteria	Actinobacteriota
ASV_207_16S_022_3	ASV_784_16S_022_3	2	50	Bacteria	Alphaproteobacteria	Bacteria	Cyanobacteria
ASV_21_16S_022_3	ASV_388_16S_022_3	3	75	Bacteria	Alphaproteobacteria	Bacteria	Alphaproteobacteria
ASV_212_16S_022_3	ASV_449_16S_022_3	1	25	Bacteria	Marinimicrobia (SAR406 clade)	Bacteria	Bacteroidota
ASV_212_16S_022_3	ASV_767_16S_022_3	2	50	Bacteria	Marinimicrobia (SAR406 clade)	Bacteria	Alphaproteobacteria
ASV_213_16S_022_3	ASV_101_16S_3_200	2	50	Bacteria	Gammaproteobacteria	Bacteria	Gammaproteobacteria
ASV_213_16S_022_3	ASV_1067_16S_3_200	2	50	Bacteria	Gammaproteobacteria	Bacteria	Bacteroidota
ASV_213_16S_022_3	ASV_1147_16S_022_3	2	50	Bacteria	Gammaproteobacteria	Bacteria	Bacteroidota
ASV_2134_16S_3_200	ASV_2288_16S_3_200	3	75	Bacteria	Alphaproteobacteria	Bacteria	Alphaproteobacteria
ASV_215_16S_022_3	ASV_215_16S_3_200	3	75	Bacteria	Actinobacteriota	Bacteria	Actinobacteriota
ASV_215_16S_022_3	ASV_512_16S_022_3	3	75	Bacteria	Actinobacteriota	Bacteria	Gammaproteobacteria
ASV_216_16S_022_3	ASV_358_16S_022_3	1	25	Bacteria	Bacteroidota	Bacteria	Bacteroidota
ASV_216_16S_022_3	ASV_365_16S_3_200	1	25	Bacteria	Bacteroidota	Bacteria	Bacteroidota
ASV_216_16S_022_3	ASV_503_16S_022_3	1	25	Bacteria	Bacteroidota	Bacteria	Bacteroidota
ASV_216_16S_3_200	ASV_345_16S_3_200	1	25	Bacteria	Bacteroidota	Bacteria	Bacteroidota
ASV_217_16S_022_3	ASV_290_16S_022_3	3	75	Bacteria	Gammaproteobacteria	Bacteria	Alphaproteobacteria
ASV_218_16S_022_3	ASV_397_16S_022_3	1	25	Bacteria	Alphaproteobacteria	Bacteria	Alphaproteobacteria
ASV_2185_16S_022_3	OTU_1290_18S_022_3	1	25	Bacteria	Alphaproteobacteria	Eukaryota	Ciliophora
ASV_2185_16S_022_3	OTU_30_18S_3_200	1	25	Bacteria	Alphaproteobacteria	Eukaryota	Dinoflagellata
ASV_222_16S_022_3	ASV_426_16S_022_3	1	25	Bacteria	Marinimicrobia (SAR406 clade)	Bacteria	Gammaproteobacteria
ASV_222_16S_022_3	ASV_503_16S_022_3	1	25	Bacteria	Marinimicrobia (SAR406 clade)	Bacteria	Bacteroidota
ASV_225_16S_022_3	ASV_401_16S_022_3	4	100	Bacteria	Gammaproteobacteria	Bacteria	Alphaproteobacteria
ASV_225_16S_022_3	ASV_569_16S_022_3	4	100	Bacteria	Gammaproteobacteria	Bacteria	Gammaproteobacteria
ASV_226_16S_022_3	ASV_414_16S_022_3	1	25	Bacteria	Bacteroidota	Bacteria	Actinobacteriota
ASV_228_16S_022_3	ASV_287_16S_022_3	1	25	Bacteria	Alphaproteobacteria	Bacteria	Alphaproteobacteria
ASV_2281_16S_3_200	OTU_550_18S_3_200	1	25	Bacteria	Planctomycetota	Eukaryota	Dinoflagellata
ASV_229_16S_022_3	OTU_1431_18S_3_200	1	25	Bacteria	Gammaproteobacteria	Eukaryota	Ochrophyta
ASV_229_16S_022_3	OTU_231_18S_3_200	1	25	Bacteria	Gammaproteobacteria	Eukaryota	Dinoflagellata
ASV_229_16S_022_3	OTU_866_18S_3_200	1	25	Bacteria	Gammaproteobacteria	Eukaryota	Picozoa
ASV_229_16S_3_200	OTU_2031_18S_3_200	1	25	Bacteria	Gammaproteobacteria	Eukaryota	Ochrophyta
ASV_23_16S_022_3	ASV_149_16S_022_3	1	25	Bacteria	Marinimicrobia (SAR406 clade)	Bacteria	Alphaproteobacteria
ASV_23_16S_022_3	ASV_767_16S_022_3	2	50	Bacteria	Marinimicrobia (SAR406 clade)	Bacteria	Alphaproteobacteria
ASV_23_16S_022_3	OTU_217_18S_022_3	1	25	Bacteria	Marinimicrobia (SAR406 clade)	Eukaryota	Dinoflagellata
ASV_233_16S_022_3	ASV_362_16S_022_3	1	25	Bacteria	Alphaproteobacteria	Bacteria	Alphaproteobacteria
ASV_234_16S_022_3	ASV_641_16S_022_3	1	25	Bacteria	Alphaproteobacteria	Bacteria	Gammaproteobacteria
ASV_234_16S_022_3	ASV_862_16S_022_3	1	25	Bacteria	Alphaproteobacteria	Bacteria	Gammaproteobacteria
ASV_235_16S_022_3	ASV_253_16S_022_3	1	25	Bacteria	Bacteroidota	Bacteria	Alphaproteobacteria
ASV_235_16S_022_3	ASV_345_16S_022_3	1	25	Bacteria	Bacteroidota	Bacteria	Bacteroidota
ASV_235_16S_3_200	ASV_628_16S_3_200	1	25	Bacteria	Bacteroidota	Bacteria	Gammaproteobacteria
ASV_237_16S_022_3	ASV_237_16S_3_200	4	100	Bacteria	Cyanobacteria	Bacteria	Cyanobacteria
ASV_237_16S_022_3	ASV_249_16S_022_3	4	100	Bacteria	Cyanobacteria	Bacteria	Cyanobacteria
ASV_237_16S_3_200	ASV_1591_16S_3_200	2	50	Bacteria	Cyanobacteria	Bacteria	Alphaproteobacteria
ASV_248_16S_022_3	ASV_300_16S_022_3	1	25	Bacteria	Alphaproteobacteria	Bacteria	Bacteroidota
ASV_248_16S_022_3	ASV_808_16S_022_3	1	25	Bacteria	Alphaproteobacteria	Bacteria	Alphaproteobacteria
ASV_248_16S_022_3	OTU_1318_18S_3_200	1	25	Bacteria	Alphaproteobacteria	Eukaryota	Dinoflagellata
ASV_248_16S_022_3	OTU_2823_18S_022_3	1	25	Bacteria	Alphaproteobacteria	Eukaryota	Dinoflagellata
ASV_248_16S_3_200	ASV_300_16S_3_200	2	50	Bacteria	Alphaproteobacteria	Bacteria	Bacteroidota
ASV_25_16S_022_3	ASV_185_16S_022_3	4	100	Bacteria	Bacteroidota	Bacteria	Alphaproteobacteria
ASV_25_16S_022_3	ASV_89_16S_022_3	4	100	Bacteria	Bacteroidota	Bacteria	Gammaproteobacteria
ASV_25_16S_022_3	OTU_87_18S_022_3	1	25	Bacteria	Bacteroidota	Eukaryota	Chlorophyta
ASV_255_16S_022_3	ASV_1426_16S_022_3	1	25	Bacteria	Alphaproteobacteria	Bacteria	Gammaproteobacteria
ASV_258_16S_022_3	ASV_157_16S_3_200	3	75	Bacteria	Gammaproteobacteria	Bacteria	Bacteroidota
ASV_258_16S_022_3	ASV_478_16S_022_3	3	75	Bacteria	Gammaproteobacteria	Bacteria	Gammaproteobacteria
ASV_26_16S_022_3	ASV_237_16S_022_3	4	100	Bacteria	Cyanobacteria	Bacteria	Cyanobacteria
ASV_26_16S_022_3	ASV_35_16S_022_3	4	100	Bacteria	Cyanobacteria	Bacteria	Cyanobacteria
ASV_26_16S_3_200	ASV_35_16S_3_200	4	100	Bacteria	Cyanobacteria	Bacteria	Cyanobacteria
ASV_260_16S_022_3	ASV_1057_16S_022_3	1	25	Bacteria	Alphaproteobacteria	Bacteria	Alphaproteobacteria
ASV_260_16S_022_3	ASV_387_16S_022_3	1	25	Bacteria	Alphaproteobacteria	Bacteria	Alphaproteobacteria
ASV_260_16S_022_3	ASV_448_16S_022_3	1	25	Bacteria	Alphaproteobacteria	Bacteria	Bacteroidota
ASV_265_16S_022_3	ASV_503_16S_022_3	1	25	Bacteria	Alphaproteobacteria	Bacteria	Bacteroidota
ASV_265_16S_022_3	ASV_947_16S_022_3	1	25	Bacteria	Alphaproteobacteria	Bacteria	Alphaproteobacteria
ASV_267_16S_022_3	ASV_1021_16S_022_3	1	25	Bacteria	Bacteroidota	Bacteria	Bacteroidota
ASV_267_16S_022_3	ASV_267_16S_3_200	1	25	Bacteria	Bacteroidota	Bacteria	Bacteroidota
ASV_267_16S_022_3	OTU_361_18S_3_200	1	25	Bacteria	Bacteroidota	Eukaryota	Chlorophyta
ASV_27_16S_022_3	ASV_263_16S_022_3	3	75	Bacteria	Cyanobacteria	Bacteria	Alphaproteobacteria
ASV_27_16S_022_3	ASV_83_16S_022_3	3	75	Bacteria	Cyanobacteria	Bacteria	Actinobacteriota
ASV_271_16S_022_3	ASV_429_16S_022_3	2	50	Bacteria	Bacteroidota	Bacteria	Bacteroidota
ASV_271_16S_022_3	OTU_196_18S_3_200	1	25	Bacteria	Bacteroidota	Eukaryota	Dinoflagellata
ASV_273_16S_022_3	ASV_466_16S_022_3	2	50	Bacteria	Bacteroidota	Bacteria	Verrucomicrobiota
ASV_274_16S_022_3	ASV_1092_16S_022_3	1	25	Bacteria	Bacteroidota	Bacteria	Alphaproteobacteria
ASV_274_16S_022_3	ASV_365_16S_022_3	1	25	Bacteria	Bacteroidota	Bacteria	Bacteroidota
ASV_274_16S_022_3	ASV_400_16S_022_3	1	25	Bacteria	Bacteroidota	Bacteria	Bacteroidota
ASV_274_16S_022_3	ASV_697_16S_022_3	1	25	Bacteria	Bacteroidota	Bacteria	Bacteroidota
ASV_274_16S_3_200	ASV_365_16S_3_200	1	25	Bacteria	Bacteroidota	Bacteria	Bacteroidota
ASV_274_16S_3_200	OTU_470_18S_3_200	1	25	Bacteria	Bacteroidota	Eukaryota	Sagenista
ASV_282_16S_022_3	ASV_425_16S_022_3	2	50	Bacteria	Gammaproteobacteria	Bacteria	Bacteroidota
ASV_282_16S_022_3	ASV_515_16S_022_3	2	50	Bacteria	Gammaproteobacteria	Bacteria	Bacteroidota
ASV_283_16S_022_3	ASV_283_16S_3_200	1	25	Bacteria	Bacteroidota	Bacteria	Bacteroidota
ASV_284_16S_022_3	ASV_405_16S_3_200	1	25	Bacteria	Alphaproteobacteria	Bacteria	Gammaproteobacteria
ASV_286_16S_3_200	ASV_777_16S_3_200	3	75	Bacteria	Alphaproteobacteria	Bacteria	Alphaproteobacteria
ASV_287_16S_022_3	OTU_3338_18S_3_200	1	25	Bacteria	Alphaproteobacteria	Eukaryota	Dinoflagellata
ASV_289_16S_022_3	OTU_543_18S_022_3	1	25	Bacteria	Firmicutes	Eukaryota	Dinoflagellata
ASV_290_16S_022_3	OTU_195_18S_022_3	3	75	Bacteria	Alphaproteobacteria	Eukaryota	Ciliophora
ASV_291_16S_022_3	ASV_340_16S_022_3	2	50	Bacteria	Cyanobacteria	Bacteria	Bacteroidota
ASV_295_16S_022_3	ASV_475_16S_022_3	3	75	Bacteria	Bacteroidota	Bacteria	Bacteroidota
ASV_297_16S_022_3	ASV_297_16S_3_200	3	75	Bacteria	Bacteroidota	Bacteria	Bacteroidota
ASV_297_16S_022_3	ASV_808_16S_3_200	2	50	Bacteria	Bacteroidota	Bacteria	Alphaproteobacteria
ASV_297_16S_022_3	ASV_884_16S_3_200	3	75	Bacteria	Bacteroidota	Bacteria	Alphaproteobacteria
ASV_298_16S_022_3	ASV_298_16S_3_200	2	50	Bacteria	Cyanobacteria	Bacteria	Cyanobacteria
ASV_298_16S_022_3	ASV_37_16S_3_200	3	75	Bacteria	Cyanobacteria	Bacteria	Cyanobacteria
ASV_3_16S_022_3	ASV_7_16S_022_3	4	100	Bacteria	Alphaproteobacteria	Bacteria	Alphaproteobacteria
ASV_3_16S_022_3	ASV_8_16S_022_3	4	100	Bacteria	Alphaproteobacteria	Bacteria	Alphaproteobacteria
ASV_3_16S_022_3	OTU_2633_18S_022_3	2	50	Bacteria	Alphaproteobacteria	Eukaryota	Dinoflagellata
ASV_30_16S_022_3	ASV_81_16S_022_3	1	25	Bacteria	Bacteroidota	Bacteria	Marinimicrobia (SAR406 clade)
ASV_30_16S_022_3	OTU_423_18S_022_3	1	25	Bacteria	Bacteroidota	Eukaryota	Dinoflagellata
ASV_30_16S_022_3	OTU_6_18S_022_3	2	50	Bacteria	Bacteroidota	Eukaryota	Chlorophyta
ASV_300_16S_022_3	ASV_632_16S_022_3	2	50	Bacteria	Bacteroidota	Bacteria	Bacteroidota
ASV_300_16S_022_3	OTU_763_18S_022_3	2	50	Bacteria	Bacteroidota	Eukaryota	Dinoflagellata
ASV_304_16S_022_3	ASV_1153_16S_022_3	1	25	Bacteria	Bacteroidota	Bacteria	Bacteroidota
ASV_304_16S_022_3	ASV_622_16S_022_3	1	25	Bacteria	Bacteroidota	Bacteria	Alphaproteobacteria
ASV_306_16S_022_3	ASV_1687_16S_022_3	2	50	Bacteria	Alphaproteobacteria	Archaea	Thermoplasmatota
ASV_306_16S_022_3	OTU_292_18S_3_200	1	25	Bacteria	Alphaproteobacteria	Eukaryota	Stramenopiles_X
ASV_306_16S_022_3	OTU_866_18S_3_200	1	25	Bacteria	Alphaproteobacteria	Eukaryota	Picozoa
ASV_309_16S_022_3	ASV_425_16S_022_3	2	50	Bacteria	Bacteroidota	Bacteria	Bacteroidota
ASV_312_16S_022_3	ASV_401_16S_022_3	4	100	Bacteria	Alphaproteobacteria	Bacteria	Alphaproteobacteria
ASV_317_16S_022_3	ASV_547_16S_022_3	3	75	Bacteria	Gammaproteobacteria	Bacteria	Verrucomicrobiota
ASV_318_16S_022_3	ASV_422_16S_022_3	1	25	Bacteria	Alphaproteobacteria	Bacteria	Alphaproteobacteria
ASV_318_16S_022_3	ASV_890_16S_022_3	1	25	Bacteria	Alphaproteobacteria	Bacteria	Alphaproteobacteria
ASV_32_16S_022_3	ASV_1584_16S_022_3	1	25	Bacteria	Alphaproteobacteria	Bacteria	Gammaproteobacteria
ASV_32_16S_022_3	ASV_414_16S_3_200	1	25	Bacteria	Alphaproteobacteria	Bacteria	Actinobacteriota
ASV_32_16S_022_3	ASV_81_16S_022_3	1	25	Bacteria	Alphaproteobacteria	Bacteria	Marinimicrobia (SAR406 clade)
ASV_32_16S_022_3	ASV_93_16S_022_3	1	25	Bacteria	Alphaproteobacteria	Bacteria	Actinobacteriota
ASV_320_16S_022_3	ASV_628_16S_3_200	1	25	Bacteria	Alphaproteobacteria	Bacteria	Gammaproteobacteria
ASV_321_16S_022_3	ASV_144_16S_3_200	1	25	Bacteria	Alphaproteobacteria	Bacteria	Gammaproteobacteria
ASV_321_16S_022_3	ASV_274_16S_3_200	1	25	Bacteria	Alphaproteobacteria	Bacteria	Bacteroidota
ASV_321_16S_022_3	ASV_400_16S_3_200	1	25	Bacteria	Alphaproteobacteria	Bacteria	Bacteroidota
ASV_325_16S_022_3	ASV_216_16S_3_200	1	25	Bacteria	Bacteroidota	Bacteria	Bacteroidota
ASV_328_16S_022_3	ASV_1034_16S_022_3	3	75	Bacteria	Cyanobacteria	Bacteria	Cyanobacteria
ASV_33_16S_022_3	ASV_156_16S_022_3	2	50	Bacteria	Bacteroidota	Bacteria	Alphaproteobacteria
ASV_331_16S_022_3	ASV_671_16S_022_3	1	25	Bacteria	Bacteroidota	Bacteria	Bacteroidota
ASV_331_16S_022_3	OTU_2878_18S_022_3	2	50	Bacteria	Bacteroidota	Eukaryota	Dinoflagellata
ASV_335_16S_022_3	ASV_1097_16S_022_3	2	50	Bacteria	Bacteroidota	Bacteria	Bacteroidota
ASV_34_16S_022_3	ASV_479_16S_022_3	4	100	Bacteria	Bacteroidota	Bacteria	Gammaproteobacteria
ASV_34_16S_022_3	ASV_60_16S_022_3	4	100	Bacteria	Bacteroidota	Bacteria	Bacteroidota
ASV_34_16S_022_3	ASV_72_16S_022_3	4	100	Bacteria	Bacteroidota	Bacteria	Alphaproteobacteria
ASV_340_16S_022_3	ASV_574_16S_022_3	2	50	Bacteria	Bacteroidota	Bacteria	Bacteroidota
ASV_340_16S_022_3	ASV_633_16S_022_3	2	50	Bacteria	Bacteroidota	Bacteria	Alphaproteobacteria
ASV_345_16S_022_3	ASV_235_16S_3_200	1	25	Bacteria	Bacteroidota	Bacteria	Bacteroidota
ASV_345_16S_022_3	ASV_365_16S_022_3	1	25	Bacteria	Bacteroidota	Bacteria	Bacteroidota
ASV_345_16S_022_3	ASV_365_16S_3_200	1	25	Bacteria	Bacteroidota	Bacteria	Bacteroidota
ASV_345_16S_022_3	ASV_473_16S_022_3	1	25	Bacteria	Bacteroidota	Bacteria	Bacteroidota
ASV_345_16S_022_3	ASV_938_16S_022_3	1	25	Bacteria	Bacteroidota	Bacteria	Planctomycetota
ASV_348_16S_022_3	ASV_448_16S_022_3	1	25	Bacteria	Gammaproteobacteria	Bacteria	Bacteroidota
ASV_348_16S_022_3	ASV_746_16S_022_3	1	25	Bacteria	Gammaproteobacteria	Bacteria	Gammaproteobacteria
ASV_35_16S_022_3	ASV_249_16S_022_3	4	100	Bacteria	Cyanobacteria	Bacteria	Cyanobacteria
ASV_35_16S_022_3	ASV_324_16S_022_3	4	100	Bacteria	Cyanobacteria	Bacteria	Gammaproteobacteria
ASV_35_16S_022_3	ASV_35_16S_3_200	4	100	Bacteria	Cyanobacteria	Bacteria	Cyanobacteria
ASV_350_16S_022_3	ASV_782_16S_022_3	2	50	Bacteria	Gammaproteobacteria	Bacteria	Bacteroidota
ASV_350_16S_022_3	OTU_207_18S_022_3	2	50	Bacteria	Gammaproteobacteria	Eukaryota	Dinoflagellata
ASV_358_16S_022_3	OTU_582_18S_3_200	1	25	Bacteria	Bacteroidota	Eukaryota	Chlorophyta
ASV_36_16S_022_3	ASV_512_16S_022_3	3	75	Bacteria	Bacteroidota	Bacteria	Gammaproteobacteria
ASV_36_16S_022_3	ASV_918_16S_022_3	3	75	Bacteria	Bacteroidota	Bacteria	Alphaproteobacteria
ASV_362_16S_022_3	ASV_890_16S_022_3	1	25	Bacteria	Alphaproteobacteria	Bacteria	Alphaproteobacteria
ASV_365_16S_022_3	ASV_537_16S_022_3	1	25	Bacteria	Bacteroidota	Bacteria	Bacteroidota
ASV_369_16S_022_3	ASV_431_16S_3_200	1	25	Bacteria	Bacteroidota	Bacteria	Bacteroidota
ASV_369_16S_022_3	ASV_537_16S_3_200	1	25	Bacteria	Bacteroidota	Bacteria	Bacteroidota
ASV_37_16S_022_3	ASV_249_16S_022_3	4	100	Bacteria	Cyanobacteria	Bacteria	Cyanobacteria
ASV_377_16S_022_3	ASV_932_16S_3_200	1	25	Bacteria	Alphaproteobacteria	Bacteria	Bacteroidota
ASV_377_16S_3_200	OTU_103_18S_3_200	3	75	Bacteria	Alphaproteobacteria	Eukaryota	Dinoflagellata
ASV_377_16S_3_200	OTU_50_18S_3_200	1	25	Bacteria	Alphaproteobacteria	Eukaryota	Dinoflagellata
ASV_378_16S_022_3	ASV_1379_16S_022_3	1	25	Bacteria	Alphaproteobacteria	Bacteria	Alphaproteobacteria
ASV_378_16S_022_3	ASV_483_16S_3_200	2	50	Bacteria	Alphaproteobacteria	Bacteria	Firmicutes
ASV_381_16S_022_3	OTU_942_18S_022_3	2	50	Bacteria	Cyanobacteria	Eukaryota	Dinoflagellata
ASV_384_16S_022_3	ASV_1587_16S_022_3	1	25	Bacteria	Alphaproteobacteria	Bacteria	Bacteroidota
ASV_384_16S_022_3	ASV_862_16S_022_3	1	25	Bacteria	Alphaproteobacteria	Bacteria	Gammaproteobacteria
ASV_387_16S_022_3	ASV_615_16S_022_3	1	25	Bacteria	Alphaproteobacteria	Bacteria	Alphaproteobacteria
ASV_387_16S_022_3	ASV_862_16S_022_3	1	25	Bacteria	Alphaproteobacteria	Bacteria	Gammaproteobacteria
ASV_387_16S_022_3	ASV_871_16S_022_3	1	25	Bacteria	Alphaproteobacteria	Bacteria	Alphaproteobacteria
ASV_388_16S_022_3	ASV_422_16S_022_3	1	25	Bacteria	Alphaproteobacteria	Bacteria	Alphaproteobacteria
ASV_397_16S_022_3	ASV_942_16S_022_3	1	25	Bacteria	Alphaproteobacteria	Bacteria	Alphaproteobacteria
ASV_4_16S_022_3	ASV_13_16S_022_3	4	100	Bacteria	Alphaproteobacteria	Bacteria	Bacteroidota
ASV_40_16S_3_200	ASV_663_16S_3_200	3	75	Bacteria	Alphaproteobacteria	Bacteria	Alphaproteobacteria
ASV_400_16S_022_3	OTU_320_18S_022_3	1	25	Bacteria	Bacteroidota	Eukaryota	Dinoflagellata
ASV_400_16S_3_200	ASV_431_16S_3_200	1	25	Bacteria	Bacteroidota	Bacteria	Bacteroidota
ASV_407_16S_022_3	ASV_1054_16S_022_3	3	75	Bacteria	Bacteroidota	Bacteria	Alphaproteobacteria
ASV_41_16S_022_3	ASV_468_16S_022_3	1	25	Bacteria	Bacteroidota	Bacteria	Gammaproteobacteria
ASV_41_16S_022_3	ASV_504_16S_022_3	1	25	Bacteria	Bacteroidota	Bacteria	Verrucomicrobiota
ASV_412_16S_022_3	ASV_503_16S_022_3	1	25	Bacteria	Bacteroidota	Bacteria	Bacteroidota
ASV_414_16S_022_3	ASV_540_16S_022_3	4	100	Bacteria	Actinobacteriota	Bacteria	Alphaproteobacteria
ASV_414_16S_3_200	ASV_1879_16S_3_200	4	100	Bacteria	Actinobacteriota	Bacteria	Gammaproteobacteria
ASV_416_16S_022_3	ASV_515_16S_022_3	2	50	Bacteria	Bacteroidota	Bacteria	Bacteroidota
ASV_416_16S_022_3	ASV_673_16S_022_3	3	75	Bacteria	Bacteroidota	Bacteria	Bacteroidota
ASV_425_16S_022_3	OTU_360_18S_3_200	2	50	Bacteria	Bacteroidota	Eukaryota	Dinoflagellata
ASV_429_16S_022_3	OTU_242_18S_3_200	2	50	Bacteria	Bacteroidota	Eukaryota	Telonemia
ASV_437_16S_022_3	ASV_1092_16S_022_3	1	25	Bacteria	Bacteroidota	Bacteria	Alphaproteobacteria
ASV_44_16S_022_3	ASV_51_16S_022_3	1	25	Bacteria	Bacteroidota	Bacteria	Planctomycetota
ASV_448_16S_3_200	OTU_539_18S_3_200	1	25	Bacteria	Bacteroidota	Eukaryota	Dinoflagellata
ASV_448_16S_3_200	OTU_582_18S_3_200	1	25	Bacteria	Bacteroidota	Eukaryota	Chlorophyta
ASV_45_16S_022_3	ASV_135_16S_022_3	3	75	Bacteria	Actinobacteriota	Bacteria	Bacteroidota
ASV_45_16S_022_3	ASV_164_16S_022_3	3	75	Bacteria	Actinobacteriota	Bacteria	Gammaproteobacteria
ASV_45_16S_022_3	ASV_273_16S_022_3	3	75	Bacteria	Actinobacteriota	Bacteria	Bacteroidota
ASV_452_16S_022_3	ASV_405_16S_3_200	1	25	Bacteria	Alphaproteobacteria	Bacteria	Gammaproteobacteria
ASV_453_16S_022_3	ASV_476_16S_022_3	4	100	Bacteria	Gammaproteobacteria	Bacteria	Alphaproteobacteria
ASV_453_16S_022_3	ASV_566_16S_022_3	3	75	Bacteria	Gammaproteobacteria	Bacteria	Alphaproteobacteria
ASV_459_16S_3_200	ASV_650_16S_3_200	1	25	Bacteria	Alphaproteobacteria	Bacteria	Alphaproteobacteria
ASV_459_16S_3_200	ASV_663_16S_3_200	2	50	Bacteria	Alphaproteobacteria	Bacteria	Alphaproteobacteria
ASV_466_16S_022_3	ASV_515_16S_3_200	2	50	Bacteria	Verrucomicrobiota	Bacteria	Bacteroidota
ASV_466_16S_022_3	OTU_3625_18S_3_200	2	50	Bacteria	Verrucomicrobiota	Eukaryota	Dinoflagellata
ASV_468_16S_022_3	ASV_1879_16S_3_200	4	100	Bacteria	Gammaproteobacteria	Bacteria	Gammaproteobacteria
ASV_469_16S_022_3	OTU_582_18S_3_200	1	25	Bacteria	Gammaproteobacteria	Eukaryota	Chlorophyta
ASV_469_16S_022_3	OTU_799_18S_3_200	1	25	Bacteria	Gammaproteobacteria	Eukaryota	Telonemia
ASV_470_16S_022_3	ASV_1442_16S_022_3	1	25	Bacteria	Alphaproteobacteria	Bacteria	Alphaproteobacteria
ASV_472_16S_022_3	ASV_784_16S_3_200	1	25	Bacteria	Alphaproteobacteria	Bacteria	Cyanobacteria
ASV_472_16S_022_3	OTU_360_18S_3_200	2	50	Bacteria	Alphaproteobacteria	Eukaryota	Dinoflagellata
ASV_472_16S_022_3	OTU_761_18S_3_200	2	50	Bacteria	Alphaproteobacteria	Eukaryota	Dinoflagellata
ASV_473_16S_022_3	ASV_918_16S_022_3	1	25	Bacteria	Bacteroidota	Bacteria	Alphaproteobacteria
ASV_473_16S_022_3	OTU_233_18S_022_3	1	25	Bacteria	Bacteroidota	Eukaryota	Picozoa
ASV_476_16S_022_3	ASV_793_16S_022_3	4	100	Bacteria	Alphaproteobacteria	Bacteria	Alphaproteobacteria
ASV_476_16S_022_3	ASV_889_16S_022_3	4	100	Bacteria	Alphaproteobacteria	Bacteria	Gammaproteobacteria
ASV_478_16S_022_3	ASV_1693_16S_022_3	3	75	Bacteria	Gammaproteobacteria	Bacteria	Alphaproteobacteria
ASV_478_16S_022_3	ASV_495_16S_022_3	3	75	Bacteria	Gammaproteobacteria	Bacteria	Alphaproteobacteria
ASV_479_16S_022_3	ASV_192_16S_3_200	3	75	Bacteria	Gammaproteobacteria	Bacteria	Cyanobacteria
ASV_482_16S_022_3	OTU_1102_18S_022_3	2	50	Bacteria	Actinobacteriota	Eukaryota	Ochrophyta
ASV_484_16S_022_3	ASV_1054_16S_022_3	3	75	Bacteria	Alphaproteobacteria	Bacteria	Alphaproteobacteria
ASV_49_16S_022_3	ASV_453_16S_022_3	4	100	Bacteria	Alphaproteobacteria	Bacteria	Gammaproteobacteria
ASV_49_16S_022_3	ASV_495_16S_022_3	3	75	Bacteria	Alphaproteobacteria	Bacteria	Alphaproteobacteria
ASV_491_16S_022_3	OTU_75_18S_3_200	2	50	Bacteria	Bacteroidota	Eukaryota	Dinoflagellata
ASV_491_16S_3_200	OTU_1970_18S_3_200	2	50	Bacteria	Bacteroidota	Eukaryota	Ochrophyta
ASV_491_16S_3_200	OTU_2496_18S_3_200	2	50	Bacteria	Bacteroidota	Eukaryota	Dinoflagellata
ASV_495_16S_022_3	ASV_587_16S_022_3	3	75	Bacteria	Alphaproteobacteria	Bacteria	Alphaproteobacteria
ASV_50_16S_022_3	ASV_169_16S_022_3	1	25	Bacteria	Alphaproteobacteria	Bacteria	Bacteroidota
ASV_50_16S_022_3	ASV_351_16S_022_3	1	25	Bacteria	Alphaproteobacteria	Bacteria	Alphaproteobacteria
ASV_501_16S_022_3	OTU_1149_18S_022_3	1	25	Bacteria	Gammaproteobacteria	Eukaryota	Dinoflagellata
ASV_501_16S_022_3	OTU_1917_18S_3_200	1	25	Bacteria	Gammaproteobacteria	Eukaryota	Dinoflagellata
ASV_501_16S_022_3	OTU_2635_18S_3_200	1	25	Bacteria	Gammaproteobacteria	Eukaryota	Dinoflagellata
ASV_502_16S_022_3	OTU_1309_18S_3_200	2	50	Bacteria	Gammaproteobacteria	Eukaryota	Dinoflagellata
ASV_504_16S_022_3	OTU_1230_18S_022_3	3	75	Bacteria	Verrucomicrobiota	Eukaryota	Dinoflagellata
ASV_507_16S_022_3	OTU_343_18S_3_200	1	25	Bacteria	Bacteroidota	Eukaryota	Ochrophyta
ASV_507_16S_022_3	OTU_444_18S_3_200	1	25	Bacteria	Bacteroidota	Eukaryota	Dinoflagellata
ASV_51_16S_3_200	ASV_133_16S_3_200	1	25	Bacteria	Planctomycetota	Bacteria	Planctomycetota
ASV_515_16S_022_3	ASV_515_16S_3_200	2	50	Bacteria	Bacteroidota	Bacteria	Bacteroidota
ASV_522_16S_022_3	ASV_886_16S_022_3	1	25	Bacteria	Cyanobacteria	Bacteria	Alphaproteobacteria
ASV_525_16S_022_3	OTU_182_18S_022_3	4	100	Bacteria	SAR324 clade(Marine group B)	Eukaryota	Dinoflagellata
ASV_53_16S_022_3	ASV_553_16S_022_3	1	25	Bacteria	SAR324 clade(Marine group B)	Bacteria	Chloroflexi
ASV_53_16S_022_3	ASV_947_16S_022_3	1	25	Bacteria	SAR324 clade(Marine group B)	Bacteria	Alphaproteobacteria
ASV_53_16S_022_3	OTU_50_18S_3_200	1	25	Bacteria	SAR324 clade(Marine group B)	Eukaryota	Dinoflagellata
ASV_537_16S_022_3	ASV_365_16S_3_200	1	25	Bacteria	Bacteroidota	Bacteria	Bacteroidota
ASV_54_16S_022_3	ASV_156_16S_022_3	2	50	Bacteria	Alphaproteobacteria	Bacteria	Alphaproteobacteria
ASV_540_16S_022_3	ASV_747_16S_022_3	4	100	Bacteria	Alphaproteobacteria	Bacteria	Alphaproteobacteria
ASV_540_16S_022_3	ASV_793_16S_022_3	4	100	Bacteria	Alphaproteobacteria	Bacteria	Alphaproteobacteria
ASV_542_16S_3_200	ASV_808_16S_3_200	2	50	Bacteria	Alphaproteobacteria	Bacteria	Alphaproteobacteria
ASV_547_16S_022_3	OTU_266_18S_022_3	1	25	Bacteria	Verrucomicrobiota	Eukaryota	Dinoflagellata
ASV_550_16S_022_3	ASV_1047_16S_022_3	1	25	Bacteria	Bacteroidota	Bacteria	Gammaproteobacteria
ASV_550_16S_022_3	OTU_1364_18S_3_200	1	25	Bacteria	Bacteroidota	Eukaryota	Dinoflagellata
ASV_550_16S_022_3	OTU_2750_18S_3_200	1	25	Bacteria	Bacteroidota	Eukaryota	Cercozoa
ASV_566_16S_022_3	ASV_1147_16S_022_3	2	50	Bacteria	Alphaproteobacteria	Bacteria	Bacteroidota
ASV_566_16S_022_3	ASV_859_16S_022_3	3	75	Bacteria	Alphaproteobacteria	Bacteria	Gammaproteobacteria
ASV_566_16S_022_3	ASV_884_16S_3_200	3	75	Bacteria	Alphaproteobacteria	Bacteria	Alphaproteobacteria
ASV_574_16S_022_3	ASV_1153_16S_022_3	2	50	Bacteria	Bacteroidota	Bacteria	Bacteroidota
ASV_574_16S_022_3	OTU_360_18S_3_200	2	50	Bacteria	Bacteroidota	Eukaryota	Dinoflagellata
ASV_574_16S_022_3	OTU_4_18S_022_3	2	50	Bacteria	Bacteroidota	Eukaryota	Dinoflagellata
ASV_578_16S_022_3	ASV_605_16S_022_3	2	50	Bacteria	Alphaproteobacteria	Bacteria	Bacteroidota
ASV_578_16S_022_3	OTU_1390_18S_3_200	2	50	Bacteria	Alphaproteobacteria	Eukaryota	Dinoflagellata
ASV_58_16S_022_3	ASV_210_16S_022_3	2	50	Bacteria	Alphaproteobacteria	Bacteria	Bacteroidota
ASV_58_16S_022_3	ASV_630_16S_3_200	3	75	Bacteria	Alphaproteobacteria	Bacteria	Alphaproteobacteria
ASV_58_16S_3_200	OTU_470_18S_3_200	1	25	Bacteria	Alphaproteobacteria	Eukaryota	Sagenista
ASV_580_16S_022_3	ASV_1429_16S_022_3	3	75	Bacteria	Gammaproteobacteria	Bacteria	Gammaproteobacteria
ASV_585_16S_022_3	ASV_192_16S_3_200	3	75	Bacteria	Gammaproteobacteria	Bacteria	Cyanobacteria
ASV_585_16S_022_3	ASV_300_16S_3_200	3	75	Bacteria	Gammaproteobacteria	Bacteria	Bacteroidota
ASV_585_16S_022_3	OTU_423_18S_022_3	3	75	Bacteria	Gammaproteobacteria	Eukaryota	Dinoflagellata
ASV_588_16S_022_3	ASV_782_16S_022_3	3	75	Bacteria	Verrucomicrobiota	Bacteria	Bacteroidota
ASV_588_16S_022_3	OTU_4302_18S_022_3	3	75	Bacteria	Verrucomicrobiota	Eukaryota	Dinoflagellata
ASV_588_16S_022_3	OTU_434_18S_022_3	3	75	Bacteria	Verrucomicrobiota	Eukaryota	Dinoflagellata
ASV_59_16S_022_3	ASV_214_16S_022_3	4	100	Bacteria	Bacteroidota	Bacteria	Bacteroidota
ASV_595_16S_022_3	OTU_2308_18S_3_200	1	25	Bacteria	Alphaproteobacteria	Eukaryota	Dinoflagellata
ASV_6_16S_022_3	ASV_298_16S_022_3	3	75	Bacteria	Cyanobacteria	Bacteria	Cyanobacteria
ASV_6_16S_022_3	ASV_307_16S_022_3	3	75	Bacteria	Cyanobacteria	Bacteria	Cyanobacteria
ASV_6_16S_022_3	ASV_784_16S_022_3	2	50	Bacteria	Cyanobacteria	Bacteria	Cyanobacteria
ASV_605_16S_022_3	ASV_1097_16S_022_3	2	50	Bacteria	Bacteroidota	Bacteria	Bacteroidota
ASV_605_16S_022_3	ASV_1153_16S_022_3	2	50	Bacteria	Bacteroidota	Bacteria	Bacteroidota
ASV_610_16S_022_3	ASV_759_16S_022_3	1	25	Bacteria	Bacteroidota	Bacteria	Gammaproteobacteria
ASV_610_16S_022_3	OTU_1252_18S_022_3	1	25	Bacteria	Bacteroidota	Eukaryota	Dinoflagellata
ASV_622_16S_022_3	ASV_1482_16S_022_3	1	25	Bacteria	Alphaproteobacteria	Bacteria	Alphaproteobacteria
ASV_622_16S_022_3	OTU_118_18S_3_200	1	25	Bacteria	Alphaproteobacteria	Eukaryota	Dinoflagellata
ASV_622_16S_022_3	OTU_670_18S_3_200	1	25	Bacteria	Alphaproteobacteria	Eukaryota	Dinoflagellata
ASV_63_16S_022_3	ASV_475_16S_022_3	3	75	Bacteria	Bacteroidota	Bacteria	Bacteroidota
ASV_63_16S_022_3	ASV_63_16S_3_200	2	50	Bacteria	Bacteroidota	Bacteria	Bacteroidota
ASV_630_16S_3_200	ASV_663_16S_3_200	3	75	Bacteria	Alphaproteobacteria	Bacteria	Alphaproteobacteria
ASV_632_16S_022_3	OTU_207_18S_022_3	2	50	Bacteria	Bacteroidota	Eukaryota	Dinoflagellata
ASV_635_16S_022_3	ASV_1065_16S_022_3	1	25	Bacteria	Bacteroidota	Bacteria	Bacteroidota
ASV_635_16S_022_3	OTU_866_18S_3_200	1	25	Bacteria	Bacteroidota	Eukaryota	Picozoa
ASV_64_16S_022_3	ASV_152_16S_3_200	3	75	Bacteria	Bacteroidota	Bacteria	Verrucomicrobiota
ASV_641_16S_022_3	ASV_140_16S_3_200	1	25	Bacteria	Gammaproteobacteria	Bacteria	Actinobacteriota
ASV_65_16S_022_3	ASV_157_16S_3_200	1	25	Bacteria	Actinobacteriota	Bacteria	Bacteroidota
ASV_65_16S_022_3	ASV_175_16S_022_3	1	25	Bacteria	Actinobacteriota	Bacteria	Alphaproteobacteria
ASV_65_16S_022_3	ASV_337_16S_022_3	2	50	Bacteria	Actinobacteriota	Bacteria	Actinobacteriota
ASV_651_16S_022_3	OTU_2135_18S_022_3	1	25	Bacteria	Gammaproteobacteria	Eukaryota	Picozoa
ASV_651_16S_022_3	OTU_227_18S_022_3	1	25	Bacteria	Gammaproteobacteria	Eukaryota	Haptophyta
ASV_658_16S_022_3	ASV_1283_16S_3_200	1	25	Bacteria	Alphaproteobacteria	Bacteria	Gammaproteobacteria
ASV_658_16S_022_3	ASV_283_16S_3_200	1	25	Bacteria	Alphaproteobacteria	Bacteria	Bacteroidota
ASV_661_16S_022_3	OTU_2914_18S_3_200	2	50	Bacteria	Alphaproteobacteria	Eukaryota	Apicomplexa
ASV_663_16S_3_200	OTU_3933_18S_3_200	2	50	Bacteria	Alphaproteobacteria	Eukaryota	Dinoflagellata
ASV_664_16S_022_3	ASV_673_16S_3_200	3	75	Bacteria	Gammaproteobacteria	Bacteria	Bacteroidota
ASV_666_16S_022_3	ASV_1153_16S_022_3	1	25	Bacteria	Alphaproteobacteria	Bacteria	Bacteroidota
ASV_67_16S_022_3	ASV_317_16S_022_3	4	100	Bacteria	Gammaproteobacteria	Bacteria	Gammaproteobacteria
ASV_671_16S_022_3	ASV_1115_16S_022_3	1	25	Bacteria	Bacteroidota	Bacteria	Alphaproteobacteria
ASV_671_16S_022_3	ASV_962_16S_022_3	1	25	Bacteria	Bacteroidota	Bacteria	Alphaproteobacteria
ASV_671_16S_022_3	OTU_118_18S_3_200	1	25	Bacteria	Bacteroidota	Eukaryota	Dinoflagellata
ASV_673_16S_022_3	ASV_1138_16S_3_200	3	75	Bacteria	Bacteroidota	Bacteria	Bacteroidota
ASV_673_16S_022_3	ASV_673_16S_3_200	3	75	Bacteria	Bacteroidota	Bacteria	Bacteroidota
ASV_673_16S_3_200	OTU_997_18S_3_200	2	50	Bacteria	Bacteroidota	Eukaryota	Dinoflagellata
ASV_68_16S_022_3	ASV_128_16S_022_3	3	75	Bacteria	Alphaproteobacteria	Bacteria	Alphaproteobacteria
ASV_68_16S_022_3	ASV_862_16S_022_3	1	25	Bacteria	Alphaproteobacteria	Bacteria	Gammaproteobacteria
ASV_687_16S_022_3	OTU_343_18S_3_200	1	25	Bacteria	Cyanobacteria	Eukaryota	Ochrophyta
ASV_688_16S_022_3	ASV_932_16S_3_200	1	25	Bacteria	Alphaproteobacteria	Bacteria	Bacteroidota
ASV_7_16S_022_3	ASV_263_16S_022_3	4	100	Bacteria	Alphaproteobacteria	Bacteria	Alphaproteobacteria
ASV_7_16S_022_3	OTU_67_18S_022_3	4	100	Bacteria	Alphaproteobacteria	Eukaryota	Opalozoa
ASV_704_16S_022_3	ASV_851_16S_022_3	1	25	Bacteria	Alphaproteobacteria	Bacteria	Bacteroidota
ASV_714_16S_022_3	OTU_242_18S_3_200	1	25	Bacteria	Alphaproteobacteria	Eukaryota	Telonemia
ASV_714_16S_022_3	OTU_2572_18S_3_200	3	75	Bacteria	Alphaproteobacteria	Eukaryota	Dinoflagellata
ASV_72_16S_022_3	ASV_169_16S_022_3	4	100	Bacteria	Alphaproteobacteria	Bacteria	Bacteroidota
ASV_74_16S_022_3	ASV_192_16S_022_3	3	75	Bacteria	Bacteroidota	Bacteria	Cyanobacteria
ASV_74_16S_022_3	ASV_277_16S_022_3	3	75	Bacteria	Bacteroidota	Bacteria	Bacteroidota
ASV_74_16S_022_3	ASV_574_16S_022_3	2	50	Bacteria	Bacteroidota	Bacteria	Bacteroidota
ASV_746_16S_022_3	ASV_1587_16S_022_3	1	25	Bacteria	Gammaproteobacteria	Bacteria	Bacteroidota
ASV_746_16S_022_3	ASV_365_16S_3_200	1	25	Bacteria	Gammaproteobacteria	Bacteria	Bacteroidota
ASV_75_16S_022_3	ASV_129_16S_022_3	2	50	Bacteria	Bacteroidota	Bacteria	Bacteroidota
ASV_75_16S_022_3	ASV_193_16S_022_3	2	50	Bacteria	Bacteroidota	Bacteria	Alphaproteobacteria
ASV_75_16S_022_3	ASV_777_16S_3_200	1	25	Bacteria	Bacteroidota	Bacteria	Alphaproteobacteria
ASV_754_16S_022_3	ASV_1971_16S_022_3	1	25	Bacteria	Alphaproteobacteria	Bacteria	Verrucomicrobiota
ASV_754_16S_022_3	OTU_489_18S_022_3	1	25	Bacteria	Alphaproteobacteria	Eukaryota	Dinoflagellata
ASV_759_16S_022_3	OTU_763_18S_022_3	1	25	Bacteria	Gammaproteobacteria	Eukaryota	Dinoflagellata
ASV_765_16S_022_3	ASV_491_16S_3_200	2	50	Archaea	Thermoplasmatota	Bacteria	Bacteroidota
ASV_765_16S_022_3	OTU_1111_18S_022_3	2	50	Archaea	Thermoplasmatota	Eukaryota	Dinoflagellata
ASV_767_16S_022_3	OTU_137_18S_3_200	1	25	Bacteria	Alphaproteobacteria	Eukaryota	Dinoflagellata
ASV_767_16S_022_3	OTU_1577_18S_3_200	1	25	Bacteria	Alphaproteobacteria	Eukaryota	Dinoflagellata
ASV_767_16S_022_3	OTU_195_18S_3_200	2	50	Bacteria	Alphaproteobacteria	Eukaryota	Ciliophora
ASV_769_16S_3_200	OTU_360_18S_3_200	1	25	Bacteria	Planctomycetota	Eukaryota	Dinoflagellata
ASV_776_16S_022_3	ASV_1194_16S_022_3	1	25	Bacteria	Bacteroidota	Bacteria	Bacteroidota
ASV_777_16S_3_200	ASV_2288_16S_3_200	3	75	Bacteria	Alphaproteobacteria	Bacteria	Alphaproteobacteria
ASV_78_16S_022_3	ASV_459_16S_3_200	1	25	Bacteria	Cyanobacteria	Bacteria	Alphaproteobacteria
ASV_78_16S_022_3	ASV_83_16S_022_3	3	75	Bacteria	Cyanobacteria	Bacteria	Actinobacteriota
ASV_782_16S_022_3	ASV_808_16S_022_3	2	50	Bacteria	Bacteroidota	Bacteria	Alphaproteobacteria
ASV_782_16S_022_3	OTU_2878_18S_022_3	2	50	Bacteria	Bacteroidota	Eukaryota	Dinoflagellata
ASV_782_16S_022_3	OTU_826_18S_022_3	3	75	Bacteria	Bacteroidota	Eukaryota	Dinoflagellata
ASV_784_16S_3_200	OTU_1887_18S_3_200	1	25	Bacteria	Cyanobacteria	Eukaryota	Dinoflagellata
ASV_8_16S_022_3	ASV_105_16S_022_3	4	100	Bacteria	Alphaproteobacteria	Bacteria	Alphaproteobacteria
ASV_80_16S_022_3	ASV_440_16S_022_3	2	50	Bacteria	Alphaproteobacteria	Bacteria	Bacteroidota
ASV_80_16S_022_3	ASV_871_16S_022_3	1	25	Bacteria	Alphaproteobacteria	Bacteria	Alphaproteobacteria
ASV_81_16S_022_3	ASV_226_16S_022_3	1	25	Bacteria	Marinimicrobia (SAR406 clade)	Bacteria	Bacteroidota
ASV_814_16S_022_3	ASV_1283_16S_3_200	2	50	Bacteria	Bacteroidota	Bacteria	Gammaproteobacteria
ASV_814_16S_022_3	OTU_365_18S_022_3	2	50	Bacteria	Bacteroidota	Eukaryota	Dinoflagellata
ASV_827_16S_022_3	ASV_1047_16S_022_3	1	25	Bacteria	Bacteroidota	Bacteria	Gammaproteobacteria
ASV_827_16S_022_3	ASV_910_16S_022_3	1	25	Bacteria	Bacteroidota	Bacteria	Alphaproteobacteria
ASV_83_16S_022_3	ASV_264_16S_022_3	3	75	Bacteria	Actinobacteriota	Bacteria	Marinimicrobia (SAR406 clade)
ASV_84_16S_022_3	ASV_448_16S_3_200	1	25	Bacteria	Bacteroidota	Bacteria	Bacteroidota
ASV_84_16S_022_3	ASV_84_16S_3_200	1	25	Bacteria	Bacteroidota	Bacteria	Bacteroidota
ASV_84_16S_3_200	ASV_140_16S_3_200	1	25	Bacteria	Bacteroidota	Bacteria	Actinobacteriota
ASV_85_16S_022_3	ASV_85_16S_3_200	3	75	Bacteria	Gammaproteobacteria	Bacteria	Gammaproteobacteria
ASV_850_16S_022_3	ASV_947_16S_022_3	1	25	Bacteria	Gammaproteobacteria	Bacteria	Alphaproteobacteria
ASV_858_16S_3_200	OTU_2699_18S_3_200	1	25	Bacteria	Gammaproteobacteria	Eukaryota	Rhodophyta
ASV_868_16S_022_3	ASV_400_16S_3_200	1	25	Bacteria	Gammaproteobacteria	Bacteria	Bacteroidota
ASV_871_16S_022_3	ASV_1303_16S_022_3	1	25	Bacteria	Alphaproteobacteria	Bacteria	Alphaproteobacteria
ASV_874_16S_022_3	ASV_1145_16S_022_3	1	25	Bacteria	Alphaproteobacteria	Bacteria	Alphaproteobacteria
ASV_874_16S_022_3	OTU_1121_18S_3_200	1	25	Bacteria	Alphaproteobacteria	Eukaryota	Stramenopiles_X
ASV_874_16S_022_3	OTU_1819_18S_3_200	1	25	Bacteria	Alphaproteobacteria	Eukaryota	Dinoflagellata
ASV_874_16S_022_3	OTU_733_18S_022_3	1	25	Bacteria	Alphaproteobacteria	Eukaryota	Opalozoa
ASV_88_16S_022_3	ASV_101_16S_022_3	2	50	Bacteria	Bacteroidota	Bacteria	Gammaproteobacteria
ASV_88_16S_022_3	ASV_300_16S_022_3	2	50	Bacteria	Bacteroidota	Bacteria	Bacteroidota
ASV_88_16S_022_3	ASV_559_16S_3_200	2	50	Bacteria	Bacteroidota	Bacteria	Planctomycetota
ASV_88_16S_022_3	OTU_368_18S_3_200	2	50	Bacteria	Bacteroidota	Eukaryota	Dinoflagellata
ASV_884_16S_022_3	ASV_812_16S_3_200	2	50	Bacteria	Alphaproteobacteria	Bacteria	Bacteroidota
ASV_886_16S_022_3	ASV_858_16S_3_200	1	25	Bacteria	Alphaproteobacteria	Bacteria	Gammaproteobacteria
ASV_886_16S_022_3	OTU_1431_18S_3_200	1	25	Bacteria	Alphaproteobacteria	Eukaryota	Ochrophyta
ASV_89_16S_022_3	ASV_324_16S_022_3	4	100	Bacteria	Gammaproteobacteria	Bacteria	Gammaproteobacteria
ASV_892_16S_022_3	OTU_3326_18S_022_3	1	25	Bacteria	Firmicutes	Eukaryota	Pseudofungi
ASV_9_16S_022_3	ASV_129_16S_022_3	2	50	Bacteria	Bacteroidota	Bacteria	Bacteroidota
ASV_9_16S_022_3	ASV_2288_16S_3_200	1	25	Bacteria	Bacteroidota	Bacteria	Alphaproteobacteria
ASV_9_16S_022_3	ASV_65_16S_022_3	2	50	Bacteria	Bacteroidota	Bacteria	Actinobacteriota
ASV_91_16S_022_3	ASV_1065_16S_022_3	1	25	Bacteria	Bacteroidota	Bacteria	Bacteroidota
ASV_91_16S_022_3	OTU_1202_18S_3_200	1	25	Bacteria	Bacteroidota	Eukaryota	Dinoflagellata
ASV_91_16S_022_3	OTU_1363_18S_3_200	1	25	Bacteria	Bacteroidota	Eukaryota	Ciliophora
ASV_910_16S_022_3	OTU_1202_18S_3_200	1	25	Bacteria	Alphaproteobacteria	Eukaryota	Dinoflagellata
ASV_910_16S_022_3	OTU_217_18S_3_200	1	25	Bacteria	Alphaproteobacteria	Eukaryota	Dinoflagellata
ASV_910_16S_022_3	OTU_2181_18S_3_200	1	25	Bacteria	Alphaproteobacteria	Eukaryota	Dinoflagellata
ASV_918_16S_022_3	ASV_84_16S_3_200	1	25	Bacteria	Alphaproteobacteria	Bacteria	Bacteroidota
ASV_92_16S_022_3	ASV_325_16S_022_3	1	25	Bacteria	Bacteroidota	Bacteria	Bacteroidota
ASV_92_16S_022_3	ASV_503_16S_022_3	1	25	Bacteria	Bacteroidota	Bacteria	Bacteroidota
ASV_93_16S_022_3	ASV_160_16S_022_3	1	25	Bacteria	Actinobacteriota	Bacteria	Alphaproteobacteria
ASV_93_16S_022_3	ASV_430_16S_022_3	1	25	Bacteria	Actinobacteriota	Archaea	Thermoplasmatota
ASV_932_16S_022_3	ASV_1115_16S_022_3	1	25	Bacteria	Bacteroidota	Bacteria	Alphaproteobacteria
ASV_932_16S_022_3	ASV_932_16S_3_200	1	25	Bacteria	Bacteroidota	Bacteria	Bacteroidota
ASV_932_16S_022_3	OTU_155_18S_3_200	1	25	Bacteria	Bacteroidota	Eukaryota	Mesomycetozoa
ASV_932_16S_022_3	OTU_1609_18S_022_3	1	25	Bacteria	Bacteroidota	Eukaryota	Dinoflagellata
ASV_932_16S_3_200	OTU_155_18S_3_200	1	25	Bacteria	Bacteroidota	Eukaryota	Mesomycetozoa
ASV_947_16S_022_3	OTU_1432_18S_022_3	1	25	Bacteria	Alphaproteobacteria	Eukaryota	Dinoflagellata
ASV_95_16S_022_3	ASV_904_16S_3_200	1	25	Bacteria	Gammaproteobacteria	Bacteria	Alphaproteobacteria
ASV_95_16S_022_3	OTU_18_18S_022_3	3	75	Bacteria	Gammaproteobacteria	Eukaryota	Dinoflagellata
ASV_962_16S_022_3	ASV_1115_16S_022_3	1	25	Bacteria	Alphaproteobacteria	Bacteria	Alphaproteobacteria
ASV_962_16S_022_3	ASV_1657_16S_022_3	1	25	Bacteria	Alphaproteobacteria	Bacteria	Bacteroidota
ASV_962_16S_022_3	OTU_1819_18S_3_200	1	25	Bacteria	Alphaproteobacteria	Eukaryota	Dinoflagellata
ASV_97_16S_022_3	ASV_309_16S_022_3	4	100	Bacteria	Alphaproteobacteria	Bacteria	Bacteroidota
ASV_97_16S_022_3	ASV_317_16S_022_3	4	100	Bacteria	Alphaproteobacteria	Bacteria	Gammaproteobacteria
ASV_97_16S_022_3	ASV_540_16S_022_3	4	100	Bacteria	Alphaproteobacteria	Bacteria	Alphaproteobacteria
ASV_976_16S_022_3	ASV_345_16S_3_200	1	25	Bacteria	Gammaproteobacteria	Bacteria	Bacteroidota
ASV_986_16S_022_3	OTU_1104_18S_3_200	1	25	Bacteria	Bacteroidota	Eukaryota	Choanoflagellida
ASV_992_16S_022_3	ASV_1732_16S_022_3	1	25	Bacteria	Bacteroidota	Bacteria	Gammaproteobacteria
ASV_992_16S_022_3	OTU_2317_18S_022_3	1	25	Bacteria	Bacteroidota	Eukaryota	Dinoflagellata
OTU_10_18S_3_200	OTU_18_18S_3_200	1	25	Eukaryota	Ochrophyta	Eukaryota	Dinoflagellata
OTU_100_18S_022_3	ASV_1138_16S_3_200	2	50	Eukaryota	Sagenista	Bacteria	Bacteroidota
OTU_100_18S_022_3	OTU_1598_18S_022_3	1	25	Eukaryota	Sagenista	Eukaryota	Ochrophyta
OTU_100_18S_022_3	OTU_445_18S_022_3	1	25	Eukaryota	Sagenista	Eukaryota	Sagenista
OTU_1010_18S_022_3	ASV_2288_16S_3_200	2	50	Eukaryota	Dinoflagellata	Bacteria	Alphaproteobacteria
OTU_1010_18S_022_3	OTU_1180_18S_022_3	2	50	Eukaryota	Dinoflagellata	Eukaryota	Dinoflagellata
OTU_1014_18S_022_3	ASV_267_16S_3_200	1	25	Eukaryota	Ciliophora	Bacteria	Bacteroidota
OTU_1014_18S_022_3	ASV_63_16S_3_200	2	50	Eukaryota	Ciliophora	Bacteria	Bacteroidota
OTU_1014_18S_022_3	OTU_3300_18S_022_3	1	25	Eukaryota	Ciliophora	Eukaryota	Cercozoa
OTU_1017_18S_022_3	OTU_1763_18S_022_3	2	50	Eukaryota	Dinoflagellata	Eukaryota	Cercozoa
OTU_1017_18S_022_3	OTU_3300_18S_022_3	1	25	Eukaryota	Dinoflagellata	Eukaryota	Cercozoa
OTU_1024_18S_022_3	OTU_1545_18S_022_3	1	25	Eukaryota	Ciliophora	Eukaryota	Picozoa
OTU_1024_18S_022_3	OTU_1834_18S_022_3	1	25	Eukaryota	Ciliophora	Eukaryota	Opalozoa
OTU_103_18S_3_200	OTU_997_18S_3_200	2	50	Eukaryota	Dinoflagellata	Eukaryota	Dinoflagellata
OTU_1034_18S_3_200	OTU_2088_18S_3_200	1	25	Eukaryota	Dinoflagellata	Eukaryota	Chlorophyta
OTU_105_18S_022_3	OTU_3663_18S_022_3	1	25	Eukaryota	Cryptophyta	Eukaryota	Chlorophyta
OTU_1050_18S_022_3	OTU_1286_18S_3_200	1	25	Eukaryota	Dinoflagellata	Eukaryota	unknown 18S
OTU_1070_18S_022_3	OTU_1075_18S_022_3	2	50	Eukaryota	Ochrophyta	Eukaryota	Dinoflagellata
OTU_1075_18S_022_3	OTU_1618_18S_022_3	1	25	Eukaryota	Dinoflagellata	Eukaryota	Dinoflagellata
OTU_109_18S_3_200	OTU_2031_18S_3_200	1	25	Eukaryota	Ochrophyta	Eukaryota	Ochrophyta
OTU_1094_18S_022_3	OTU_1820_18S_022_3	1	25	Eukaryota	Dinoflagellata	Eukaryota	Pseudofungi
OTU_1094_18S_022_3	OTU_1917_18S_3_200	1	25	Eukaryota	Dinoflagellata	Eukaryota	Dinoflagellata
OTU_1102_18S_022_3	ASV_1591_16S_3_200	2	50	Eukaryota	Ochrophyta	Bacteria	Alphaproteobacteria
OTU_1104_18S_3_200	OTU_2297_18S_3_200	1	25	Eukaryota	Choanoflagellida	Eukaryota	Dinoflagellata
OTU_1111_18S_022_3	OTU_2308_18S_3_200	1	25	Eukaryota	Dinoflagellata	Eukaryota	Dinoflagellata
OTU_1121_18S_3_200	OTU_4392_18S_3_200	1	25	Eukaryota	Stramenopiles_X	Eukaryota	Dinoflagellata
OTU_1139_18S_022_3	OTU_1111_18S_022_3	1	25	Eukaryota	Ciliophora	Eukaryota	Dinoflagellata
OTU_1139_18S_022_3	OTU_1252_18S_022_3	1	25	Eukaryota	Ciliophora	Eukaryota	Dinoflagellata
OTU_1139_18S_022_3	OTU_1290_18S_022_3	1	25	Eukaryota	Ciliophora	Eukaryota	Ciliophora
OTU_1142_18S_022_3	OTU_2334_18S_022_3	2	50	Eukaryota	Dinoflagellata	Eukaryota	Chlorophyta
OTU_1142_18S_022_3	OTU_2633_18S_022_3	2	50	Eukaryota	Dinoflagellata	Eukaryota	Dinoflagellata
OTU_1142_18S_022_3	OTU_5282_18S_3_200	2	50	Eukaryota	Dinoflagellata	Eukaryota	Dinoflagellata
OTU_1143_18S_022_3	OTU_103_18S_3_200	2	50	Eukaryota	Katablepharidophyta	Eukaryota	Dinoflagellata
OTU_1143_18S_022_3	OTU_2239_18S_022_3	2	50	Eukaryota	Katablepharidophyta	Eukaryota	Dinoflagellata
OTU_1146_18S_3_200	OTU_1390_18S_3_200	2	50	Eukaryota	Dinoflagellata	Eukaryota	Dinoflagellata
OTU_1149_18S_022_3	OTU_198_18S_3_200	2	50	Eukaryota	Dinoflagellata	Eukaryota	Dinoflagellata
OTU_1149_18S_022_3	OTU_472_18S_3_200	2	50	Eukaryota	Dinoflagellata	Eukaryota	Pseudofungi
OTU_115_18S_022_3	OTU_186_18S_022_3	2	50	Eukaryota	Dinoflagellata	Eukaryota	Dinoflagellata
OTU_1153_18S_022_3	OTU_1191_18S_022_3	3	75	Eukaryota	Dinoflagellata	Eukaryota	Picozoa
OTU_1153_18S_022_3	OTU_1670_18S_022_3	2	50	Eukaryota	Dinoflagellata	Eukaryota	Cercozoa
OTU_1154_18S_022_3	ASV_650_16S_3_200	1	25	Eukaryota	Katablepharidophyta	Bacteria	Alphaproteobacteria
OTU_116_18S_3_200	OTU_1887_18S_3_200	2	50	Eukaryota	Dinoflagellata	Eukaryota	Dinoflagellata
OTU_1191_18S_022_3	OTU_1594_18S_022_3	3	75	Eukaryota	Picozoa	Eukaryota	Ciliophora
OTU_1194_18S_022_3	OTU_2722_18S_022_3	2	50	Eukaryota	Ochrophyta	Eukaryota	Dinoflagellata
OTU_1195_18S_022_3	ASV_176_16S_3_200	1	25	Eukaryota	Dinoflagellata	Bacteria	Alphaproteobacteria
OTU_1195_18S_022_3	OTU_1121_18S_3_200	1	25	Eukaryota	Dinoflagellata	Eukaryota	Stramenopiles_X
OTU_12_18S_3_200	OTU_1444_18S_3_200	2	50	Eukaryota	Dinoflagellata	Eukaryota	Dinoflagellata
OTU_121_18S_022_3	OTU_3064_18S_022_3	2	50	Eukaryota	Sagenista	Eukaryota	Ciliophora
OTU_121_18S_022_3	OTU_384_18S_022_3	2	50	Eukaryota	Sagenista	Eukaryota	Dinoflagellata
OTU_121_18S_022_3	OTU_550_18S_022_3	2	50	Eukaryota	Sagenista	Eukaryota	Dinoflagellata
OTU_1213_18S_022_3	OTU_1646_18S_3_200	1	25	Eukaryota	Sagenista	Eukaryota	Cercozoa
OTU_1213_18S_022_3	OTU_3773_18S_3_200	1	25	Eukaryota	Sagenista	Eukaryota	Dinoflagellata
OTU_1226_18S_3_200	OTU_2088_18S_3_200	1	25	Eukaryota	Ochrophyta	Eukaryota	Chlorophyta
OTU_1245_18S_3_200	OTU_1576_18S_3_200	1	25	Eukaryota	Dinoflagellata	Eukaryota	Ciliophora
OTU_1246_18S_022_3	OTU_298_18S_3_200	1	25	Eukaryota	Opalozoa	Eukaryota	Dinoflagellata
OTU_1247_18S_022_3	OTU_11_18S_3_200	2	50	Eukaryota	Cercozoa	Eukaryota	Dinoflagellata
OTU_1247_18S_022_3	OTU_17_18S_3_200	2	50	Eukaryota	Cercozoa	Eukaryota	Chlorophyta
OTU_125_18S_3_200	OTU_480_18S_3_200	1	25	Eukaryota	Dinoflagellata	Eukaryota	Dinoflagellata
OTU_1252_18S_022_3	OTU_2856_18S_022_3	1	25	Eukaryota	Dinoflagellata	Eukaryota	Dinoflagellata
OTU_1252_18S_022_3	OTU_621_18S_3_200	1	25	Eukaryota	Dinoflagellata	Eukaryota	Dinoflagellata
OTU_1275_18S_022_3	OTU_478_18S_3_200	1	25	Eukaryota	Cercozoa	Eukaryota	Dinoflagellata
OTU_128_18S_022_3	OTU_496_18S_022_3	1	25	Eukaryota	Ciliophora	Eukaryota	Dinoflagellata
OTU_1283_18S_022_3	OTU_1222_18S_3_200	1	25	Eukaryota	Dinoflagellata	Eukaryota	Dinoflagellata
OTU_1283_18S_022_3	OTU_1290_18S_022_3	1	25	Eukaryota	Dinoflagellata	Eukaryota	Ciliophora
OTU_1283_18S_022_3	OTU_62_18S_3_200	1	25	Eukaryota	Dinoflagellata	Eukaryota	Dinoflagellata
OTU_1283_18S_022_3	OTU_670_18S_3_200	1	25	Eukaryota	Dinoflagellata	Eukaryota	Dinoflagellata
OTU_1285_18S_022_3	OTU_2509_18S_022_3	2	50	Eukaryota	Dinoflagellata	Eukaryota	Ochrophyta
OTU_1285_18S_022_3	OTU_2633_18S_022_3	2	50	Eukaryota	Dinoflagellata	Eukaryota	Dinoflagellata
OTU_1285_18S_022_3	OTU_5773_18S_022_3	3	75	Eukaryota	Dinoflagellata	Eukaryota	Dinoflagellata
OTU_1286_18S_3_200	OTU_1367_18S_3_200	1	25	Eukaryota	unknown 18S	Eukaryota	Chlorophyta
OTU_1286_18S_3_200	OTU_2884_18S_3_200	1	25	Eukaryota	unknown 18S	Eukaryota	Dinoflagellata
OTU_1290_18S_022_3	OTU_621_18S_3_200	1	25	Eukaryota	Ciliophora	Eukaryota	Dinoflagellata
OTU_1298_18S_022_3	OTU_1984_18S_022_3	1	25	Eukaryota	Ochrophyta	Eukaryota	Picozoa
OTU_131_18S_3_200	OTU_293_18S_3_200	1	25	Eukaryota	Ochrophyta	Eukaryota	Dinoflagellata
OTU_1318_18S_3_200	OTU_3389_18S_3_200	1	25	Eukaryota	Dinoflagellata	Eukaryota	Dinoflagellata
OTU_1329_18S_3_200	OTU_2394_18S_3_200	1	25	Eukaryota	Dinoflagellata	Eukaryota	Dinoflagellata
OTU_133_18S_022_3	OTU_215_18S_022_3	2	50	Eukaryota	Radiolaria	Eukaryota	Dinoflagellata
OTU_1332_18S_022_3	OTU_2035_18S_022_3	1	25	Eukaryota	Dinoflagellata	Eukaryota	Dinoflagellata
OTU_1332_18S_022_3	OTU_4934_18S_3_200	1	25	Eukaryota	Dinoflagellata	Eukaryota	Dinoflagellata
OTU_1332_18S_022_3	OTU_5407_18S_3_200	1	25	Eukaryota	Dinoflagellata	Eukaryota	Ciliophora
OTU_1334_18S_022_3	OTU_2105_18S_022_3	1	25	Eukaryota	Cercozoa	Eukaryota	Dinoflagellata
OTU_1337_18S_3_200	OTU_1970_18S_3_200	1	25	Eukaryota	Dinoflagellata	Eukaryota	Ochrophyta
OTU_1338_18S_022_3	OTU_2576_18S_022_3	1	25	Eukaryota	Ciliophora	Eukaryota	Ochrophyta
OTU_1338_18S_022_3	OTU_44_18S_3_200	1	25	Eukaryota	Ciliophora	Eukaryota	Dinoflagellata
OTU_1346_18S_022_3	OTU_3223_18S_3_200	1	25	Eukaryota	Dinoflagellata	Eukaryota	Cercozoa
OTU_1346_18S_022_3	OTU_5407_18S_3_200	1	25	Eukaryota	Dinoflagellata	Eukaryota	Ciliophora
OTU_1355_18S_3_200	OTU_1329_18S_3_200	1	25	Eukaryota	Dinoflagellata	Eukaryota	Dinoflagellata
OTU_1355_18S_3_200	OTU_3422_18S_3_200	1	25	Eukaryota	Dinoflagellata	Eukaryota	Dinoflagellata
OTU_1376_18S_022_3	OTU_249_18S_3_200	2	50	Eukaryota	Cercozoa	Eukaryota	Dinoflagellata
OTU_1390_18S_3_200	OTU_1970_18S_3_200	2	50	Eukaryota	Dinoflagellata	Eukaryota	Ochrophyta
OTU_141_18S_3_200	OTU_205_18S_3_200	1	25	Eukaryota	Dinoflagellata	Eukaryota	Ochrophyta
OTU_141_18S_3_200	OTU_245_18S_3_200	1	25	Eukaryota	Dinoflagellata	Eukaryota	Dinoflagellata
OTU_1414_18S_3_200	OTU_2297_18S_3_200	1	25	Eukaryota	Lobosa	Eukaryota	Dinoflagellata
OTU_142_18S_3_200	OTU_1313_18S_3_200	1	25	Eukaryota	Dinoflagellata	Eukaryota	Dinoflagellata
OTU_144_18S_022_3	OTU_1422_18S_022_3	4	100	Eukaryota	Dinoflagellata	Eukaryota	Ochrophyta
OTU_144_18S_022_3	OTU_388_18S_022_3	4	100	Eukaryota	Dinoflagellata	Eukaryota	Dinoflagellata
OTU_145_18S_022_3	OTU_2905_18S_022_3	1	25	Eukaryota	Picozoa	Eukaryota	Picozoa
OTU_146_18S_022_3	OTU_558_18S_022_3	1	25	Eukaryota	Telonemia	Eukaryota	Opalozoa
OTU_1460_18S_022_3	OTU_859_18S_3_200	1	25	Eukaryota	Ciliophora	Eukaryota	Dinoflagellata
OTU_148_18S_022_3	OTU_917_18S_022_3	2	50	Eukaryota	Chlorophyta	Eukaryota	Dinoflagellata
OTU_1494_18S_022_3	OTU_2795_18S_3_200	2	50	Eukaryota	Ochrophyta	Eukaryota	Dinoflagellata
OTU_15_18S_022_3	OTU_28_18S_022_3	3	75	Eukaryota	Chlorophyta	Eukaryota	Cryptophyta
OTU_1506_18S_022_3	OTU_1286_18S_3_200	1	25	Eukaryota	Dinoflagellata	Eukaryota	unknown 18S
OTU_151_18S_3_200	OTU_498_18S_3_200	1	25	Eukaryota	Ciliophora	Eukaryota	Ciliophora
OTU_1510_18S_022_3	OTU_2722_18S_022_3	2	50	Eukaryota	Sagenista	Eukaryota	Dinoflagellata
OTU_1532_18S_3_200	OTU_3389_18S_3_200	1	25	Eukaryota	Radiolaria	Eukaryota	Dinoflagellata
OTU_1536_18S_3_200	OTU_2398_18S_3_200	1	25	Eukaryota	Dinoflagellata	Eukaryota	Dinoflagellata
OTU_1545_18S_022_3	OTU_3990_18S_022_3	1	25	Eukaryota	Picozoa	Eukaryota	Cercozoa
OTU_1557_18S_3_200	OTU_3223_18S_3_200	1	25	Eukaryota	Dinoflagellata	Eukaryota	Cercozoa
OTU_1573_18S_022_3	OTU_1594_18S_022_3	2	50	Eukaryota	Pseudofungi	Eukaryota	Ciliophora
OTU_1576_18S_3_200	OTU_2631_18S_3_200	1	25	Eukaryota	Ciliophora	Eukaryota	Ochrophyta
OTU_1576_18S_3_200	OTU_3382_18S_3_200	1	25	Eukaryota	Ciliophora	Eukaryota	Ciliophora
OTU_1576_18S_3_200	OTU_4934_18S_3_200	1	25	Eukaryota	Ciliophora	Eukaryota	Dinoflagellata
OTU_158_18S_022_3	OTU_17_18S_3_200	4	100	Eukaryota	Dinoflagellata	Eukaryota	Chlorophyta
OTU_158_18S_022_3	OTU_660_18S_022_3	4	100	Eukaryota	Dinoflagellata	Eukaryota	Sagenista
OTU_1594_18S_022_3	OTU_3133_18S_022_3	3	75	Eukaryota	Ciliophora	Eukaryota	Rhodelphidia
OTU_1606_18S_022_3	OTU_2383_18S_022_3	3	75	Eukaryota	Dinoflagellata	Eukaryota	Ochrophyta
OTU_1609_18S_022_3	OTU_1364_18S_3_200	1	25	Eukaryota	Dinoflagellata	Eukaryota	Dinoflagellata
OTU_1609_18S_022_3	OTU_1702_18S_3_200	1	25	Eukaryota	Dinoflagellata	Eukaryota	Cercozoa
OTU_1613_18S_022_3	OTU_3210_18S_022_3	1	25	Eukaryota	Sagenista	Eukaryota	Opalozoa
OTU_1618_18S_022_3	OTU_2509_18S_022_3	1	25	Eukaryota	Dinoflagellata	Eukaryota	Ochrophyta
OTU_1629_18S_022_3	OTU_4260_18S_3_200	1	25	Eukaryota	Dinoflagellata	Eukaryota	Cercozoa
OTU_1646_18S_3_200	OTU_2603_18S_3_200	1	25	Eukaryota	Cercozoa	Eukaryota	Apicomplexa
OTU_1647_18S_022_3	OTU_1927_18S_022_3	1	25	Eukaryota	Ciliophora	Eukaryota	Dinoflagellata
OTU_1647_18S_022_3	OTU_198_18S_3_200	1	25	Eukaryota	Ciliophora	Eukaryota	Dinoflagellata
OTU_166_18S_3_200	OTU_1019_18S_3_200	1	25	Eukaryota	Dinoflagellata	Eukaryota	Dinoflagellata
OTU_166_18S_3_200	OTU_982_18S_3_200	1	25	Eukaryota	Dinoflagellata	Eukaryota	Dinoflagellata
OTU_167_18S_022_3	OTU_2253_18S_3_200	2	50	Eukaryota	Dinoflagellata	Eukaryota	Chlorophyta
OTU_167_18S_022_3	OTU_544_18S_022_3	2	50	Eukaryota	Dinoflagellata	Eukaryota	Dinoflagellata
OTU_1721_18S_3_200	OTU_4002_18S_3_200	1	25	Eukaryota	Ochrophyta	Eukaryota	Ciliophora
OTU_1761_18S_022_3	OTU_1355_18S_3_200	1	25	Eukaryota	Dinoflagellata	Eukaryota	Dinoflagellata
OTU_1761_18S_022_3	OTU_2304_18S_022_3	1	25	Eukaryota	Dinoflagellata	Eukaryota	Dinoflagellata
OTU_1769_18S_022_3	ASV_101_16S_3_200	2	50	Eukaryota	Cercozoa	Bacteria	Gammaproteobacteria
OTU_177_18S_022_3	OTU_215_18S_022_3	2	50	Eukaryota	Dinoflagellata	Eukaryota	Dinoflagellata
OTU_18_18S_022_3	OTU_174_18S_3_200	1	25	Eukaryota	Dinoflagellata	Eukaryota	Dinoflagellata
OTU_182_18S_022_3	OTU_310_18S_022_3	2	50	Eukaryota	Dinoflagellata	Eukaryota	Sagenista
OTU_183_18S_022_3	OTU_242_18S_022_3	3	75	Eukaryota	Telonemia	Eukaryota	Telonemia
OTU_1834_18S_022_3	ASV_298_16S_3_200	2	50	Eukaryota	Opalozoa	Bacteria	Cyanobacteria
OTU_184_18S_022_3	OTU_1509_18S_022_3	1	25	Eukaryota	Dinoflagellata	Eukaryota	Choanoflagellida
OTU_184_18S_022_3	OTU_2509_18S_022_3	2	50	Eukaryota	Dinoflagellata	Eukaryota	Ochrophyta
OTU_1899_18S_022_3	OTU_2088_18S_3_200	1	25	Eukaryota	Dinoflagellata	Eukaryota	Chlorophyta
OTU_1905_18S_022_3	OTU_3424_18S_022_3	1	25	Eukaryota	Dinoflagellata	Eukaryota	Dinoflagellata
OTU_191_18S_022_3	OTU_1980_18S_022_3	1	25	Eukaryota	Ciliophora	Eukaryota	Dinoflagellata
OTU_191_18S_022_3	OTU_2635_18S_3_200	1	25	Eukaryota	Ciliophora	Eukaryota	Dinoflagellata
OTU_191_18S_022_3	OTU_3064_18S_022_3	2	50	Eukaryota	Ciliophora	Eukaryota	Ciliophora
OTU_195_18S_022_3	OTU_195_18S_3_200	2	50	Eukaryota	Ciliophora	Eukaryota	Ciliophora
OTU_196_18S_3_200	OTU_2031_18S_3_200	1	25	Eukaryota	Dinoflagellata	Eukaryota	Ochrophyta
OTU_196_18S_3_200	OTU_653_18S_3_200	1	25	Eukaryota	Dinoflagellata	Eukaryota	Ochrophyta
OTU_1961_18S_022_3	ASV_348_16S_3_200	2	50	Eukaryota	Sagenista	Bacteria	Gammaproteobacteria
OTU_1961_18S_022_3	OTU_304_18S_3_200	1	25	Eukaryota	Sagenista	Eukaryota	Dinoflagellata
OTU_1970_18S_3_200	OTU_2496_18S_3_200	2	50	Eukaryota	Ochrophyta	Eukaryota	Dinoflagellata
OTU_198_18S_3_200	OTU_2333_18S_3_200	2	50	Eukaryota	Dinoflagellata	Eukaryota	Chlorophyta
OTU_1980_18S_022_3	OTU_2245_18S_022_3	2	50	Eukaryota	Dinoflagellata	Eukaryota	Dinoflagellata
OTU_200_18S_022_3	OTU_241_18S_022_3	3	75	Eukaryota	Sagenista	Eukaryota	Opalozoa
OTU_200_18S_022_3	OTU_582_18S_022_3	3	75	Eukaryota	Sagenista	Eukaryota	Chlorophyta
OTU_200_18S_022_3	OTU_675_18S_022_3	3	75	Eukaryota	Sagenista	Eukaryota	Dinoflagellata
OTU_2009_18S_3_200	OTU_3704_18S_3_200	1	25	Eukaryota	Dinoflagellata	Eukaryota	Ochrophyta
OTU_2035_18S_022_3	OTU_3424_18S_022_3	1	25	Eukaryota	Dinoflagellata	Eukaryota	Dinoflagellata
OTU_2035_18S_022_3	OTU_44_18S_3_200	1	25	Eukaryota	Dinoflagellata	Eukaryota	Dinoflagellata
OTU_2035_18S_022_3	OTU_5407_18S_3_200	1	25	Eukaryota	Dinoflagellata	Eukaryota	Ciliophora
OTU_2037_18S_022_3	OTU_610_18S_3_200	1	25	Eukaryota	Cercozoa	Eukaryota	Mesomycetozoa
OTU_205_18S_3_200	OTU_2459_18S_3_200	1	25	Eukaryota	Ochrophyta	Eukaryota	Ochrophyta
OTU_207_18S_022_3	OTU_472_18S_3_200	2	50	Eukaryota	Dinoflagellata	Eukaryota	Pseudofungi
OTU_207_18S_022_3	OTU_550_18S_022_3	2	50	Eukaryota	Dinoflagellata	Eukaryota	Dinoflagellata
OTU_2105_18S_022_3	OTU_2304_18S_022_3	1	25	Eukaryota	Dinoflagellata	Eukaryota	Dinoflagellata
OTU_2105_18S_022_3	OTU_577_18S_3_200	1	25	Eukaryota	Dinoflagellata	Eukaryota	Dinoflagellata
OTU_2135_18S_022_3	ASV_651_16S_3_200	1	25	Eukaryota	Picozoa	Bacteria	Gammaproteobacteria
OTU_214_18S_022_3	OTU_2382_18S_022_3	1	25	Eukaryota	Ochrophyta	Eukaryota	Dinoflagellata
OTU_214_18S_022_3	OTU_2858_18S_022_3	1	25	Eukaryota	Ochrophyta	Eukaryota	Cercozoa
OTU_214_18S_022_3	OTU_5282_18S_3_200	1	25	Eukaryota	Ochrophyta	Eukaryota	Dinoflagellata
OTU_215_18S_022_3	OTU_249_18S_3_200	2	50	Eukaryota	Dinoflagellata	Eukaryota	Dinoflagellata
OTU_215_18S_022_3	OTU_2633_18S_022_3	2	50	Eukaryota	Dinoflagellata	Eukaryota	Dinoflagellata
OTU_2150_18S_022_3	OTU_293_18S_3_200	1	25	Eukaryota	Dinoflagellata	Eukaryota	Dinoflagellata
OTU_2160_18S_022_3	ASV_904_16S_3_200	2	50	Eukaryota	Cercozoa	Bacteria	Alphaproteobacteria
OTU_2167_18S_022_3	ASV_1870_16S_3_200	1	25	Eukaryota	Centroheliozoa	Bacteria	Gammaproteobacteria
OTU_2167_18S_022_3	OTU_2383_18S_022_3	2	50	Eukaryota	Centroheliozoa	Eukaryota	Ochrophyta
OTU_2181_18S_3_200	OTU_2884_18S_3_200	1	25	Eukaryota	Dinoflagellata	Eukaryota	Dinoflagellata
OTU_22_18S_022_3	OTU_754_18S_022_3	1	25	Eukaryota	Chlorophyta	Eukaryota	Dinoflagellata
OTU_2214_18S_022_3	OTU_2635_18S_3_200	1	25	Eukaryota	Dinoflagellata	Eukaryota	Dinoflagellata
OTU_2284_18S_022_3	OTU_2823_18S_022_3	1	25	Eukaryota	Dinoflagellata	Eukaryota	Dinoflagellata
OTU_2289_18S_022_3	OTU_2914_18S_3_200	2	50	Eukaryota	Choanoflagellida	Eukaryota	Apicomplexa
OTU_2308_18S_3_200	OTU_3422_18S_3_200	1	25	Eukaryota	Dinoflagellata	Eukaryota	Dinoflagellata
OTU_231_18S_3_200	OTU_1329_18S_3_200	1	25	Eukaryota	Dinoflagellata	Eukaryota	Dinoflagellata
OTU_2317_18S_022_3	OTU_1245_18S_3_200	1	25	Eukaryota	Dinoflagellata	Eukaryota	Dinoflagellata
OTU_2375_18S_022_3	OTU_4002_18S_3_200	1	25	Eukaryota	Cercozoa	Eukaryota	Ciliophora
OTU_2382_18S_022_3	OTU_2858_18S_022_3	1	25	Eukaryota	Dinoflagellata	Eukaryota	Cercozoa
OTU_2382_18S_022_3	OTU_4463_18S_3_200	1	25	Eukaryota	Dinoflagellata	Eukaryota	Dinoflagellata
OTU_2394_18S_3_200	OTU_4115_18S_3_200	1	25	Eukaryota	Dinoflagellata	Eukaryota	Dinoflagellata
OTU_2394_18S_3_200	OTU_4392_18S_3_200	1	25	Eukaryota	Dinoflagellata	Eukaryota	Dinoflagellata
OTU_24_18S_022_3	OTU_12_18S_3_200	1	25	Eukaryota	Chlorophyta	Eukaryota	Dinoflagellata
OTU_24_18S_022_3	OTU_234_18S_022_3	2	50	Eukaryota	Chlorophyta	Eukaryota	Pseudofungi
OTU_24_18S_022_3	OTU_345_18S_022_3	1	25	Eukaryota	Chlorophyta	Eukaryota	Opalozoa
OTU_24_18S_022_3	OTU_46_18S_022_3	1	25	Eukaryota	Chlorophyta	Eukaryota	Dinoflagellata
OTU_240_18S_3_200	OTU_249_18S_3_200	2	50	Eukaryota	Cercozoa	Eukaryota	Dinoflagellata
OTU_240_18S_3_200	OTU_293_18S_3_200	1	25	Eukaryota	Cercozoa	Eukaryota	Dinoflagellata
OTU_241_18S_022_3	OTU_1287_18S_022_3	3	75	Eukaryota	Opalozoa	Eukaryota	Ochrophyta
OTU_242_18S_3_200	OTU_444_18S_3_200	1	25	Eukaryota	Telonemia	Eukaryota	Dinoflagellata
OTU_243_18S_022_3	OTU_660_18S_022_3	4	100	Eukaryota	Cercozoa	Eukaryota	Sagenista
OTU_243_18S_022_3	OTU_924_18S_3_200	2	50	Eukaryota	Cercozoa	Eukaryota	Dinoflagellata
OTU_2439_18S_022_3	ASV_1071_16S_3_200	3	75	Eukaryota	Choanoflagellida	Bacteria	Bacteroidota
OTU_245_18S_3_200	OTU_1887_18S_3_200	1	25	Eukaryota	Dinoflagellata	Eukaryota	Dinoflagellata
OTU_2459_18S_3_200	OTU_2631_18S_3_200	1	25	Eukaryota	Ochrophyta	Eukaryota	Ochrophyta
OTU_2459_18S_3_200	OTU_5407_18S_3_200	1	25	Eukaryota	Ochrophyta	Eukaryota	Ciliophora
OTU_248_18S_022_3	OTU_2304_18S_022_3	1	25	Eukaryota	Dinoflagellata	Eukaryota	Dinoflagellata
OTU_248_18S_022_3	OTU_75_18S_3_200	2	50	Eukaryota	Dinoflagellata	Eukaryota	Dinoflagellata
OTU_2501_18S_022_3	OTU_4115_18S_3_200	1	25	Eukaryota	Sagenista	Eukaryota	Dinoflagellata
OTU_251_18S_022_3	OTU_1849_18S_022_3	3	75	Eukaryota	Centroheliozoa	Eukaryota	Dinoflagellata
OTU_2562_18S_022_3	OTU_278_18S_3_200	1	25	Eukaryota	Choanoflagellida	Eukaryota	Dinoflagellata
OTU_257_18S_3_200	OTU_3877_18S_3_200	2	50	Eukaryota	Dinoflagellata	Eukaryota	Dinoflagellata
OTU_2576_18S_022_3	OTU_3350_18S_022_3	1	25	Eukaryota	Ochrophyta	Eukaryota	Dinoflagellata
OTU_26_18S_022_3	OTU_1422_18S_022_3	4	100	Eukaryota	Dinoflagellata	Eukaryota	Ochrophyta
OTU_2633_18S_022_3	OTU_83_18S_3_200	1	25	Eukaryota	Dinoflagellata	Eukaryota	Dinoflagellata
OTU_2699_18S_3_200	OTU_2848_18S_3_200	1	25	Eukaryota	Rhodophyta	Eukaryota	Pseudofungi
OTU_270_18S_022_3	OTU_3598_18S_022_3	1	25	Eukaryota	Ciliophora	Eukaryota	Sagenista
OTU_270_18S_022_3	OTU_655_18S_022_3	2	50	Eukaryota	Ciliophora	Eukaryota	Radiolaria
OTU_2712_18S_3_200	OTU_4115_18S_3_200	1	25	Eukaryota	Dinoflagellata	Eukaryota	Dinoflagellata
OTU_2722_18S_022_3	OTU_129_18S_3_200	1	25	Eukaryota	Dinoflagellata	Eukaryota	Dinoflagellata
OTU_2795_18S_3_200	OTU_5282_18S_3_200	2	50	Eukaryota	Dinoflagellata	Eukaryota	Dinoflagellata
OTU_28_18S_022_3	OTU_1143_18S_022_3	1	25	Eukaryota	Cryptophyta	Eukaryota	Katablepharidophyta
OTU_28_18S_022_3	OTU_201_18S_022_3	2	50	Eukaryota	Cryptophyta	Eukaryota	Dinoflagellata
OTU_2856_18S_022_3	OTU_235_18S_3_200	1	25	Eukaryota	Dinoflagellata	Eukaryota	Dinoflagellata
OTU_286_18S_3_200	OTU_293_18S_3_200	1	25	Eukaryota	Dinoflagellata	Eukaryota	Dinoflagellata
OTU_286_18S_3_200	OTU_691_18S_3_200	1	25	Eukaryota	Dinoflagellata	Eukaryota	Dinoflagellata
OTU_287_18S_022_3	OTU_1246_18S_022_3	1	25	Eukaryota	Dinoflagellata	Eukaryota	Opalozoa
OTU_2878_18S_022_3	ASV_1275_16S_3_200	2	50	Eukaryota	Dinoflagellata	Bacteria	Bacteroidota
OTU_288_18S_3_200	OTU_536_18S_3_200	1	25	Eukaryota	Dinoflagellata	Eukaryota	Dinoflagellata
OTU_29_18S_022_3	OTU_3663_18S_022_3	2	50	Eukaryota	Cryptophyta	Eukaryota	Chlorophyta
OTU_29_18S_022_3	OTU_60_18S_022_3	1	25	Eukaryota	Cryptophyta	Eukaryota	Dinoflagellata
OTU_2919_18S_022_3	OTU_5773_18S_022_3	3	75	Eukaryota	Dinoflagellata	Eukaryota	Dinoflagellata
OTU_2919_18S_022_3	OTU_886_18S_3_200	2	50	Eukaryota	Dinoflagellata	Eukaryota	Dinoflagellata
OTU_292_18S_3_200	OTU_1337_18S_3_200	1	25	Eukaryota	Stramenopiles_X	Eukaryota	Dinoflagellata
OTU_293_18S_3_200	OTU_1444_18S_3_200	1	25	Eukaryota	Dinoflagellata	Eukaryota	Dinoflagellata
OTU_3_18S_3_200	OTU_11_18S_3_200	4	100	Eukaryota	Dinoflagellata	Eukaryota	Dinoflagellata
OTU_303_18S_022_3	OTU_2094_18S_022_3	2	50	Eukaryota	Dinoflagellata	Eukaryota	Dinoflagellata
OTU_310_18S_022_3	OTU_1834_18S_022_3	2	50	Eukaryota	Sagenista	Eukaryota	Opalozoa
OTU_313_18S_022_3	ASV_912_16S_3_200	3	75	Eukaryota	Dinoflagellata	Bacteria	Alphaproteobacteria
OTU_320_18S_022_3	OTU_729_18S_022_3	1	25	Eukaryota	Dinoflagellata	Eukaryota	Haptophyta
OTU_3210_18S_022_3	OTU_2635_18S_3_200	1	25	Eukaryota	Opalozoa	Eukaryota	Dinoflagellata
OTU_322_18S_3_200	OTU_1114_18S_3_200	1	25	Eukaryota	Dinoflagellata	Eukaryota	Sagenista
OTU_322_18S_3_200	OTU_2308_18S_3_200	1	25	Eukaryota	Dinoflagellata	Eukaryota	Dinoflagellata
OTU_329_18S_022_3	OTU_458_18S_022_3	2	50	Eukaryota	Telonemia	Eukaryota	Dinoflagellata
OTU_330_18S_022_3	OTU_3338_18S_3_200	1	25	Eukaryota	Dinoflagellata	Eukaryota	Dinoflagellata
OTU_330_18S_022_3	OTU_83_18S_3_200	2	50	Eukaryota	Dinoflagellata	Eukaryota	Dinoflagellata
OTU_332_18S_022_3	OTU_116_18S_3_200	2	50	Eukaryota	Dinoflagellata	Eukaryota	Dinoflagellata
OTU_332_18S_3_200	OTU_1884_18S_3_200	1	25	Eukaryota	Dinoflagellata	Eukaryota	Ciliophora
OTU_3326_18S_022_3	OTU_1309_18S_3_200	1	25	Eukaryota	Pseudofungi	Eukaryota	Dinoflagellata
OTU_335_18S_022_3	OTU_825_18S_022_3	3	75	Eukaryota	Choanoflagellida	Eukaryota	Ochrophyta
OTU_338_18S_022_3	OTU_1381_18S_022_3	3	75	Eukaryota	Ciliophora	Eukaryota	Dinoflagellata
OTU_34_18S_3_200	OTU_646_18S_3_200	1	25	Eukaryota	Ochrophyta	Eukaryota	Chlorophyta
OTU_345_18S_022_3	OTU_1230_18S_022_3	3	75	Eukaryota	Opalozoa	Eukaryota	Dinoflagellata
OTU_345_18S_022_3	OTU_189_18S_3_200	3	75	Eukaryota	Opalozoa	Eukaryota	Dinoflagellata
OTU_345_18S_022_3	OTU_766_18S_022_3	3	75	Eukaryota	Opalozoa	Eukaryota	Ochrophyta
OTU_3466_18S_022_3	OTU_3610_18S_022_3	2	50	Eukaryota	Prasinodermophyta	Eukaryota	Sagenista
OTU_348_18S_3_200	OTU_1607_18S_3_200	1	25	Eukaryota	Pseudofungi	Eukaryota	Apicomplexa
OTU_350_18S_022_3	OTU_436_18S_022_3	2	50	Eukaryota	Opalozoa	Eukaryota	Telonemia
OTU_353_18S_3_200	OTU_1104_18S_3_200	1	25	Eukaryota	Ochrophyta	Eukaryota	Choanoflagellida
OTU_353_18S_3_200	OTU_1557_18S_3_200	1	25	Eukaryota	Ochrophyta	Eukaryota	Dinoflagellata
OTU_3598_18S_022_3	OTU_859_18S_3_200	1	25	Eukaryota	Sagenista	Eukaryota	Dinoflagellata
OTU_379_18S_3_200	OTU_3773_18S_3_200	1	25	Eukaryota	Dinoflagellata	Eukaryota	Dinoflagellata
OTU_38_18S_3_200	OTU_106_18S_3_200	1	25	Eukaryota	Dinoflagellata	Eukaryota	Dinoflagellata
OTU_38_18S_3_200	OTU_195_18S_3_200	1	25	Eukaryota	Dinoflagellata	Eukaryota	Ciliophora
OTU_38_18S_3_200	OTU_332_18S_3_200	1	25	Eukaryota	Dinoflagellata	Eukaryota	Dinoflagellata
OTU_38_18S_3_200	OTU_413_18S_3_200	1	25	Eukaryota	Dinoflagellata	Eukaryota	Radiolaria
OTU_384_18S_022_3	OTU_2036_18S_022_3	1	25	Eukaryota	Dinoflagellata	Eukaryota	Chlorophyta
OTU_384_18S_022_3	OTU_455_18S_022_3	2	50	Eukaryota	Dinoflagellata	Eukaryota	Ochrophyta
OTU_384_18S_022_3	OTU_761_18S_3_200	2	50	Eukaryota	Dinoflagellata	Eukaryota	Dinoflagellata
OTU_385_18S_022_3	OTU_574_18S_022_3	2	50	Eukaryota	Chlorophyta	Eukaryota	Ochrophyta
OTU_39_18S_022_3	OTU_10_18S_3_200	1	25	Eukaryota	Dinoflagellata	Eukaryota	Ochrophyta
OTU_39_18S_022_3	OTU_61_18S_022_3	4	100	Eukaryota	Dinoflagellata	Eukaryota	Dinoflagellata
OTU_3933_18S_3_200	OTU_4463_18S_3_200	1	25	Eukaryota	Dinoflagellata	Eukaryota	Dinoflagellata
OTU_398_18S_3_200	OTU_1121_18S_3_200	1	25	Eukaryota	Ochrophyta	Eukaryota	Stramenopiles_X
OTU_398_18S_3_200	OTU_2750_18S_3_200	1	25	Eukaryota	Ochrophyta	Eukaryota	Cercozoa
OTU_398_18S_3_200	OTU_550_18S_3_200	1	25	Eukaryota	Ochrophyta	Eukaryota	Dinoflagellata
OTU_4_18S_022_3	OTU_217_18S_3_200	1	25	Eukaryota	Dinoflagellata	Eukaryota	Dinoflagellata
OTU_4_18S_022_3	OTU_75_18S_3_200	2	50	Eukaryota	Dinoflagellata	Eukaryota	Dinoflagellata
OTU_40_18S_3_200	OTU_249_18S_3_200	2	50	Eukaryota	Dinoflagellata	Eukaryota	Dinoflagellata
OTU_406_18S_022_3	OTU_1432_18S_022_3	3	75	Eukaryota	Dinoflagellata	Eukaryota	Dinoflagellata
OTU_408_18S_022_3	OTU_1545_18S_022_3	1	25	Eukaryota	Opalozoa	Eukaryota	Picozoa
OTU_413_18S_3_200	OTU_1346_18S_3_200	1	25	Eukaryota	Radiolaria	Eukaryota	Dinoflagellata
OTU_421_18S_022_3	OTU_34_18S_3_200	1	25	Eukaryota	Sagenista	Eukaryota	Ochrophyta
OTU_4302_18S_022_3	ASV_673_16S_3_200	3	75	Eukaryota	Dinoflagellata	Bacteria	Bacteroidota
OTU_436_18S_022_3	OTU_1266_18S_022_3	1	25	Eukaryota	Telonemia	Eukaryota	Chlorophyta
OTU_436_18S_022_3	OTU_286_18S_3_200	1	25	Eukaryota	Telonemia	Eukaryota	Dinoflagellata
OTU_436_18S_022_3	OTU_495_18S_022_3	2	50	Eukaryota	Telonemia	Eukaryota	Sagenista
OTU_445_18S_022_3	OTU_992_18S_022_3	1	25	Eukaryota	Sagenista	Eukaryota	Dinoflagellata
OTU_450_18S_022_3	OTU_3133_18S_022_3	2	50	Eukaryota	Dinoflagellata	Eukaryota	Rhodelphidia
OTU_453_18S_022_3	OTU_1609_18S_022_3	1	25	Eukaryota	Dinoflagellata	Eukaryota	Dinoflagellata
OTU_453_18S_022_3	OTU_3210_18S_022_3	1	25	Eukaryota	Dinoflagellata	Eukaryota	Opalozoa
OTU_46_18S_022_3	OTU_1153_18S_022_3	3	75	Eukaryota	Dinoflagellata	Eukaryota	Dinoflagellata
OTU_46_18S_022_3	OTU_1763_18S_022_3	2	50	Eukaryota	Dinoflagellata	Eukaryota	Cercozoa
OTU_467_18S_3_200	OTU_1095_18S_3_200	1	25	Eukaryota	Dinoflagellata	Eukaryota	Cercozoa
OTU_467_18S_3_200	OTU_1334_18S_3_200	1	25	Eukaryota	Dinoflagellata	Eukaryota	Cercozoa
OTU_467_18S_3_200	OTU_1346_18S_3_200	1	25	Eukaryota	Dinoflagellata	Eukaryota	Dinoflagellata
OTU_467_18S_3_200	OTU_2297_18S_3_200	1	25	Eukaryota	Dinoflagellata	Eukaryota	Dinoflagellata
OTU_469_18S_022_3	OTU_1104_18S_022_3	1	25	Eukaryota	Dinoflagellata	Eukaryota	Choanoflagellida
OTU_469_18S_022_3	OTU_1114_18S_3_200	1	25	Eukaryota	Dinoflagellata	Eukaryota	Sagenista
OTU_480_18S_3_200	OTU_3338_18S_3_200	1	25	Eukaryota	Dinoflagellata	Eukaryota	Dinoflagellata
OTU_489_18S_022_3	OTU_343_18S_3_200	1	25	Eukaryota	Dinoflagellata	Eukaryota	Ochrophyta
OTU_4934_18S_3_200	OTU_5527_18S_3_200	1	25	Eukaryota	Dinoflagellata	Eukaryota	Dinoflagellata
OTU_498_18S_022_3	OTU_205_18S_3_200	1	25	Eukaryota	Ciliophora	Eukaryota	Ochrophyta
OTU_498_18S_3_200	OTU_722_18S_3_200	1	25	Eukaryota	Ciliophora	Eukaryota	Ciliophora
OTU_50_18S_022_3	OTU_10_18S_3_200	1	25	Eukaryota	Dinoflagellata	Eukaryota	Ochrophyta
OTU_50_18S_022_3	OTU_174_18S_3_200	1	25	Eukaryota	Dinoflagellata	Eukaryota	Dinoflagellata
OTU_50_18S_022_3	OTU_1844_18S_022_3	1	25	Eukaryota	Dinoflagellata	Eukaryota	Dinoflagellata
OTU_50_18S_022_3	OTU_300_18S_3_200	1	25	Eukaryota	Dinoflagellata	Eukaryota	Dinoflagellata
OTU_505_18S_3_200	OTU_2398_18S_3_200	1	25	Eukaryota	Chlorophyta	Eukaryota	Dinoflagellata
OTU_507_18S_022_3	OTU_495_18S_022_3	2	50	Eukaryota	Opalozoa	Eukaryota	Sagenista
OTU_509_18S_022_3	OTU_1631_18S_022_3	1	25	Eukaryota	Dinoflagellata	Eukaryota	Opalozoa
OTU_517_18S_3_200	OTU_1146_18S_3_200	2	50	Eukaryota	Dinoflagellata	Eukaryota	Dinoflagellata
OTU_518_18S_022_3	OTU_1927_18S_022_3	1	25	Eukaryota	Haptophyta	Eukaryota	Dinoflagellata
OTU_535_18S_022_3	OTU_4126_18S_022_3	1	25	Eukaryota	Ciliophora	Eukaryota	Picozoa
OTU_539_18S_3_200	OTU_577_18S_3_200	1	25	Eukaryota	Dinoflagellata	Eukaryota	Dinoflagellata
OTU_550_18S_3_200	OTU_2750_18S_3_200	1	25	Eukaryota	Dinoflagellata	Eukaryota	Cercozoa
OTU_551_18S_022_3	OTU_1070_18S_022_3	2	50	Eukaryota	Dinoflagellata	Eukaryota	Ochrophyta
OTU_551_18S_022_3	OTU_1606_18S_022_3	2	50	Eukaryota	Dinoflagellata	Eukaryota	Dinoflagellata
OTU_551_18S_022_3	OTU_2509_18S_022_3	2	50	Eukaryota	Dinoflagellata	Eukaryota	Ochrophyta
OTU_558_18S_022_3	OTU_2905_18S_022_3	1	25	Eukaryota	Opalozoa	Eukaryota	Picozoa
OTU_561_18S_022_3	OTU_1142_18S_022_3	2	50	Eukaryota	Dinoflagellata	Eukaryota	Dinoflagellata
OTU_561_18S_022_3	OTU_2150_18S_022_3	2	50	Eukaryota	Dinoflagellata	Eukaryota	Dinoflagellata
OTU_568_18S_022_3	OTU_109_18S_3_200	2	50	Eukaryota	Dinoflagellata	Eukaryota	Ochrophyta
OTU_568_18S_022_3	OTU_1926_18S_3_200	1	25	Eukaryota	Dinoflagellata	Eukaryota	Dinoflagellata
OTU_574_18S_022_3	OTU_3_18S_3_200	2	50	Eukaryota	Ochrophyta	Eukaryota	Dinoflagellata
OTU_574_18S_022_3	OTU_675_18S_022_3	2	50	Eukaryota	Ochrophyta	Eukaryota	Dinoflagellata
OTU_577_18S_022_3	OTU_1281_18S_022_3	1	25	Eukaryota	Dinoflagellata	Eukaryota	Ciliophora
OTU_577_18S_022_3	OTU_1334_18S_022_3	1	25	Eukaryota	Dinoflagellata	Eukaryota	Cercozoa
OTU_577_18S_022_3	OTU_1940_18S_022_3	1	25	Eukaryota	Dinoflagellata	Eukaryota	Dinoflagellata
OTU_577_18S_3_200	OTU_2181_18S_3_200	1	25	Eukaryota	Dinoflagellata	Eukaryota	Dinoflagellata
OTU_582_18S_022_3	OTU_2239_18S_022_3	2	50	Eukaryota	Chlorophyta	Eukaryota	Dinoflagellata
OTU_582_18S_022_3	OTU_997_18S_3_200	2	50	Eukaryota	Chlorophyta	Eukaryota	Dinoflagellata
OTU_585_18S_022_3	OTU_1142_18S_022_3	2	50	Eukaryota	Dinoflagellata	Eukaryota	Dinoflagellata
OTU_585_18S_022_3	OTU_3962_18S_022_3	2	50	Eukaryota	Dinoflagellata	Eukaryota	Dinoflagellata
OTU_6_18S_022_3	OTU_1422_18S_022_3	3	75	Eukaryota	Chlorophyta	Eukaryota	Ochrophyta
OTU_60_18S_022_3	OTU_174_18S_3_200	1	25	Eukaryota	Dinoflagellata	Eukaryota	Dinoflagellata
OTU_60_18S_022_3	OTU_707_18S_022_3	1	25	Eukaryota	Dinoflagellata	Eukaryota	Ochrophyta
OTU_60_18S_022_3	OTU_77_18S_022_3	1	25	Eukaryota	Dinoflagellata	Eukaryota	Dinoflagellata
OTU_605_18S_022_3	OTU_577_18S_022_3	1	25	Eukaryota	Dinoflagellata	Eukaryota	Dinoflagellata
OTU_610_18S_3_200	OTU_2054_18S_3_200	1	25	Eukaryota	Mesomycetozoa	Eukaryota	Rhodophyta
OTU_611_18S_022_3	OTU_4003_18S_022_3	2	50	Eukaryota	Dinoflagellata	Eukaryota	Ciliophora
OTU_612_18S_022_3	OTU_1095_18S_022_3	1	25	Eukaryota	Sagenista	Eukaryota	Cercozoa
OTU_62_18S_3_200	OTU_1313_18S_3_200	1	25	Eukaryota	Dinoflagellata	Eukaryota	Dinoflagellata
OTU_62_18S_3_200	OTU_4392_18S_3_200	1	25	Eukaryota	Dinoflagellata	Eukaryota	Dinoflagellata
OTU_621_18S_3_200	OTU_2635_18S_3_200	1	25	Eukaryota	Dinoflagellata	Eukaryota	Dinoflagellata
OTU_621_18S_3_200	OTU_4260_18S_3_200	1	25	Eukaryota	Dinoflagellata	Eukaryota	Cercozoa
OTU_624_18S_022_3	ASV_884_16S_3_200	2	50	Eukaryota	Dinoflagellata	Bacteria	Alphaproteobacteria
OTU_644_18S_022_3	OTU_872_18S_022_3	1	25	Eukaryota	Dinoflagellata	Eukaryota	Ochrophyta
OTU_644_18S_022_3	OTU_917_18S_022_3	1	25	Eukaryota	Dinoflagellata	Eukaryota	Dinoflagellata
OTU_653_18S_3_200	OTU_1702_18S_3_200	1	25	Eukaryota	Ochrophyta	Eukaryota	Cercozoa
OTU_655_18S_022_3	OTU_1295_18S_022_3	2	50	Eukaryota	Radiolaria	Eukaryota	Dinoflagellata
OTU_660_18S_022_3	OTU_103_18S_3_200	3	75	Eukaryota	Sagenista	Eukaryota	Dinoflagellata
OTU_662_18S_022_3	ASV_904_16S_3_200	1	25	Eukaryota	Katablepharidophyta	Bacteria	Alphaproteobacteria
OTU_662_18S_022_3	OTU_1545_18S_022_3	1	25	Eukaryota	Katablepharidophyta	Eukaryota	Picozoa
OTU_662_18S_022_3	OTU_847_18S_022_3	1	25	Eukaryota	Katablepharidophyta	Eukaryota	Dinoflagellata
OTU_671_18S_022_3	OTU_1926_18S_3_200	1	25	Eukaryota	Dinoflagellata	Eukaryota	Dinoflagellata
OTU_676_18S_022_3	OTU_2334_18S_022_3	3	75	Eukaryota	Cercozoa	Eukaryota	Chlorophyta
OTU_676_18S_022_3	OTU_83_18S_3_200	2	50	Eukaryota	Cercozoa	Eukaryota	Dinoflagellata
OTU_677_18S_022_3	OTU_3962_18S_022_3	2	50	Eukaryota	Dinoflagellata	Eukaryota	Dinoflagellata
OTU_68_18S_3_200	OTU_778_18S_3_200	2	50	Eukaryota	Dinoflagellata	Eukaryota	Dinoflagellata
OTU_68_18S_3_200	OTU_924_18S_3_200	2	50	Eukaryota	Dinoflagellata	Eukaryota	Dinoflagellata
OTU_680_18S_022_3	OTU_1076_18S_022_3	2	50	Eukaryota	Dinoflagellata	Eukaryota	Ciliophora
OTU_69_18S_022_3	OTU_458_18S_3_200	1	25	Eukaryota	Dinoflagellata	Eukaryota	Dinoflagellata
OTU_699_18S_3_200	OTU_1646_18S_3_200	1	25	Eukaryota	Dinoflagellata	Eukaryota	Cercozoa
OTU_7_18S_022_3	OTU_10_18S_3_200	1	25	Eukaryota	Chlorophyta	Eukaryota	Ochrophyta
OTU_7_18S_022_3	OTU_1285_18S_022_3	2	50	Eukaryota	Chlorophyta	Eukaryota	Dinoflagellata
OTU_707_18S_022_3	OTU_754_18S_022_3	1	25	Eukaryota	Ochrophyta	Eukaryota	Dinoflagellata
OTU_71_18S_022_3	OTU_1034_18S_3_200	1	25	Eukaryota	Ciliophora	Eukaryota	Dinoflagellata
OTU_712_18S_022_3	OTU_315_18S_3_200	2	50	Eukaryota	Ochrophyta	Eukaryota	Dinoflagellata
OTU_712_18S_022_3	OTU_610_18S_3_200	1	25	Eukaryota	Ochrophyta	Eukaryota	Mesomycetozoa
OTU_714_18S_022_3	OTU_1721_18S_3_200	1	25	Eukaryota	Ciliophora	Eukaryota	Ochrophyta
OTU_714_18S_022_3	OTU_577_18S_3_200	1	25	Eukaryota	Ciliophora	Eukaryota	Dinoflagellata
OTU_724_18S_022_3	OTU_1381_18S_022_3	2	50	Eukaryota	Ciliophora	Eukaryota	Dinoflagellata
OTU_724_18S_022_3	OTU_917_18S_022_3	2	50	Eukaryota	Ciliophora	Eukaryota	Dinoflagellata
OTU_729_18S_022_3	OTU_290_18S_3_200	1	25	Eukaryota	Haptophyta	Eukaryota	Ochrophyta
OTU_729_18S_022_3	OTU_722_18S_3_200	1	25	Eukaryota	Haptophyta	Eukaryota	Ciliophora
OTU_733_18S_022_3	OTU_1246_18S_022_3	1	25	Eukaryota	Opalozoa	Eukaryota	Opalozoa
OTU_749_18S_022_3	OTU_1573_18S_022_3	2	50	Eukaryota	Dinoflagellata	Eukaryota	Pseudofungi
OTU_749_18S_022_3	OTU_1670_18S_022_3	2	50	Eukaryota	Dinoflagellata	Eukaryota	Cercozoa
OTU_754_18S_022_3	OTU_518_18S_022_3	1	25	Eukaryota	Dinoflagellata	Eukaryota	Haptophyta
OTU_760_18S_022_3	OTU_1763_18S_022_3	2	50	Eukaryota	Ochrophyta	Eukaryota	Cercozoa
OTU_760_18S_022_3	OTU_2253_18S_3_200	2	50	Eukaryota	Ochrophyta	Eukaryota	Chlorophyta
OTU_760_18S_022_3	OTU_249_18S_3_200	2	50	Eukaryota	Ochrophyta	Eukaryota	Dinoflagellata
OTU_763_18S_022_3	OTU_235_18S_3_200	1	25	Eukaryota	Dinoflagellata	Eukaryota	Dinoflagellata
OTU_763_18S_022_3	OTU_360_18S_3_200	2	50	Eukaryota	Dinoflagellata	Eukaryota	Dinoflagellata
OTU_766_18S_022_3	OTU_846_18S_022_3	3	75	Eukaryota	Ochrophyta	Eukaryota	Ochrophyta
OTU_77_18S_022_3	OTU_18_18S_3_200	1	25	Eukaryota	Dinoflagellata	Eukaryota	Dinoflagellata
OTU_778_18S_3_200	OTU_1444_18S_3_200	2	50	Eukaryota	Dinoflagellata	Eukaryota	Dinoflagellata
OTU_778_18S_3_200	OTU_924_18S_3_200	2	50	Eukaryota	Dinoflagellata	Eukaryota	Dinoflagellata
OTU_788_18S_022_3	ASV_144_16S_3_200	1	25	Eukaryota	Dinoflagellata	Bacteria	Gammaproteobacteria
OTU_788_18S_022_3	OTU_699_18S_3_200	1	25	Eukaryota	Dinoflagellata	Eukaryota	Dinoflagellata
OTU_790_18S_022_3	ASV_784_16S_3_200	2	50	Eukaryota	Dinoflagellata	Bacteria	Cyanobacteria
OTU_794_18S_022_3	OTU_1144_18S_3_200	2	50	Eukaryota	Dinoflagellata	Eukaryota	Dinoflagellata
OTU_799_18S_3_200	OTU_2750_18S_3_200	1	25	Eukaryota	Telonemia	Eukaryota	Cercozoa
OTU_799_18S_3_200	OTU_2884_18S_3_200	1	25	Eukaryota	Telonemia	Eukaryota	Dinoflagellata
OTU_807_18S_022_3	OTU_1222_18S_3_200	1	25	Eukaryota	Dinoflagellata	Eukaryota	Dinoflagellata
OTU_807_18S_022_3	OTU_920_18S_022_3	1	25	Eukaryota	Dinoflagellata	Eukaryota	Dinoflagellata
OTU_807_18S_022_3	OTU_964_18S_022_3	1	25	Eukaryota	Dinoflagellata	Eukaryota	Dinoflagellata
OTU_817_18S_3_200	OTU_1557_18S_3_200	1	25	Eukaryota	Dinoflagellata	Eukaryota	Dinoflagellata
OTU_825_18S_022_3	OTU_1849_18S_022_3	3	75	Eukaryota	Ochrophyta	Eukaryota	Dinoflagellata
OTU_826_18S_022_3	OTU_799_18S_3_200	1	25	Eukaryota	Dinoflagellata	Eukaryota	Telonemia
OTU_831_18S_022_3	OTU_1984_18S_022_3	1	25	Eukaryota	Picozoa	Eukaryota	Picozoa
OTU_844_18S_022_3	OTU_1884_18S_3_200	1	25	Eukaryota	Opalozoa	Eukaryota	Ciliophora
OTU_844_18S_022_3	OTU_2750_18S_3_200	1	25	Eukaryota	Opalozoa	Eukaryota	Cercozoa
OTU_844_18S_022_3	OTU_3424_18S_022_3	1	25	Eukaryota	Opalozoa	Eukaryota	Dinoflagellata
OTU_847_18S_022_3	OTU_3990_18S_022_3	1	25	Eukaryota	Dinoflagellata	Eukaryota	Cercozoa
OTU_861_18S_022_3	OTU_2333_18S_3_200	1	25	Eukaryota	Dinoflagellata	Eukaryota	Chlorophyta
OTU_866_18S_3_200	OTU_1313_18S_3_200	1	25	Eukaryota	Picozoa	Eukaryota	Dinoflagellata
OTU_866_18S_3_200	OTU_1364_18S_3_200	1	25	Eukaryota	Picozoa	Eukaryota	Dinoflagellata
OTU_866_18S_3_200	OTU_5527_18S_3_200	1	25	Eukaryota	Picozoa	Eukaryota	Dinoflagellata
OTU_870_18S_022_3	OTU_1102_18S_022_3	2	50	Eukaryota	Choanoflagellida	Eukaryota	Ochrophyta
OTU_870_18S_022_3	OTU_2160_18S_022_3	2	50	Eukaryota	Choanoflagellida	Eukaryota	Cercozoa
OTU_870_18S_022_3	OTU_83_18S_3_200	2	50	Eukaryota	Choanoflagellida	Eukaryota	Dinoflagellata
OTU_870_18S_022_3	OTU_894_18S_022_3	2	50	Eukaryota	Choanoflagellida	Eukaryota	Ciliophora
OTU_872_18S_022_3	OTU_1494_18S_022_3	2	50	Eukaryota	Ochrophyta	Eukaryota	Ochrophyta
OTU_877_18S_022_3	OTU_304_18S_3_200	1	25	Eukaryota	Sagenista	Eukaryota	Dinoflagellata
OTU_877_18S_022_3	OTU_4302_18S_022_3	3	75	Eukaryota	Sagenista	Eukaryota	Dinoflagellata
OTU_881_18S_3_200	OTU_2459_18S_3_200	1	25	Eukaryota	Ochrophyta	Eukaryota	Ochrophyta
OTU_881_18S_3_200	OTU_2631_18S_3_200	1	25	Eukaryota	Ochrophyta	Eukaryota	Ochrophyta
OTU_886_18S_3_200	OTU_2253_18S_3_200	2	50	Eukaryota	Dinoflagellata	Eukaryota	Chlorophyta
OTU_89_18S_3_200	OTU_204_18S_3_200	3	75	Eukaryota	Dinoflagellata	Eukaryota	Dinoflagellata
OTU_899_18S_3_200	OTU_1786_18S_3_200	1	25	Eukaryota	Rhodophyta	Eukaryota	Rhodophyta
OTU_899_18S_3_200	OTU_4921_18S_3_200	1	25	Eukaryota	Rhodophyta	Eukaryota	Rhodophyta
OTU_902_18S_022_3	OTU_1019_18S_3_200	1	25	Eukaryota	Sagenista	Eukaryota	Dinoflagellata
OTU_902_18S_022_3	OTU_498_18S_3_200	1	25	Eukaryota	Sagenista	Eukaryota	Ciliophora
OTU_906_18S_022_3	OTU_11_18S_3_200	3	75	Eukaryota	Cercozoa	Eukaryota	Dinoflagellata
OTU_920_18S_022_3	OTU_1609_18S_022_3	1	25	Eukaryota	Dinoflagellata	Eukaryota	Dinoflagellata
OTU_940_18S_022_3	ASV_1138_16S_3_200	2	50	Eukaryota	Dinoflagellata	Bacteria	Bacteroidota
OTU_940_18S_022_3	OTU_1094_18S_022_3	1	25	Eukaryota	Dinoflagellata	Eukaryota	Dinoflagellata
OTU_955_18S_022_3	OTU_1075_18S_022_3	2	50	Eukaryota	Choanoflagellida	Eukaryota	Dinoflagellata
OTU_955_18S_022_3	OTU_1510_18S_022_3	2	50	Eukaryota	Choanoflagellida	Eukaryota	Sagenista
OTU_955_18S_022_3	OTU_2509_18S_022_3	2	50	Eukaryota	Choanoflagellida	Eukaryota	Ochrophyta
OTU_964_18S_022_3	OTU_1721_18S_3_200	1	25	Eukaryota	Dinoflagellata	Eukaryota	Ochrophyta
OTU_976_18S_022_3	OTU_1142_18S_022_3	2	50	Eukaryota	Dinoflagellata	Eukaryota	Dinoflagellata
OTU_984_18S_022_3	ASV_1591_16S_3_200	2	50	Eukaryota	Stramenopiles_X	Bacteria	Alphaproteobacteria
