SampleID,SampleID_16S_FL,SampleID_16S_PA,SampleID_18S_FL,SampleID_18S_PA,station,station_2,lat,long,date,date_2,julian_days,time_sample,month,month_2,season,daylength,BA,synecho,peuk,tpp,chla_insitu,chla_sat,BP,wind,rainfall,secchi,Zeu,Temperature,Salinity,NH4,NO2,NO3,PO4,Si,PAR,POC,SOI,WeMOI,Oscillation_Index
EA-20130423,EA-20130423-16SV4V5-022-3-SRF,EA-20130423-16SV4V5-3-200-SRF,EA-20130423-18SV4-022-3-SRF,EA-20130423-18SV4-3-200-SRF,Equatorial Atlantic Microbial Observatory,EAMO,-5.99,-35.08,23/04/2013,2013-04-23,113,1,Apr,4,Autumn,11.94,147368,38555.02,360.26,186283.01,NA,0.624761745034071,0.16,3.272,175.6,6,14.1,29.582,36.69,2.1865,0.0275,0.4478,0.0388,1.138,42.352,101.842,0.2,NA,0.2
EA-20130604,EA-20130604-16SV4V5-022-3-SRF,EA-20130604-16SV4V5-3-200-SRF,EA-20130604-18SV4-022-3-SRF,EA-20130604-18SV4-3-200-SRF,Equatorial Atlantic Microbial Observatory,EAMO,-5.99,-35.08,04/06/2013,2013-06-04,155,3,May,5,Autumn,11.79,566448,113023.16,854.74,680326.35,NA,0.9195825987392,1.15,3.696,254.9,7,16.45,28.409,35.1,1.7085,0.027,0.3853,0.0363,0.8778,39.506,131.044,0.8,NA,0.8
EA-20130625,EA-20130625-16SV4V5-022-3-SRF,EA-20130625-16SV4V5-3-200-SRF,EA-20130625-18SV4-022-3-SRF,EA-20130625-18SV4-3-200-SRF,Equatorial Atlantic Microbial Observatory,EAMO,-5.99,-35.08,25/06/2013,2013-06-25,176,4,Jun,6,Winter,11.77,926124,90418.53,2493.57,1019036.09,NA,1.52664267807095,3.16,3.283,399.1,5,11.75,27.292,34.35,NA,NA,NA,NA,NA,37.288,120.648,1.2,NA,1.2
EA-20130827,EA-20130827-16SV4V5-022-3-SRF,EA-20130827-16SV4V5-3-200-SRF,EA-20130827-18SV4-022-3-SRF,,Equatorial Atlantic Microbial Observatory,EAMO,-5.99,-35.08,27/08/2013,2013-08-27,239,5,Aug,8,Winter,11.97,471971,89005.74,1547,562523.53,NA,1.50602328777313,0.55,4.257,242,3.9,9.24,26.592,35.19,NA,NA,NA,NA,NA,50.619,151.638,0.2,NA,0.2
EA-20131127,EA-20131127-16SV4V5-022-3-SRF,EA-20131127-16SV4V5-3-200-SRF,EA-20131127-18SV4-022-3-SRF,EA-20131127-18SV4-3-200-SRF,Equatorial Atlantic Microbial Observatory,EAMO,-5.99,-35.08,27/11/2013,2013-11-27,331,8,Nov,11,Spring,12.43,513364,115848.74,812.35,630025.5,NA,0.686395924360979,0.72,4.589,38.6,5,11.75,27.658,35.32,1.8208,0.0203,0.5345,0.083,1.271,49.487,104.714,0.7,NA,0.7
EA-20131230,EA-20131230-16SV4V5-022-3-SRF,EA-20131230-16SV4V5-3-200-SRF,EA-20131230-18SV4-022-3-SRF,EA-20131230-18SV4-3-200-SRF,Equatorial Atlantic Microbial Observatory,EAMO,-5.99,-35.08,30/12/2013,2013-12-30,364,9,Dec,12,Summer,12.47,853958,115142.34,1737.73,970838.55,NA,1.19298017024994,NA,3.97,10.1,4.6,10.76,28.485,35.29,2.152,0.0323,5.8683,0.0753,3.039,49.114,169.167,0.1,NA,0.1
EA-20140211,EA-20140211-16SV4V5-022-3-SRF,EA-20140211-16SV4V5-3-200-SRF,EA-20140211-18SV4-022-3-SRF,EA-20140211-18SV4-3-200-SRF,Equatorial Atlantic Microbial Observatory,EAMO,-5.99,-35.08,11/02/2014,2014-02-11,42,11,Feb,2,Summer,12.32,1133255,105959.21,664.01,1239877.98,NA,0.89059428146316,0.87,4.002,52.1,4.6,10.76,28.521,36.09,NA,NA,NA,NA,NA,50.735,128.333,0.1,NA,0.1
EA-20140326,EA-20140326-16SV4V5-022-3-SRF,EA-20140326-16SV4V5-3-200-SRF,EA-20140326-18SV4-022-3-SRF,EA-20140326-18SV4-3-200-SRF,Equatorial Atlantic Microbial Observatory,EAMO,-5.99,-35.08,26/03/2014,2014-03-26,85,12,Mar,3,Autumn,12.09,1509018,88299.34,1539.94,1598857.46,NA,0.729668730150455,2.24,3.446,262.1,10,23.5,29.255,36.16,1.2515,0.025,0.9648,0.0365,1.7655,48.525,91.868,-0.9,NA,-0.9
EA-20140415,EA-20140415-16SV4V5-022-3-SRF,EA-20140415-16SV4V5-3-200-SRF,EA-20140415-18SV4-022-3-SRF,EA-20140415-18SV4-3-200-SRF,Equatorial Atlantic Microbial Observatory,EAMO,-5.99,-35.08,15/04/2014,2014-04-15,105,13,Apr,4,Autumn,11.98,781349,67552.53,988.95,849890.81,NA,0.563312845611248,NA,3.241,81.9,5,11.75,29.54,35.92,1.6803,0.0238,0.3103,0.0455,1.9193,40.131,100.258,0.8,NA,0.8
EA-20140514,EA-20140514-16SV4V5-022-3-SRF,EA-20140514-16SV4V5-3-200-SRF,EA-20140514-18SV4-022-3-SRF,EA-20140514-18SV4-3-200-SRF,Equatorial Atlantic Microbial Observatory,EAMO,-5.99,-35.08,14/05/2014,2014-05-14,134,14,May,5,Autumn,11.85,697846,46805.71,437.96,745090.04,NA,0.784663936405471,1.07,2.992,191,4.6,10.76,28.417,35.48,NA,NA,NA,NA,NA,36.072,114.685,0.5,NA,0.5
EA-20140707,EA-20140707-16SV4V5-022-3-SRF,,EA-20140707-18SV4-022-3-SRF,EA-20140707-18SV4-3-200-SRF,Equatorial Atlantic Microbial Observatory,EAMO,-5.99,-35.08,07/07/2014,2014-07-07,188,15,Jun,6,Winter,11.79,614343,65080.15,886.53,680310.05,NA,2.04748194514128,0.76,3.514,540.4,5,11.75,26.699,35.71,1.036,0.0235,0.586,0.0535,1.4973,41.364,266.4,0.2,NA,0.2
EA-20140729,EA-20140729-16SV4V5-022-3-SRF,,EA-20140729-18SV4-022-3-SRF,,Equatorial Atlantic Microbial Observatory,EAMO,-5.99,-35.08,29/07/2014,2014-07-29,210,16,Jul,7,Winter,11.84,656095,83354.58,1335.09,740784.53,NA,2.00203425094249,0.92,3.675,231.4,2.8,6.64,26.252,35.54,1.2408,0.1055,4.852,0.0873,3.368,43.076,340.4,-0.2,NA,-0.2
EA-20140826,EA-20140826-16SV4V5-022-3-SRF,EA-20140826-16SV4V5-3-200-SRF,EA-20140826-18SV4-022-3-SRF,EA-20140826-18SV4-3-200-SRF,Equatorial Atlantic Microbial Observatory,EAMO,-5.99,-35.08,26/08/2014,2014-08-26,238,17,Aug,8,Winter,11.96,596450,47328.45,875.93,644654.25,NA,1.12292110919952,0.73,4.016,89.7,3.9,9.24,25.867,36.2,0.652,0.0338,0.1397,0.0575,2.1358,51.824,88.2,-0.7,NA,-0.7
EA-20140930,EA-20140930-16SV4V5-022-3-SRF,EA-20140930-16SV4V5-3-200-SRF,EA-20140930-18SV4-022-3-SRF,EA-20140930-18SV4-3-200-SRF,Equatorial Atlantic Microbial Observatory,EAMO,-5.99,-35.08,30/09/2014,2014-09-30,273,18,Sep,9,Spring,12.15,585058,129270.24,1631.77,715959.69,NA,1.68197306990623,0.23,4.257,149,2.8,6.64,26.909,36,4.967,0.0435,1.9623,0.0663,3.0415,51.406,130.4,-0.7,NA,-0.7
EA-20141029,EA-20141029-16SV4V5-022-3-SRF,EA-20141029-16SV4V5-3-200-SRF,EA-20141029-18SV4-022-3-SRF,EA-20141029-18SV4-3-200-SRF,Equatorial Atlantic Microbial Observatory,EAMO,-5.99,-35.08,29/10/2014,2014-10-29,302,19,Oct,10,Spring,12.3,697600,93244.1,1942.59,792786.59,NA,0.870255175130393,0.79,4.875,30.7,3.9,9.24,27.367,33.18,3.369,0.032,0.51,0.0628,3.6165,55.326,143.2,-0.6,NA,-0.6
EA-20141125,EA-20141125-16SV4V5-022-3-SRF,EA-20141125-16SV4V5-3-200-SRF,EA-20141125-18SV4-022-3-SRF,EA-20141125-18SV4-3-200-SRF,Equatorial Atlantic Microbial Observatory,EAMO,-5.99,-35.08,25/11/2014,2014-11-25,329,20,Nov,11,Spring,12.42,685917,115848.74,826.48,802592.57,NA,1.19986493587494,0.24,3.946,24.8,2.8,6.64,28.276,32.73,4.0278,0.0128,0.3098,0.0478,1.877,54.52,133.2,-0.9,NA,-0.9
EA-20150115,EA-20150115-16SV4V5-022-3-SRF,EA-20150115-16SV4V5-3-200-SRF,EA-20150115-18SV4-022-3-SRF,EA-20150115-18SV4-3-200-SRF,Equatorial Atlantic Microbial Observatory,EAMO,-5.99,-35.08,15/01/2015,2015-01-15,15,22,Jan,1,Summer,12.43,888710,115142.34,1497.56,1005350.21,NA,0.651117569870419,2.32,3.989,30.3,3.9,9.24,27.92,34.24,0.9413,0.0705,0.488,0.0735,1.9675,52.732,114.6,-0.8,NA,-0.8
EA-20150227,EA-20150227-16SV4V5-022-3-SRF,EA-20150227-16SV4V5-3-200-SRF,EA-20150227-18SV4-022-3-SRF,EA-20150227-18SV4-3-200-SRF,Equatorial Atlantic Microbial Observatory,EAMO,-5.99,-35.08,27/02/2015,2015-02-27,58,23,Feb,2,Summer,12.23,894675,64070,1073.72,959818.53,NA,0.962812800208728,0.46,3.64,77.7,4.6,10.76,28.812,35.84,NA,NA,NA,NA,NA,45.484,99.8,0.2,NA,0.2
EA-20150328,EA-20150328-16SV4V5-022-3-SRF,EA-20150328-16SV4V5-3-200-SRF,EA-20150328-18SV4-022-3-SRF,EA-20150328-18SV4-3-200-SRF,Equatorial Atlantic Microbial Observatory,EAMO,-5.99,-35.08,28/03/2015,2015-03-28,87,24,Mar,3,Autumn,12.07,950179,72758.66,1052.53,1023990.34,NA,0.684606647272274,0.63,3.374,317,5,11.75,28.825,34.42,2.175,0.0295,0.063,0.0303,3.042,50.152,124,-0.7,NA,-0.7
EA-20150425,EA-20150425-16SV4V5-022-3-SRF,EA-20150425-16SV4V5-3-200-SRF,EA-20150425-18SV4-022-3-SRF,EA-20150425-18SV4-3-200-SRF,Equatorial Atlantic Microbial Observatory,EAMO,-5.99,-35.08,25/04/2015,2015-04-25,115,25,Apr,4,Autumn,11.93,942391,59944.66,755.84,1003091.3,NA,0.63290995494635,0.61,3.034,156.1,4.6,10.76,29.037,34.6,1.2648,0.0395,0.298,0.0758,2.5103,44.74,141.4,0,NA,0
EA-20150516,EA-20150516-16SV4V5-022-3-SRF,EA-20150516-16SV4V5-3-200-SRF,EA-20150516-18SV4-022-3-SRF,EA-20150516-18SV4-3-200-SRF,Equatorial Atlantic Microbial Observatory,EAMO,-5.99,-35.08,16/05/2015,2015-05-16,136,26,May,5,Autumn,11.84,829065,77703.42,988.95,907757.69,NA,0.758813836520153,1.2,2.959,69.6,3.9,9.24,28.794,35.4,0.774,0.0428,0.1055,0.0358,1.3658,37.634,158.4,-0.7,NA,-0.7
EA-20150627,EA-20150627-16SV4V5-022-3-SRF,EA-20150627-16SV4V5-3-200-SRF,EA-20150627-18SV4-022-3-SRF,EA-20150627-18SV4-3-200-SRF,Equatorial Atlantic Microbial Observatory,EAMO,-5.99,-35.08,27/06/2015,2015-06-27,178,27,Jun,6,Winter,11.78,1234651,60001.17,3517.85,1298170.26,NA,1.77078431182437,2.31,2.988,301.2,5,11.75,27.02,34.59,1.3593,0.074,1.4965,0.048,2.4038,38.052,322.6,-0.6,NA,-0.6
EA-20150801,EA-20150801-16SV4V5-022-3-SRF,EA-20150801-16SV4V5-3-200-SRF,EA-20150801-18SV4-022-3-SRF,EA-20150801-18SV4-3-200-SRF,Equatorial Atlantic Microbial Observatory,EAMO,-5.99,-35.08,01/08/2015,2015-08-01,213,28,Jul,7,Winter,11.85,1807243,102427.24,4909.44,1914579.8,NA,2.57139971521166,1.53,3.398,316.5,2.8,6.64,25.891,33.64,2.2665,0.3388,3.9673,0.117,4.9093,48.814,400,-1.1,NA,-1.1
EA-20150829,EA-20150829-16SV4V5-022-3-SRF,EA-20150829-16SV4V5-3-200-SRF,EA-20150829-18SV4-022-3-SRF,EA-20150829-18SV4-3-200-SRF,Equatorial Atlantic Microbial Observatory,EAMO,-5.99,-35.08,29/08/2015,2015-08-29,241,29,Aug,8,Winter,11.98,1948469,129270.24,3468.4,2081207.28,NA,1.260711034139,0.58,3.652,43.1,3.9,9.24,26.458,36.1,1.3488,0.0483,0.1368,0.0263,3.0278,53.152,277,-1.4,NA,-1.4
EA-20151006,EA-20151006-16SV4V5-022-3-SRF,EA-20151006-16SV4V5-3-200-SRF,EA-20151006-18SV4-022-3-SRF,EA-20151006-18SV4-3-200-SRF,Equatorial Atlantic Microbial Observatory,EAMO,-5.99,-35.08,06/10/2015,2015-10-06,279,30,Oct,10,Spring,12.18,1082483,110903.97,2514.77,1195901.32,NA,1.00808193609871,NA,3.986,24.4,3.9,9.24,27.136,33.47,1.9003,0.0538,0.0568,0.0433,5.1163,52.33,128,-1.6,NA,-1.6
EA-20151208,EA-20151208-16SV4V5-022-3-SRF,EA-20151208-16SV4V5-3-200-SRF,EA-20151208-18SV4-022-3-SRF,EA-20151208-18SV4-3-200-SRF,Equatorial Atlantic Microbial Observatory,EAMO,-5.99,-35.08,08/12/2015,2015-12-08,342,32,Dec,12,Spring,12.46,1693918,178011.47,904.19,1872833.3,NA,0.480281213015063,0.94,4.267,38.95,11,25.85,28.711,33.86,NA,NA,NA,NA,NA,50.24,132,-0.5,NA,-0.5
EA-20160225,EA-20160225-16SV4V5-022-3-SRF,EA-20160225-16SV4V5-3-200-SRF,EA-20160225-18SV4-022-3-SRF,EA-20160225-18SV4-3-200-SRF,Equatorial Atlantic Microbial Observatory,EAMO,-5.99,-35.08,25/02/2016,2016-02-25,56,34,Feb,2,Summer,12.25,139618,39720.58,1264.45,180602.78,NA,0.936386744181315,3.11,2.893,73.8,3.9,9.24,28.451,37.6,1.1518,0.3188,2.419,0.065,NA,52.246,122.6,-2,NA,-2
EA-20160322,EA-20160322-16SV4V5-022-3-SRF,EA-20160322-16SV4V5-3-200-SRF,EA-20160322-18SV4-022-3-SRF,EA-20160322-18SV4-3-200-SRF,Equatorial Atlantic Microbial Observatory,EAMO,-5.99,-35.08,22/03/2016,2016-03-22,82,35,Mar,3,Autumn,12.1,409403,52449.81,791.16,462644.16,NA,0.654318447705809,2.19,2.641,152.5,8,18.8,29.248,37,0.2115,0.001,0.0495,0.045,2.1453,44.01,123,-0.1,NA,-0.1
EA-20160502,EA-20160502-16SV4V5-022-3-SRF,EA-20160502-16SV4V5-3-200-SRF,EA-20160502-18SV4-022-3-SRF,EA-20160502-18SV4-3-200-SRF,Equatorial Atlantic Microbial Observatory,EAMO,-5.99,-35.08,02/05/2016,2016-05-02,123,36,May,5,Autumn,11.89,475706,54554.87,4591.57,534852.55,NA,1.24461556056505,2.03,2.589,166.4,5,11.75,28.285,34.69,1.7618,0.1665,0.549,0.078,5.5795,43.214,277.8,-1.2,NA,-1.2
EA-20160611,EA-20160611-16SV4V5-022-3-SRF,EA-20160611-16SV4V5-3-200-SRF,EA-20160611-18SV4-022-3-SRF,EA-20160611-18SV4-3-200-SRF,Equatorial Atlantic Microbial Observatory,EAMO,-5.99,-35.08,11/06/2016,2016-06-11,163,37,Jun,6,Winter,11.78,632237,104546.42,2083.86,738867.15,NA,0.825468175941043,1.28,2.168,156.3,6,14.1,27.316,35.77,1.1465,0.2268,4.2795,0.056,NA,43.274,193,0.6,NA,0.6
EA-20160822,EA-20160822-16SV4V5-022-3-SRF,EA-20160822-16SV4V5-3-200-SRF,EA-20160822-18SV4-022-3-SRF,EA-20160822-18SV4-3-200-SRF,Equatorial Atlantic Microbial Observatory,EAMO,-5.99,-35.08,22/08/2016,2016-08-22,235,38,Aug,8,Winter,11.95,447278,74877.84,1554.07,523709.67,NA,1.1562008857727,3.22,2.684,68.6,3.9,9.24,26.337,35.2,1.0438,0.0505,0.2355,0.06,2.9745,52.438,122.6,0.7,NA,0.7
BL-20130417,BL-20130417-16SV4V5-022-3-SRF,BL-20130417-16SV4V5-3-200-SRF,BL-20130417-18SV4-022-3-SRF,BL-20130417-18SV4-3-200-SRF,Blanes Bay Microbial Observatory,BBMO,41.6694,2.8003,17/04/2013,2013-04-17,107,1,Apr,4,Spring,13.38,1441306,79110.8695652174,1817.66822350771,1522234.5334909,0.49,0.529062151908875,4.08,NA,76.9,11,25.85,14.51,37.87,0.58,0.18,0.65,0.08,1.356,NA,NA,NA,-0.98,-0.98
BL-20130507,BL-20130507-16SV4V5-022-3-SRF,BL-20130507-16SV4V5-3-200-SRF,BL-20130507-18SV4-022-3-SRF,BL-20130507-18SV4-3-200-SRF,Blanes Bay Microbial Observatory,BBMO,41.6694,2.8003,07/05/2013,2013-05-07,127,2,May,5,Spring,14.21,889726,13200,3821.86571886011,906748.04171716,0.75,0.663500706354777,2.4,NA,25.3,19,44.65,14.96,37.73,0.67,0.21,1.37,0.1,1.451,NA,NA,NA,1.9,1.9
BL-20130604,BL-20130604-16SV4V5-022-3-SRF,BL-20130604-16SV4V5-3-200-SRF,BL-20130604-18SV4-022-3-SRF,BL-20130604-18SV4-3-200-SRF,Blanes Bay Microbial Observatory,BBMO,41.6694,2.8003,04/06/2013,2013-06-04,155,3,Jun,6,Spring,15.03,751100,41373.9130434783,642.930681677401,793117.128278961,0.31,0.398602798581123,1.53,NA,11,20,47,16.92,37.62,1.96,0.17,0.34,0.1,1.249,NA,NA,NA,-0.37,-0.37
BL-20130709,BL-20130709-16SV4V5-022-3-SRF,BL-20130709-16SV4V5-3-200-SRF,BL-20130709-18SV4-022-3-SRF,BL-20130709-18SV4-3-200-SRF,Blanes Bay Microbial Observatory,BBMO,41.6694,2.8003,09/07/13,2013-07-09,194,4,Jul,7,Summer,14.98,794217,26064.1304347826,722.304839909179,821003.572852324,0.5,0.295851234878813,1.87,NA,9.6,14,32.9,21.61,37.87,0.85,0.11,0.13,0.09,0.456,NA,NA,NA,-2.27,-2.27
BL-20130801,BL-20130801-16SV4V5-022-3-SRF,BL-20130801-16SV4V5-3-200-SRF,BL-20130801-18SV4-022-3-SRF,BL-20130801-18SV4-3-200-SRF,Blanes Bay Microbial Observatory,BBMO,41.6694,2.8003,01/08/2013,2013-08-01,213,5,Aug,8,Summer,14.44,648400,24313.0434782609,1004.08310163199,673716.629496274,0.21,0.27638253569603,0.76,NA,4.9,17,39.95,23.58,37.81,3.48,0.22,0.24,0.07,0.459,NA,NA,NA,-1.93,-1.93
BL-20130917,BL-20130917-16SV4V5-022-3-SRF,BL-20130917-16SV4V5-3-200-SRF,BL-20130917-18SV4-022-3-SRF,BL-20130917-18SV4-3-200-SRF,Blanes Bay Microbial Observatory,BBMO,41.6694,2.8003,17/09/2013,2013-09-17,260,6,Sep,9,Summer,12.46,974179,41028.2608695652,1023.92664118994,1016230.93689088,0.31,0.318426881517683,4.02,NA,44.4,20,47,23.41,38.12,0.13,0.06,0.32,0.08,0.712,NA,NA,NA,0.03,0.03
BL-20131015,BL-20131015-16SV4V5-022-3-SRF,BL-20131015-16SV4V5-3-200-SRF,BL-20131015-18SV4-022-3-SRF,BL-20131015-18SV4-3-200-SRF,Blanes Bay Microbial Observatory,BBMO,41.6694,2.8003,15/10/2013,2013-10-15,288,7,Oct,10,Autumn,11.17,906160,30770.652173913,817.553829787313,937747.851315056,0.28,0.365624725818634,1.39,NA,44.5,20,47,21.4,38.05,0.43,0.1,0.22,0.08,0.816,NA,NA,NA,-0.64,-0.64
BL-20131105,BL-20131105-16SV4V5-022-3-SRF,BL-20131105-16SV4V5-3-200-SRF,BL-20131105-18SV4-022-3-SRF,BL-20131105-18SV4-3-200-SRF,Blanes Bay Microbial Observatory,BBMO,41.6694,2.8003,05/11/2013,2013-11-05,309,8,Nov,11,Autumn,10.26,1123525,17936.9565217391,416.714330716834,1141878.71394878,0.42,0.447635442018509,0.77,NA,97.3,18,42.3,18.06,38.04,0.32,0.11,0.32,0.07,0.81,NA,NA,NA,1.17,1.17
BL-20131204,BL-20131204-16SV4V5-022-3-SRF,BL-20131204-16SV4V5-3-200-SRF,BL-20131204-18SV4-022-3-SRF,BL-20131204-18SV4-3-200-SRF,Blanes Bay Microbial Observatory,BBMO,41.6694,2.8003,04/12/2013,2013-12-04,338,9,Dec,12,Autumn,9.34,899002,11004.347826087,4877.54202334275,914883.398220743,0.6,0.723377227783203,0.62,NA,13.9,8.5,19.98,14.42,38.13,0.47,0.38,1.53,0.17,1.878,NA,NA,NA,-0.49,-0.49
BL-20140114,BL-20140114-16SV4V5-022-3-SRF,BL-20140114-16SV4V5-3-200-SRF,BL-20140114-18SV4-022-3-SRF,BL-20140114-18SV4-3-200-SRF,Blanes Bay Microbial Observatory,BBMO,41.6694,2.8003,14/01/2014,2014-01-14,14,10,Jan,1,Winter,9.44,904849,25895.652173913,11259.2243451777,942003.877038608,1.02,0.81839919090271,0.97,NA,37.2,15,35.25,14.28,38.19,0.45,0.16,0.77,0.07,0.905,NA,NA,NA,0.41,0.41
BL-20140211,BL-20140211-16SV4V5-022-3-SRF,BL-20140211-16SV4V5-3-200-SRF,BL-20140211-18SV4-022-3-SRF,BL-20140211-18SV4-3-200-SRF,Blanes Bay Microbial Observatory,BBMO,41.6694,2.8003,11/02/2014,2014-02-11,42,11,Feb,2,Winter,10.41,857019,16760.6578223817,12251.657568294,886031.274094901,0.91,0.658580541610718,1.05,NA,53.7,8,18.8,13.4,NA,0.84,0.27,1.04,0.1,0.973,NA,NA,NA,0.94,0.94
BL-20140310,BL-20140310-16SV4V5-022-3-SRF,BL-20140310-16SV4V5-3-200-SRF,BL-20140310-18SV4-022-3-SRF,BL-20140310-18SV4-3-200-SRF,Blanes Bay Microbial Observatory,BBMO,41.6694,2.8003,10/03/2014,2014-03-10,69,12,Mar,3,Winter,11.62,717026,28291.0147317915,3369.55428570543,748686.694229911,0.6,0.582431094987052,2.28,NA,16.2,15,35.25,13.76,37.92,0.2,0.13,0.43,0.09,0.768,NA,NA,NA,0.13,0.13
BL-20140407,,BL-20140407-16SV4V5-3-200-SRF,,BL-20140407-18SV4-3-200-SRF,Blanes Bay Microbial Observatory,BBMO,41.6694,2.8003,07/04/2014,2014-04-07,97,13,Apr,4,Spring,12.93,891178,44152.6601387524,2202.2319633566,937533.091277337,0.3,0.453292578458786,3.51,NA,26,15.5,36.43,14.12,37.89,0.91,0.2,0.78,0.1,1.303,NA,NA,NA,-0.05,-0.05
BL-20140505,BL-20140505-16SV4V5-022-3-SRF,BL-20140505-16SV4V5-3-200-SRF,BL-20140505-18SV4-022-3-SRF,BL-20140505-18SV4-3-200-SRF,Blanes Bay Microbial Observatory,BBMO,41.6694,2.8003,05/05/2014,2014-05-05,125,14,May,5,Spring,14.14,751433,24468.4696941298,1348.51862313134,777249.628750726,0.29,0.370510101318359,3.37,NA,52.6,16,37.6,16.22,37.85,0.16,0.24,0.1,0.05,0.986,NA,NA,NA,-1.13,-1.13
BL-20140602,BL-20140602-16SV4V5-022-3-SRF,BL-20140602-16SV4V5-3-200-SRF,BL-20140602-18SV4-022-3-SRF,BL-20140602-18SV4-3-200-SRF,Blanes Bay Microbial Observatory,BBMO,41.6694,2.8003,02/06/2014,2014-06-02,153,15,Jun,6,Spring,15,816854,31461.9499954854,1466.99312748913,849783.417426446,0.26,0.343009054660797,1.37,NA,63.8,15,35.25,17.53,37.81,1.56,0.08,0.1,0.06,0.935,NA,NA,NA,-0.89,-0.89
BL-20140621,BL-20140621-16SV4V5-022-3-SRF,,BL-20140621-18SV4-022-3-SRF,BL-20140621-18SV4-3-200-SRF,Blanes Bay Microbial Observatory,BBMO,41.6694,2.8003,21/06/2014,2014-06-21,172,16,Jun,6,Summer,15.2,678910,18171.8982419378,766.59973407983,697848.986716651,0.15,0.30230063199997,1.82,NA,63.8,17,39.95,20.66,37.83,0.23,0.04,0.19,0.08,0.909,NA,NA,NA,-0.89,-0.89
BL-20140707,BL-20140707-16SV4V5-022-3-SRF,BL-20140707-16SV4V5-3-200-SRF,BL-20140707-18SV4-022-3-SRF,BL-20140707-18SV4-3-200-SRF,Blanes Bay Microbial Observatory,BBMO,41.6694,2.8003,07/07/2014,2014-07-07,188,17,Jul,7,Summer,15.09,804632,45476.786952163,1118.53870290739,851227.362313281,0.29,0.378765240311623,1.59,NA,85.2,14,32.9,21.99,37.89,0.84,0.03,7.29,0.1,0.915,NA,NA,NA,0.18,0.18
BL-20140804,BL-20140804-16SV4V5-022-3-SRF,,BL-20140804-18SV4-022-3-SRF,BL-20140804-18SV4-3-200-SRF,Blanes Bay Microbial Observatory,BBMO,41.6694,2.8003,04/08/2014,2014-08-04,216,18,Aug,8,Summer,14.33,928517,52783.8762356421,846.74425173363,982147.306919946,0.36,0.356044113636017,4.92,NA,35.6,18,42.3,24.77,37.91,0.11,0.02,0.15,0.09,0.904,NA,NA,NA,-0.14,-0.14
BL-20140916,BL-20140916-16SV4V5-022-3-SRF,BL-20140916-16SV4V5-3-200-SRF,BL-20140916-18SV4-022-3-SRF,BL-20140916-18SV4-3-200-SRF,Blanes Bay Microbial Observatory,BBMO,41.6694,2.8003,16/09/2014,2014-09-16,259,19,Sep,9,Summer,12.5,843136,28137.6947849756,651.609773967855,871925.552296154,0.17,0.33911994099617,4.73,NA,148.2,20,47,23,NA,0.3,0.01,0.11,0.08,0.881,NA,NA,NA,-1.56,-1.56
BL-20141007,BL-20141007-16SV4V5-022-3-SRF,BL-20141007-16SV4V5-3-200-SRF,BL-20141007-18SV4-022-3-SRF,BL-20141007-18SV4-3-200-SRF,Blanes Bay Microbial Observatory,BBMO,41.6694,2.8003,07/10/2014,2014-10-07,280,20,Oct,10,Autumn,11.53,1082184,NA,NA,NA,0.3,0.456334726376967,4.48,NA,9.7,12,28.2,21.3,NA,0.17,0.03,0.21,0.08,0.87,NA,NA,NA,-0.87,-0.87
BL-20141111,BL-20141111-16SV4V5-022-3-SRF,BL-20141111-16SV4V5-3-200-SRF,BL-20141111-18SV4-022-3-SRF,BL-20141111-18SV4-3-200-SRF,Blanes Bay Microbial Observatory,BBMO,41.6694,2.8003,11/11/2014,2014-11-11,315,21,Nov,11,Autumn,10.03,814346,23398.7146106639,306.639893631932,838051.756342988,0.2,0.437129424677955,1.44,NA,111.6,15,35.25,18.94,38.17,0.07,0.03,0.19,0.05,0.814,NA,NA,NA,-2.18,-2.18
BL-20141216,BL-20141216-16SV4V5-022-3-SRF,BL-20141216-16SV4V5-3-200-SRF,BL-20141216-18SV4-022-3-SRF,BL-20141216-18SV4-3-200-SRF,Blanes Bay Microbial Observatory,BBMO,41.6694,2.8003,16/12/2014,2014-12-16,350,22,Dec,12,Autumn,9.17,566189,5056.07370068106,1874.68480424977,573119.286187686,0.44,0.61149151623249,7.6,NA,38.1,11,25.85,15.88,37.78,0.03,0.32,0.81,0.07,1.233,NA,NA,NA,0.6,0.6
BL-20150113,BL-20150113-16SV4V5-022-3-SRF,BL-20150113-16SV4V5-3-200-SRF,BL-20150113-18SV4-022-3-SRF,BL-20150113-18SV4-3-200-SRF,Blanes Bay Microbial Observatory,BBMO,41.6694,2.8003,13/01/2015,2015-01-13,13,23,Jan,1,Winter,9.42,765150,7580.54627224023,6892.14631522325,779622.210317084,0.6,0.601285322039735,0.37,NA,23.5,13,30.55,14.47,37.82,2.62,0.29,3,0.12,1.742,NA,NA,NA,1.04,1.04
BL-20150210,BL-20150210-16SV4V5-022-3-SRF,BL-20150210-16SV4V5-3-200-SRF,BL-20150210-18SV4-022-3-SRF,BL-20150210-18SV4-3-200-SRF,Blanes Bay Microbial Observatory,BBMO,41.6694,2.8003,10/02/2015,2015-02-10,41,24,Feb,2,Winter,10.37,870875,5227.32915838481,6396.93350157754,882499.364378435,0.7,0.697457373142242,0.3,NA,34.1,13.5,31.73,13.05,38.09,2.01,0.35,1.6,0.09,1.395,NA,NA,NA,0.75,0.75
BL-20150310,BL-20150310-16SV4V5-022-3-SRF,BL-20150310-16SV4V5-3-200-SRF,BL-20150310-18SV4-022-3-SRF,BL-20150310-18SV4-3-200-SRF,Blanes Bay Microbial Observatory,BBMO,41.6694,2.8003,10/03/2015,2015-03-10,69,25,Mar,3,Winter,11.62,736498,5291.31091221927,14574.5269006317,756363.435762295,0.61,0.54715970158577,0.2,NA,71.2,16.5,38.78,13.27,38.11,0.4,0.23,1.45,0.06,1.628,NA,NA,NA,-0.53,-0.53
BL-20150415,BL-20150415-16SV4V5-022-3-SRF,BL-20150415-16SV4V5-3-200-SRF,BL-20150415-18SV4-022-3-SRF,BL-20150415-18SV4-3-200-SRF,Blanes Bay Microbial Observatory,BBMO,41.6694,2.8003,15/04/2015,2015-04-15,105,26,Apr,4,Spring,13.29,1249152,22090.0979135431,7260.53815251852,1278502.70868232,0.33,0.270816011862321,0.18,NA,4.1,16,37.6,14.38,37.95,0.5,0.17,0.85,0.04,1.805,NA,NA,NA,-1.15,-1.15
BL-20150512,BL-20150512-16SV4V5-022-3-SRF,BL-20150512-16SV4V5-3-200-SRF,BL-20150512-18SV4-022-3-SRF,BL-20150512-18SV4-3-200-SRF,Blanes Bay Microbial Observatory,BBMO,41.6694,2.8003,12/05/2015,2015-05-12,132,27,May,5,Spring,14.4,726971,19836.8274524167,1625.62336508736,748433.285440039,0.37,0.370156645774841,0.37,NA,20.9,16,37.6,17.71,37.79,0.77,0.06,0.21,0.05,0.354,NA,NA,NA,0.11,0.11
BL-20150609,BL-20150609-16SV4V5-022-3-SRF,BL-20150609-16SV4V5-3-200-SRF,BL-20150609-18SV4-022-3-SRF,BL-20150609-18SV4-3-200-SRF,Blanes Bay Microbial Observatory,BBMO,41.6694,2.8003,09/06/2015,2015-06-09,160,28,Jun,6,Spring,15.11,786137,37038.8783338866,1042.93239266644,824218.859695153,0.33,0.349159816900889,0.26,NA,3.2,18,42.3,18.97,37.7,0.21,0.05,0.23,0.04,0.672,NA,NA,NA,-1.73,-1.73
BL-20150622,,,BL-20150622-18SV4-022-3-SRF,BL-20150622-18SV4-3-200-SRF,Blanes Bay Microbial Observatory,BBMO,41.6694,2.8003,22/06/2015,2015-06-22,173,29,Jun,6,Summer,15.2,622033,14102.8104919267,747.364508105098,636883.35342767,0.18,0.327373445034027,0.22,NA,3.2,16,37.6,20.59,37.65,0.41,0.07,0.25,0.04,0.54,NA,NA,NA,-1.73,-1.73
BL-20150707,BL-20150707-16SV4V5-022-3-SRF,BL-20150707-16SV4V5-3-200-SRF,BL-20150707-18SV4-022-3-SRF,BL-20150707-18SV4-3-200-SRF,Blanes Bay Microbial Observatory,BBMO,41.6694,2.8003,07/07/2015,2015-07-07,188,30,Jul,7,Summer,15.09,1018862,25874.8570941697,4691.08456782353,1049428.20904508,0.51,0.29787192600114,0.21,NA,24.7,15,35.25,18.9,37.87,1.27,0.16,0.4,0.08,1.036,NA,NA,NA,-1.18,-1.18
BL-20150804,BL-20150804-16SV4V5-022-3-SRF,BL-20150804-16SV4V5-3-200-SRF,BL-20150804-18SV4-022-3-SRF,BL-20150804-18SV4-3-200-SRF,Blanes Bay Microbial Observatory,BBMO,41.6694,2.8003,04/08/2015,2015-08-04,216,31,Aug,8,Summer,14.33,676615,45293.6671098497,831.812475122624,722740.565193847,0.23,0.28309278190136,0.36,NA,102.1,18,42.3,25.48,38.02,0.29,0.02,0.21,0.05,0.77,NA,NA,NA,-1.2,-1.2
BL-20150916,BL-20150916-16SV4V5-022-3-SRF,BL-20150916-16SV4V5-3-200-SRF,BL-20150916-18SV4-022-3-SRF,BL-20150916-18SV4-3-200-SRF,Blanes Bay Microbial Observatory,BBMO,41.6694,2.8003,16/09/2015,2015-09-16,259,32,Sep,9,Summer,12.5,895587,54490.0507180582,1570.73218652597,951648.16543346,0.31,0.328160983324051,0.43,NA,33.9,11.5,27.03,21.3,38.09,0.15,0.05,0.66,0.05,1.846,NA,NA,NA,-0.71,-0.71
BL-20151006,BL-20151006-16SV4V5-022-3-SRF,BL-20151006-16SV4V5-3-200-SRF,BL-20151006-18SV4-022-3-SRF,BL-20151006-18SV4-3-200-SRF,Blanes Bay Microbial Observatory,BBMO,41.6694,2.8003,06/10/2015,2015-10-06,279,33,Oct,10,Autumn,11.58,773244,31866.4403540631,2719.22453796431,807829.349959548,0.35,0.536137104034424,0.37,NA,23.9,11,25.85,19.47,38.08,0.37,0.05,0.34,0.06,1.24,NA,NA,NA,-1.2,-1.2
BL-20151110,BL-20151110-16SV4V5-022-3-SRF,BL-20151110-16SV4V5-3-200-SRF,BL-20151110-18SV4-022-3-SRF,BL-20151110-18SV4-3-200-SRF,Blanes Bay Microbial Observatory,BBMO,41.6694,2.8003,10/11/2015,2015-11-10,314,34,Nov,11,Autumn,10.07,979681,36076.1715098868,2537.66140887663,1018294.60000246,0.62,0.52524412671725,0.4,NA,39.9,16,37.6,17.64,38.2,0.38,0.06,0.24,0.05,0.994,NA,NA,NA,0.85,0.85
BL-20151215,BL-20151215-16SV4V5-022-3-SRF,BL-20151215-16SV4V5-3-200-SRF,BL-20151215-18SV4-022-3-SRF,BL-20151215-18SV4-3-200-SRF,Blanes Bay Microbial Observatory,BBMO,41.6694,2.8003,15/12/2015,2015-12-15,349,35,Dec,12,Autumn,9.18,763216,12494.0767202429,9095.04604778747,784804.635912489,0.6,0.474127843976021,0.38,NA,1.9,18,42.3,15.38,38.27,0.35,0.18,0.89,0.06,1.756,NA,NA,NA,-1.19,-1.19
BL-20160119,BL-20160119-16SV4V5-022-3-SRF,BL-20160119-16SV4V5-3-200-SRF,BL-20160119-18SV4-022-3-SRF,BL-20160119-18SV4-3-200-SRF,Blanes Bay Microbial Observatory,BBMO,41.6694,2.8003,19/01/2016,2016-01-19,19,36,Jan,1,Winter,9.58,500334,10378.6551464539,2123.86637049076,512836.670678282,1.14,0.568443953990936,0.37,NA,7.1,15,35.25,13.91,38.27,9.98,0.22,0.72,0.04,0.907,NA,NA,NA,0.94,0.94
BL-20160210,BL-20160210-16SV4V5-022-3-SRF,BL-20160210-16SV4V5-3-200-SRF,BL-20160210-18SV4-022-3-SRF,BL-20160210-18SV4-3-200-SRF,Blanes Bay Microbial Observatory,BBMO,41.6694,2.8003,10/02/2016,2016-02-10,41,37,Feb,2,Winter,10.37,780980,5045.76602929713,4365.95989480606,790391.429332272,1.52,0.618672748406728,0.39,NA,68.8,14,32.9,13.61,38.28,0.82,0.21,0.79,0.07,0.911,NA,NA,NA,1.37,1.37
BL-20160308,BL-20160308-16SV4V5-022-3-SRF,BL-20160308-16SV4V5-3-200-SRF,BL-20160308-18SV4-022-3-SRF,BL-20160308-18SV4-3-200-SRF,Blanes Bay Microbial Observatory,BBMO,41.6694,2.8003,08/03/2016,2016-03-08,68,38,Mar,3,Winter,11.58,1157904,14216.8152474004,11569.371481401,1183690.47721748,0.98,0.591067314147949,0.44,NA,21.2,14,32.9,13.33,38.27,3.53,0.38,1.18,0.05,1.311,NA,NA,NA,0.69,0.69
BL-20160405,BL-20160405-16SV4V5-022-3-SRF,BL-20160405-16SV4V5-3-200-SRF,BL-20160405-18SV4-022-3-SRF,BL-20160405-18SV4-3-200-SRF,Blanes Bay Microbial Observatory,BBMO,41.6694,2.8003,05/04/2016,2016-04-05,96,39,Apr,4,Spring,12.88,1726104,102093.369725837,18384.3224197152,1846581.57072558,0.55,0.517759776777691,0.39,NA,85.6,16,37.6,13.56,38.15,1.73,0.31,0.8,0.05,1.223,NA,NA,NA,-0.63,-0.63
BL-20160504,BL-20160504-16SV4V5-022-3-SRF,BL-20160504-16SV4V5-3-200-SRF,BL-20160504-18SV4-022-3-SRF,BL-20160504-18SV4-3-200-SRF,Blanes Bay Microbial Observatory,BBMO,41.6694,2.8003,04/05/2016,2016-05-04,125,40,May,5,Spring,14.14,1166746,59730.0470714956,1059.82198606994,1227535.98354661,0.2,0.409458100795746,0.39,NA,64.6,20,47,15.57,37.89,0.41,0.06,0.45,0.03,1.53,NA,NA,NA,-0.82,-0.82
BL-20160607,BL-20160607-16SV4V5-022-3-SRF,BL-20160607-16SV4V5-3-200-SRF,BL-20160607-18SV4-022-3-SRF,BL-20160607-18SV4-3-200-SRF,Blanes Bay Microbial Observatory,BBMO,41.6694,2.8003,07/06/2016,2016-06-07,159,41,Jun,6,Spring,15.1,825287,13216.1068382427,1258.27470856113,839761.242055592,0.2,0.34432184861766,0.46,NA,11,17,39.95,20.11,38.03,0.55,0.04,0.08,0.02,0.453,NA,NA,NA,-0.21,-0.21
BL-20160705,BL-20160705-16SV4V5-022-3-SRF,BL-20160705-16SV4V5-3-200-SRF,,,Blanes Bay Microbial Observatory,BBMO,41.6694,2.8003,05/07/2016,2016-07-05,187,42,Jul,7,Summer,15.1,898719,31203.5238129756,979.596417403293,930902.07836933,0.16,0.313672473388059,0.09,NA,1.9,20,47,23.64,37.86,0.73,0.05,0.16,0.03,0.212,NA,NA,NA,-1.68,-1.68
BL-20160802,BL-20160802-16SV4V5-022-3-SRF,BL-20160802-16SV4V5-3-200-SRF,,,Blanes Bay Microbial Observatory,BBMO,41.6694,2.8003,02/08/2016,2016-08-02,215,43,Aug,8,Summer,14.37,990059,45433.0062554286,557.356582315667,1036049.85874319,0.17,0.246779152088695,1.38,NA,8.1,18,42.3,24,NA,2.4,0.09,0.26,0.05,0.318,NA,NA,NA,-2.34,-2.34
