Sample_MatchASVtab,SampleID,SampleID_2,SampleID_3,Date_ID,RunID,RunID_2,MO,Fraction,MO_Fraction,Year,Month,Season,Season_EA
EA.20130423.16SV4V5.022.3.SRF,EA-20130423-16SV4V5-022-3-SRF,EA.20130423.022.3.SRF,EA-20130423,20130423,BL_EAMO_R03,BL_EAMO_R02,EAMO,0.2-3um,EAMO 0.2-3um,2013,Apr,Autumn,rainy
EA.20130604.16SV4V5.022.3.SRF,EA-20130604-16SV4V5-022-3-SRF,EA.20130604.022.3.SRF,EA-20130604,20130604,BL_EAMO_R03,BL_EAMO_R02,EAMO,0.2-3um,EAMO 0.2-3um,2013,May,Autumn,rainy
EA.20130625.16SV4V5.022.3.SRF,EA-20130625-16SV4V5-022-3-SRF,EA.20130625.022.3.SRF,EA-20130625,20130625,BL_EAMO_R03,BL_EAMO_R02,EAMO,0.2-3um,EAMO 0.2-3um,2013,Jun,Winter,rainy
EA.20130827.16SV4V5.022.3.SRF,EA-20130827-16SV4V5-022-3-SRF,EA.20130827.022.3.SRF,EA-20130827,20130827,BL_EAMO_R03,BL_EAMO_R02,EAMO,0.2-3um,EAMO 0.2-3um,2013,Aug,Winter,rainy
EA.20131127.16SV4V5.022.3.SRF,EA-20131127-16SV4V5-022-3-SRF,EA.20131127.022.3.SRF,EA-20131127,20131127,BL_EAMO_R03,BL_EAMO_R02,EAMO,0.2-3um,EAMO 0.2-3um,2013,Nov,Spring,dry
EA.20131230.16SV4V5.022.3.SRF,EA-20131230-16SV4V5-022-3-SRF,EA.20131230.022.3.SRF,EA-20131230,20131230,BL_EAMO_R03,BL_EAMO_R02,EAMO,0.2-3um,EAMO 0.2-3um,2013,Dec,Summer,dry
EA.20140211.16SV4V5.022.3.SRF,EA-20140211-16SV4V5-022-3-SRF,EA.20140211.022.3.SRF,EA-20140211,20140211,BL_EAMO_R03,BL_EAMO_R02,EAMO,0.2-3um,EAMO 0.2-3um,2014,Feb,Summer,dry
EA.20140326.16SV4V5.022.3.SRF,EA-20140326-16SV4V5-022-3-SRF,EA.20140326.022.3.SRF,EA-20140326,20140326,BL_EAMO_R03,BL_EAMO_R02,EAMO,0.2-3um,EAMO 0.2-3um,2014,Mar,Autumn,dry
EA.20140415.16SV4V5.022.3.SRF,EA-20140415-16SV4V5-022-3-SRF,EA.20140415.022.3.SRF,EA-20140415,20140415,BL_EAMO_R03,BL_EAMO_R02,EAMO,0.2-3um,EAMO 0.2-3um,2014,Apr,Autumn,rainy
EA.20140514.16SV4V5.022.3.SRF,EA-20140514-16SV4V5-022-3-SRF,EA.20140514.022.3.SRF,EA-20140514,20140514,BL_EAMO_R03,BL_EAMO_R02,EAMO,0.2-3um,EAMO 0.2-3um,2014,May,Autumn,rainy
EA.20140707.16SV4V5.022.3.SRF,EA-20140707-16SV4V5-022-3-SRF,EA.20140707.022.3.SRF,EA-20140707,20140707,BL_EAMO_R03,BL_EAMO_R02,EAMO,0.2-3um,EAMO 0.2-3um,2014,Jun,Winter,rainy
EA.20140729.16SV4V5.022.3.SRF,EA-20140729-16SV4V5-022-3-SRF,EA.20140729.022.3.SRF,EA-20140729,20140729,BL_EAMO_R03,BL_EAMO_R02,EAMO,0.2-3um,EAMO 0.2-3um,2014,Jul,Winter,rainy
EA.20140826.16SV4V5.022.3.SRF,EA-20140826-16SV4V5-022-3-SRF,EA.20140826.022.3.SRF,EA-20140826,20140826,BL_EAMO_R03,BL_EAMO_R02,EAMO,0.2-3um,EAMO 0.2-3um,2014,Aug,Winter,rainy
EA.20140930.16SV4V5.022.3.SRF,EA-20140930-16SV4V5-022-3-SRF,EA.20140930.022.3.SRF,EA-20140930,20140930,BL_EAMO_R03,BL_EAMO_R02,EAMO,0.2-3um,EAMO 0.2-3um,2014,Sep,Spring,dry
EA.20141029.16SV4V5.022.3.SRF,EA-20141029-16SV4V5-022-3-SRF,EA.20141029.022.3.SRF,EA-20141029,20141029,BL_EAMO_R03,BL_EAMO_R02,EAMO,0.2-3um,EAMO 0.2-3um,2014,Oct,Spring,dry
EA.20141125.16SV4V5.022.3.SRF,EA-20141125-16SV4V5-022-3-SRF,EA.20141125.022.3.SRF,EA-20141125,20141125,BL_EAMO_R03,BL_EAMO_R02,EAMO,0.2-3um,EAMO 0.2-3um,2014,Nov,Spring,dry
EA.20150115.16SV4V5.022.3.SRF,EA-20150115-16SV4V5-022-3-SRF,EA.20150115.022.3.SRF,EA-20150115,20150115,BL_EAMO_R03,BL_EAMO_R02,EAMO,0.2-3um,EAMO 0.2-3um,2015,Jan,Summer,dry
EA.20150227.16SV4V5.022.3.SRF,EA-20150227-16SV4V5-022-3-SRF,EA.20150227.022.3.SRF,EA-20150227,20150227,BL_EAMO_R03,BL_EAMO_R02,EAMO,0.2-3um,EAMO 0.2-3um,2015,Feb,Summer,dry
EA.20150328.16SV4V5.022.3.SRF,EA-20150328-16SV4V5-022-3-SRF,EA.20150328.022.3.SRF,EA-20150328,20150328,BL_EAMO_R03,BL_EAMO_R02,EAMO,0.2-3um,EAMO 0.2-3um,2015,Mar,Autumn,dry
EA.20150425.16SV4V5.022.3.SRF,EA-20150425-16SV4V5-022-3-SRF,EA.20150425.022.3.SRF,EA-20150425,20150425,BL_EAMO_R03,BL_EAMO_R02,EAMO,0.2-3um,EAMO 0.2-3um,2015,Apr,Autumn,rainy
EA.20150516.16SV4V5.022.3.SRF,EA-20150516-16SV4V5-022-3-SRF,EA.20150516.022.3.SRF,EA-20150516,20150516,BL_EAMO_R03,BL_EAMO_R02,EAMO,0.2-3um,EAMO 0.2-3um,2015,May,Autumn,rainy
EA.20150627.16SV4V5.022.3.SRF,EA-20150627-16SV4V5-022-3-SRF,EA.20150627.022.3.SRF,EA-20150627,20150627,BL_EAMO_R03,BL_EAMO_R02,EAMO,0.2-3um,EAMO 0.2-3um,2015,Jun,Winter,rainy
EA.20150801.16SV4V5.022.3.SRF,EA-20150801-16SV4V5-022-3-SRF,EA.20150801.022.3.SRF,EA-20150801,20150801,BL_EAMO_R03,BL_EAMO_R02,EAMO,0.2-3um,EAMO 0.2-3um,2015,Jul,Winter,rainy
EA.20150829.16SV4V5.022.3.SRF,EA-20150829-16SV4V5-022-3-SRF,EA.20150829.022.3.SRF,EA-20150829,20150829,BL_EAMO_R03,BL_EAMO_R02,EAMO,0.2-3um,EAMO 0.2-3um,2015,Aug,Winter,rainy
EA.20151006.16SV4V5.022.3.SRF,EA-20151006-16SV4V5-022-3-SRF,EA.20151006.022.3.SRF,EA-20151006,20151006,BL_EAMO_R03,BL_EAMO_R02,EAMO,0.2-3um,EAMO 0.2-3um,2015,Oct,Spring,dry
EA.20151208.16SV4V5.022.3.SRF,EA-20151208-16SV4V5-022-3-SRF,EA.20151208.022.3.SRF,EA-20151208,20151208,BL_EAMO_R03,BL_EAMO_R02,EAMO,0.2-3um,EAMO 0.2-3um,2015,Dec,Spring,dry
EA.20160225.16SV4V5.022.3.SRF,EA-20160225-16SV4V5-022-3-SRF,EA.20160225.022.3.SRF,EA-20160225,20160225,BL_EAMO_R03,BL_EAMO_R02,EAMO,0.2-3um,EAMO 0.2-3um,2016,Feb,Summer,dry
EA.20160322.16SV4V5.022.3.SRF,EA-20160322-16SV4V5-022-3-SRF,EA.20160322.022.3.SRF,EA-20160322,20160322,BL_EAMO_R03,BL_EAMO_R02,EAMO,0.2-3um,EAMO 0.2-3um,2016,Mar,Autumn,dry
EA.20160502.16SV4V5.022.3.SRF,EA-20160502-16SV4V5-022-3-SRF,EA.20160502.022.3.SRF,EA-20160502,20160502,BL_EAMO_R03,BL_EAMO_R02,EAMO,0.2-3um,EAMO 0.2-3um,2016,May,Autumn,rainy
EA.20160611.16SV4V5.022.3.SRF,EA-20160611-16SV4V5-022-3-SRF,EA.20160611.022.3.SRF,EA-20160611,20160611,BL_EAMO_R03,BL_EAMO_R02,EAMO,0.2-3um,EAMO 0.2-3um,2016,Jun,Winter,rainy
EA.20160822.16SV4V5.022.3.SRF,EA-20160822-16SV4V5-022-3-SRF,EA.20160822.022.3.SRF,EA-20160822,20160822,BL_EAMO_R03,BL_EAMO_R02,EAMO,0.2-3um,EAMO 0.2-3um,2016,Aug,Winter,rainy
BL.20130206.16SV4V5.022.3.SRF,BL-20130206-16SV4V5-022-3-SRF,BL.20130206.022.3.SRF,BL-20130206,20130206,BL_2013_R01,BL_2013_R01,BBMO,0.2-3um,BBMO 0.2-3um,2013,Feb,Winter,
BL.20130417.16SV4V5.022.3.SRF,BL-20130417-16SV4V5-022-3-SRF,BL.20130417.022.3.SRF,BL-20130417,20130417,BL_2013_R02,BL_2013_R01,BBMO,0.2-3um,BBMO 0.2-3um,2013,Apr,Spring,
BL.20130507.16SV4V5.022.3.SRF,BL-20130507-16SV4V5-022-3-SRF,BL.20130507.022.3.SRF,BL-20130507,20130507,BL_2013_R01,BL_2013_R01,BBMO,0.2-3um,BBMO 0.2-3um,2013,May,Spring,
BL.20130604.16SV4V5.022.3.SRF,BL-20130604-16SV4V5-022-3-SRF,BL.20130604.022.3.SRF,BL-20130604,20130604,BL_2013_R02,BL_2013_R01,BBMO,0.2-3um,BBMO 0.2-3um,2013,Jun,Spring,
BL.20130709.16SV4V5.022.3.SRF,BL-20130709-16SV4V5-022-3-SRF,BL.20130709.022.3.SRF,BL-20130709,20130709,BL_2013_R02,BL_2013_R01,BBMO,0.2-3um,BBMO 0.2-3um,2013,Jul,Summer,
BL.20130801.16SV4V5.022.3.SRF,BL-20130801-16SV4V5-022-3-SRF,BL.20130801.022.3.SRF,BL-20130801,20130801,BL_2013_R01,BL_2013_R01,BBMO,0.2-3um,BBMO 0.2-3um,2013,Aug,Summer,
BL.20130917.16SV4V5.022.3.SRF,BL-20130917-16SV4V5-022-3-SRF,BL.20130917.022.3.SRF,BL-20130917,20130917,BL_2013_R02,BL_2013_R01,BBMO,0.2-3um,BBMO 0.2-3um,2013,Sep,Summer,
BL.20131015.16SV4V5.022.3.SRF,BL-20131015-16SV4V5-022-3-SRF,BL.20131015.022.3.SRF,BL-20131015,20131015,BL_2013_R02,BL_2013_R01,BBMO,0.2-3um,BBMO 0.2-3um,2013,Oct,Autumn,
BL.20131105.16SV4V5.022.3.SRF,BL-20131105-16SV4V5-022-3-SRF,BL.20131105.022.3.SRF,BL-20131105,20131105,BL_2013_R01,BL_2013_R01,BBMO,0.2-3um,BBMO 0.2-3um,2013,Nov,Autumn,
BL.20131204.16SV4V5.022.3.SRF,BL-20131204-16SV4V5-022-3-SRF,BL.20131204.022.3.SRF,BL-20131204,20131204,BL_2013_R02,BL_2013_R01,BBMO,0.2-3um,BBMO 0.2-3um,2013,Dec,Autumn,
BL.20140114.16SV4V5.022.3.SRF,BL-20140114-16SV4V5-022-3-SRF,BL.20140114.022.3.SRF,BL-20140114,20140114,BL_EAMO_R03,BL_EAMO_R02,BBMO,0.2-3um,BBMO 0.2-3um,2014,Jan,Winter,
BL.20140211.16SV4V5.022.3.SRF,BL-20140211-16SV4V5-022-3-SRF,BL.20140211.022.3.SRF,BL-20140211,20140211,BL_EAMO_R03,BL_EAMO_R02,BBMO,0.2-3um,BBMO 0.2-3um,2014,Feb,Winter,
BL.20140310.16SV4V5.022.3.SRF,BL-20140310-16SV4V5-022-3-SRF,BL.20140310.022.3.SRF,BL-20140310,20140310,BL_EAMO_R03,BL_EAMO_R02,BBMO,0.2-3um,BBMO 0.2-3um,2014,Mar,Winter,
BL.20140505.16SV4V5.022.3.SRF,BL-20140505-16SV4V5-022-3-SRF,BL.20140505.022.3.SRF,BL-20140505,20140505,BL_EAMO_R03,BL_EAMO_R02,BBMO,0.2-3um,BBMO 0.2-3um,2014,May,Spring,
BL.20140602.16SV4V5.022.3.SRF,BL-20140602-16SV4V5-022-3-SRF,BL.20140602.022.3.SRF,BL-20140602,20140602,BL_EAMO_R03,BL_EAMO_R02,BBMO,0.2-3um,BBMO 0.2-3um,2014,Jun,Spring,
BL.20140621.16SV4V5.022.3.SRF,BL-20140621-16SV4V5-022-3-SRF,BL.20140621.022.3.SRF,BL-20140621,20140621,BL_EAMO_R03,BL_EAMO_R02,BBMO,0.2-3um,BBMO 0.2-3um,2014,Jun,Summer,
BL.20140707.16SV4V5.022.3.SRF,BL-20140707-16SV4V5-022-3-SRF,BL.20140707.022.3.SRF,BL-20140707,20140707,BL_EAMO_R03,BL_EAMO_R02,BBMO,0.2-3um,BBMO 0.2-3um,2014,Jul,Summer,
BL.20140804.16SV4V5.022.3.SRF,BL-20140804-16SV4V5-022-3-SRF,BL.20140804.022.3.SRF,BL-20140804,20140804,BL_EAMO_R03,BL_EAMO_R02,BBMO,0.2-3um,BBMO 0.2-3um,2014,Aug,Summer,
BL.20140916.16SV4V5.022.3.SRF,BL-20140916-16SV4V5-022-3-SRF,BL.20140916.022.3.SRF,BL-20140916,20140916,BL_EAMO_R03,BL_EAMO_R02,BBMO,0.2-3um,BBMO 0.2-3um,2014,Sep,Summer,
BL.20141007.16SV4V5.022.3.SRF,BL-20141007-16SV4V5-022-3-SRF,BL.20141007.022.3.SRF,BL-20141007,20141007,BL_EAMO_R03,BL_EAMO_R02,BBMO,0.2-3um,BBMO 0.2-3um,2014,Oct,Autumn,
BL.20141111.16SV4V5.022.3.SRF,BL-20141111-16SV4V5-022-3-SRF,BL.20141111.022.3.SRF,BL-20141111,20141111,BL_EAMO_R03,BL_EAMO_R02,BBMO,0.2-3um,BBMO 0.2-3um,2014,Nov,Autumn,
BL.20141216.16SV4V5.022.3.SRF,BL-20141216-16SV4V5-022-3-SRF,BL.20141216.022.3.SRF,BL-20141216,20141216,BL_EAMO_R03,BL_EAMO_R02,BBMO,0.2-3um,BBMO 0.2-3um,2014,Dec,Autumn,
BL.20150113.16SV4V5.022.3.SRF,BL-20150113-16SV4V5-022-3-SRF,BL.20150113.022.3.SRF,BL-20150113,20150113,BL_EAMO_R03,BL_EAMO_R02,BBMO,0.2-3um,BBMO 0.2-3um,2015,Jan,Winter,
BL.20150210.16SV4V5.022.3.SRF,BL-20150210-16SV4V5-022-3-SRF,BL.20150210.022.3.SRF,BL-20150210,20150210,BL_EAMO_R03,BL_EAMO_R02,BBMO,0.2-3um,BBMO 0.2-3um,2015,Feb,Winter,
BL.20150310.16SV4V5.022.3.SRF,BL-20150310-16SV4V5-022-3-SRF,BL.20150310.022.3.SRF,BL-20150310,20150310,BL_EAMO_R03,BL_EAMO_R02,BBMO,0.2-3um,BBMO 0.2-3um,2015,Mar,Winter,
BL.20150415.16SV4V5.022.3.SRF,BL-20150415-16SV4V5-022-3-SRF,BL.20150415.022.3.SRF,BL-20150415,20150415,BL_EAMO_R03,BL_EAMO_R02,BBMO,0.2-3um,BBMO 0.2-3um,2015,Apr,Spring,
BL.20150512.16SV4V5.022.3.SRF,BL-20150512-16SV4V5-022-3-SRF,BL.20150512.022.3.SRF,BL-20150512,20150512,BL_EAMO_R03,BL_EAMO_R02,BBMO,0.2-3um,BBMO 0.2-3um,2015,May,Spring,
BL.20150609.16SV4V5.022.3.SRF,BL-20150609-16SV4V5-022-3-SRF,BL.20150609.022.3.SRF,BL-20150609,20150609,BL_EAMO_R03,BL_EAMO_R02,BBMO,0.2-3um,BBMO 0.2-3um,2015,Jun,Spring,
BL.20150707.16SV4V5.022.3.SRF,BL-20150707-16SV4V5-022-3-SRF,BL.20150707.022.3.SRF,BL-20150707,20150707,BL_EAMO_R03,BL_EAMO_R02,BBMO,0.2-3um,BBMO 0.2-3um,2015,Jul,Summer,
BL.20150804.16SV4V5.022.3.SRF,BL-20150804-16SV4V5-022-3-SRF,BL.20150804.022.3.SRF,BL-20150804,20150804,BL_EAMO_R03,BL_EAMO_R02,BBMO,0.2-3um,BBMO 0.2-3um,2015,Aug,Summer,
BL.20150916.16SV4V5.022.3.SRF,BL-20150916-16SV4V5-022-3-SRF,BL.20150916.022.3.SRF,BL-20150916,20150916,BL_EAMO_R03,BL_EAMO_R02,BBMO,0.2-3um,BBMO 0.2-3um,2015,Sep,Summer,
BL.20151006.16SV4V5.022.3.SRF,BL-20151006-16SV4V5-022-3-SRF,BL.20151006.022.3.SRF,BL-20151006,20151006,BL_EAMO_R03,BL_EAMO_R02,BBMO,0.2-3um,BBMO 0.2-3um,2015,Oct,Autumn,
BL.20151110.16SV4V5.022.3.SRF,BL-20151110-16SV4V5-022-3-SRF,BL.20151110.022.3.SRF,BL-20151110,20151110,BL_EAMO_R03,BL_EAMO_R02,BBMO,0.2-3um,BBMO 0.2-3um,2015,Nov,Autumn,
BL.20151215.16SV4V5.022.3.SRF,BL-20151215-16SV4V5-022-3-SRF,BL.20151215.022.3.SRF,BL-20151215,20151215,BL_EAMO_R03,BL_EAMO_R02,BBMO,0.2-3um,BBMO 0.2-3um,2015,Dec,Autumn,
BL.20160119.16SV4V5.022.3.SRF,BL-20160119-16SV4V5-022-3-SRF,BL.20160119.022.3.SRF,BL-20160119,20160119,BL_EAMO_R03,BL_EAMO_R02,BBMO,0.2-3um,BBMO 0.2-3um,2016,Jan,Winter,
BL.20160210.16SV4V5.022.3.SRF,BL-20160210-16SV4V5-022-3-SRF,BL.20160210.022.3.SRF,BL-20160210,20160210,BL_EAMO_R03,BL_EAMO_R02,BBMO,0.2-3um,BBMO 0.2-3um,2016,Feb,Winter,
BL.20160308.16SV4V5.022.3.SRF,BL-20160308-16SV4V5-022-3-SRF,BL.20160308.022.3.SRF,BL-20160308,20160308,BL_EAMO_R03,BL_EAMO_R02,BBMO,0.2-3um,BBMO 0.2-3um,2016,Mar,Winter,
BL.20160405.16SV4V5.022.3.SRF,BL-20160405-16SV4V5-022-3-SRF,BL.20160405.022.3.SRF,BL-20160405,20160405,BL_EAMO_R03,BL_EAMO_R02,BBMO,0.2-3um,BBMO 0.2-3um,2016,Apr,Spring,
BL.20160504.16SV4V5.022.3.SRF,BL-20160504-16SV4V5-022-3-SRF,BL.20160504.022.3.SRF,BL-20160504,20160504,BL_EAMO_R03,BL_EAMO_R02,BBMO,0.2-3um,BBMO 0.2-3um,2016,May,Spring,
BL.20160607.16SV4V5.022.3.SRF,BL-20160607-16SV4V5-022-3-SRF,BL.20160607.022.3.SRF,BL-20160607,20160607,BL_EAMO_R03,BL_EAMO_R02,BBMO,0.2-3um,BBMO 0.2-3um,2016,Jun,Spring,
BL.20160705.16SV4V5.022.3.SRF,BL-20160705-16SV4V5-022-3-SRF,BL.20160705.022.3.SRF,BL-20160705,20160705,BL_EAMO_R03,BL_EAMO_R02,BBMO,0.2-3um,BBMO 0.2-3um,2016,Jul,Summer,
BL.20160802.16SV4V5.022.3.SRF,BL-20160802-16SV4V5-022-3-SRF,BL.20160802.022.3.SRF,BL-20160802,20160802,BL_EAMO_R03,BL_EAMO_R02,BBMO,0.2-3um,BBMO 0.2-3um,2016,Aug,Summer,
EA.20130423.16SV4V5.3.200.SRF,EA-20130423-16SV4V5-3-200-SRF,EA.20130423.3.200.SRF,EA-20130423,20130423,BL_EAMO_R03,BL_EAMO_R02,EAMO,>3um,EAMO >3um,2013,Apr,Autumn,rainy
EA.20130604.16SV4V5.3.200.SRF,EA-20130604-16SV4V5-3-200-SRF,EA.20130604.3.200.SRF,EA-20130604,20130604,BL_EAMO_R03,BL_EAMO_R02,EAMO,>3um,EAMO >3um,2013,May,Autumn,rainy
EA.20130625.16SV4V5.3.200.SRF,EA-20130625-16SV4V5-3-200-SRF,EA.20130625.3.200.SRF,EA-20130625,20130625,BL_EAMO_R03,BL_EAMO_R02,EAMO,>3um,EAMO >3um,2013,Jun,Winter,rainy
EA.20130827.16SV4V5.3.200.SRF,EA-20130827-16SV4V5-3-200-SRF,EA.20130827.3.200.SRF,EA-20130827,20130827,BL_EAMO_R03,BL_EAMO_R02,EAMO,>3um,EAMO >3um,2013,Aug,Winter,rainy
EA.20131127.16SV4V5.3.200.SRF,EA-20131127-16SV4V5-3-200-SRF,EA.20131127.3.200.SRF,EA-20131127,20131127,BL_EAMO_R03,BL_EAMO_R02,EAMO,>3um,EAMO >3um,2013,Nov,Spring,dry
EA.20131230.16SV4V5.3.200.SRF,EA-20131230-16SV4V5-3-200-SRF,EA.20131230.3.200.SRF,EA-20131230,20131230,BL_EAMO_R03,BL_EAMO_R02,EAMO,>3um,EAMO >3um,2013,Dec,Summer,dry
EA.20140211.16SV4V5.3.200.SRF,EA-20140211-16SV4V5-3-200-SRF,EA.20140211.3.200.SRF,EA-20140211,20140211,BL_EAMO_R03,BL_EAMO_R02,EAMO,>3um,EAMO >3um,2014,Feb,Summer,dry
EA.20140326.16SV4V5.3.200.SRF,EA-20140326-16SV4V5-3-200-SRF,EA.20140326.3.200.SRF,EA-20140326,20140326,BL_EAMO_R03,BL_EAMO_R02,EAMO,>3um,EAMO >3um,2014,Mar,Autumn,dry
EA.20140415.16SV4V5.3.200.SRF,EA-20140415-16SV4V5-3-200-SRF,EA.20140415.3.200.SRF,EA-20140415,20140415,BL_EAMO_R03,BL_EAMO_R02,EAMO,>3um,EAMO >3um,2014,Apr,Autumn,rainy
EA.20140514.16SV4V5.3.200.SRF,EA-20140514-16SV4V5-3-200-SRF,EA.20140514.3.200.SRF,EA-20140514,20140514,BL_EAMO_R03,BL_EAMO_R02,EAMO,>3um,EAMO >3um,2014,May,Autumn,rainy
EA.20140826.16SV4V5.3.200.SRF,EA-20140826-16SV4V5-3-200-SRF,EA.20140826.3.200.SRF,EA-20140826,20140826,BL_EAMO_R03,BL_EAMO_R02,EAMO,>3um,EAMO >3um,2014,Aug,Winter,rainy
EA.20140930.16SV4V5.3.200.SRF,EA-20140930-16SV4V5-3-200-SRF,EA.20140930.3.200.SRF,EA-20140930,20140930,BL_EAMO_R03,BL_EAMO_R02,EAMO,>3um,EAMO >3um,2014,Sep,Spring,dry
EA.20141029.16SV4V5.3.200.SRF,EA-20141029-16SV4V5-3-200-SRF,EA.20141029.3.200.SRF,EA-20141029,20141029,BL_EAMO_R03,BL_EAMO_R02,EAMO,>3um,EAMO >3um,2014,Oct,Spring,dry
EA.20141125.16SV4V5.3.200.SRF,EA-20141125-16SV4V5-3-200-SRF,EA.20141125.3.200.SRF,EA-20141125,20141125,BL_EAMO_R03,BL_EAMO_R02,EAMO,>3um,EAMO >3um,2014,Nov,Spring,dry
EA.20150115.16SV4V5.3.200.SRF,EA-20150115-16SV4V5-3-200-SRF,EA.20150115.3.200.SRF,EA-20150115,20150115,BL_EAMO_R03,BL_EAMO_R02,EAMO,>3um,EAMO >3um,2015,Jan,Summer,dry
EA.20150227.16SV4V5.3.200.SRF,EA-20150227-16SV4V5-3-200-SRF,EA.20150227.3.200.SRF,EA-20150227,20150227,BL_EAMO_R03,BL_EAMO_R02,EAMO,>3um,EAMO >3um,2015,Feb,Summer,dry
EA.20150328.16SV4V5.3.200.SRF,EA-20150328-16SV4V5-3-200-SRF,EA.20150328.3.200.SRF,EA-20150328,20150328,BL_EAMO_R03,BL_EAMO_R02,EAMO,>3um,EAMO >3um,2015,Mar,Autumn,dry
EA.20150425.16SV4V5.3.200.SRF,EA-20150425-16SV4V5-3-200-SRF,EA.20150425.3.200.SRF,EA-20150425,20150425,BL_EAMO_R03,BL_EAMO_R02,EAMO,>3um,EAMO >3um,2015,Apr,Autumn,rainy
EA.20150516.16SV4V5.3.200.SRF,EA-20150516-16SV4V5-3-200-SRF,EA.20150516.3.200.SRF,EA-20150516,20150516,BL_EAMO_R03,BL_EAMO_R02,EAMO,>3um,EAMO >3um,2015,May,Autumn,rainy
EA.20150627.16SV4V5.3.200.SRF,EA-20150627-16SV4V5-3-200-SRF,EA.20150627.3.200.SRF,EA-20150627,20150627,BL_EAMO_R03,BL_EAMO_R02,EAMO,>3um,EAMO >3um,2015,Jun,Winter,rainy
EA.20150801.16SV4V5.3.200.SRF,EA-20150801-16SV4V5-3-200-SRF,EA.20150801.3.200.SRF,EA-20150801,20150801,BL_EAMO_R03,BL_EAMO_R02,EAMO,>3um,EAMO >3um,2015,Jul,Winter,rainy
EA.20150829.16SV4V5.3.200.SRF,EA-20150829-16SV4V5-3-200-SRF,EA.20150829.3.200.SRF,EA-20150829,20150829,BL_EAMO_R03,BL_EAMO_R02,EAMO,>3um,EAMO >3um,2015,Aug,Winter,rainy
EA.20151006.16SV4V5.3.200.SRF,EA-20151006-16SV4V5-3-200-SRF,EA.20151006.3.200.SRF,EA-20151006,20151006,BL_EAMO_R03,BL_EAMO_R02,EAMO,>3um,EAMO >3um,2015,Oct,Spring,dry
EA.20151208.16SV4V5.3.200.SRF,EA-20151208-16SV4V5-3-200-SRF,EA.20151208.3.200.SRF,EA-20151208,20151208,BL_EAMO_R03,BL_EAMO_R02,EAMO,>3um,EAMO >3um,2015,Dec,Spring,dry
EA.20160225.16SV4V5.3.200.SRF,EA-20160225-16SV4V5-3-200-SRF,EA.20160225.3.200.SRF,EA-20160225,20160225,BL_EAMO_R03,BL_EAMO_R02,EAMO,>3um,EAMO >3um,2016,Feb,Summer,dry
EA.20160322.16SV4V5.3.200.SRF,EA-20160322-16SV4V5-3-200-SRF,EA.20160322.3.200.SRF,EA-20160322,20160322,BL_EAMO_R03,BL_EAMO_R02,EAMO,>3um,EAMO >3um,2016,Mar,Autumn,dry
EA.20160502.16SV4V5.3.200.SRF,EA-20160502-16SV4V5-3-200-SRF,EA.20160502.3.200.SRF,EA-20160502,20160502,BL_EAMO_R03,BL_EAMO_R02,EAMO,>3um,EAMO >3um,2016,May,Autumn,rainy
EA.20160611.16SV4V5.3.200.SRF,EA-20160611-16SV4V5-3-200-SRF,EA.20160611.3.200.SRF,EA-20160611,20160611,BL_EAMO_R03,BL_EAMO_R02,EAMO,>3um,EAMO >3um,2016,Jun,Autumn,rainy
EA.20160822.16SV4V5.3.200.SRF,EA-20160822-16SV4V5-3-200-SRF,EA.20160822.3.200.SRF,EA-20160822,20160822,BL_EAMO_R03,BL_EAMO_R02,EAMO,>3um,EAMO >3um,2016,Aug,Winter,rainy
BL.20130417.16SV4V5.3.200.SRF,BL-20130417-16SV4V5-3-200-SRF,BL.20130417.3.200.SRF,BL-20130417,20130417,BL_2013_R02,BL_2013_R01,BBMO,>3um,BBMO >3um,2013,Apr,Spring,
BL.20130507.16SV4V5.3.200.SRF,BL-20130507-16SV4V5-3-200-SRF,BL.20130507.3.200.SRF,BL-20130507,20130507,BL_2013_R02,BL_2013_R01,BBMO,>3um,BBMO >3um,2013,May,Spring,
BL.20130604.16SV4V5.3.200.SRF,BL-20130604-16SV4V5-3-200-SRF,BL.20130604.3.200.SRF,BL-20130604,20130604,BL_2013_R02,BL_2013_R01,BBMO,>3um,BBMO >3um,2013,Jun,Spring,
BL.20130709.16SV4V5.3.200.SRF,BL-20130709-16SV4V5-3-200-SRF,BL.20130709.3.200.SRF,BL-20130709,20130709,BL_2013_R02,BL_2013_R01,BBMO,>3um,BBMO >3um,2013,Jul,Summer,
BL.20130801.16SV4V5.3.200.SRF,BL-20130801-16SV4V5-3-200-SRF,BL.20130801.3.200.SRF,BL-20130801,20130801,BL_2013_R02,BL_2013_R01,BBMO,>3um,BBMO >3um,2013,Aug,Summer,
BL.20130917.16SV4V5.3.200.SRF,BL-20130917-16SV4V5-3-200-SRF,BL.20130917.3.200.SRF,BL-20130917,20130917,BL_2013_R02,BL_2013_R01,BBMO,>3um,BBMO >3um,2013,Sep,Summer,
BL.20131015.16SV4V5.3.200.SRF,BL-20131015-16SV4V5-3-200-SRF,BL.20131015.3.200.SRF,BL-20131015,20131015,BL_2013_R02,BL_2013_R01,BBMO,>3um,BBMO >3um,2013,Oct,Autumn,
BL.20131105.16SV4V5.3.200.SRF,BL-20131105-16SV4V5-3-200-SRF,BL.20131105.3.200.SRF,BL-20131105,20131105,BL_2013_R02,BL_2013_R01,BBMO,>3um,BBMO >3um,2013,Nov,Autumn,
BL.20131204.16SV4V5.3.200.SRF,BL-20131204-16SV4V5-3-200-SRF,BL.20131204.3.200.SRF,BL-20131204,20131204,BL_2013_R02,BL_2013_R01,BBMO,>3um,BBMO >3um,2013,Dec,Autumn,
BL.20140114.16SV4V5.3.200.SRF,BL-20140114-16SV4V5-3-200-SRF,BL.20140114.3.200.SRF,BL-20140114,20140114,BL_EAMO_R03,BL_EAMO_R02,BBMO,>3um,BBMO >3um,2014,Jan,Winter,
BL.20140211.16SV4V5.3.200.SRF,BL-20140211-16SV4V5-3-200-SRF,BL.20140211.3.200.SRF,BL-20140211,20140211,BL_EAMO_R03,BL_EAMO_R02,BBMO,>3um,BBMO >3um,2014,Feb,Winter,
BL.20140310.16SV4V5.3.200.SRF,BL-20140310-16SV4V5-3-200-SRF,BL.20140310.3.200.SRF,BL-20140310,20140310,BL_EAMO_R03,BL_EAMO_R02,BBMO,>3um,BBMO >3um,2014,Mar,Winter,
BL.20140407.16SV4V5.3.200.SRF,BL-20140407-16SV4V5-3-200-SRF,BL.20140407.3.200.SRF,BL-20140407,20140407,BL_EAMO_R03,BL_EAMO_R02,BBMO,>3um,BBMO >3um,2014,Apr,Spring,
BL.20140505.16SV4V5.3.200.SRF,BL-20140505-16SV4V5-3-200-SRF,BL.20140505.3.200.SRF,BL-20140505,20140505,BL_EAMO_R03,BL_EAMO_R02,BBMO,>3um,BBMO >3um,2014,May,Spring,
BL.20140602.16SV4V5.3.200.SRF,BL-20140602-16SV4V5-3-200-SRF,BL.20140602.3.200.SRF,BL-20140602,20140602,BL_EAMO_R03,BL_EAMO_R02,BBMO,>3um,BBMO >3um,2014,Jun,Spring,
BL.20140707.16SV4V5.3.200.SRF,BL-20140707-16SV4V5-3-200-SRF,BL.20140707.3.200.SRF,BL-20140707,20140707,BL_EAMO_R03,BL_EAMO_R02,BBMO,>3um,BBMO >3um,2014,Jul,Summer,
BL.20140916.16SV4V5.3.200.SRF,BL-20140916-16SV4V5-3-200-SRF,BL.20140916.3.200.SRF,BL-20140916,20140916,BL_EAMO_R02,BL_EAMO_R02,BBMO,>3um,BBMO >3um,2014,Sep,Summer,
BL.20141007.16SV4V5.3.200.SRF,BL-20141007-16SV4V5-3-200-SRF,BL.20141007.3.200.SRF,BL-20141007,20141007,BL_EAMO_R03,BL_EAMO_R02,BBMO,>3um,BBMO >3um,2014,Oct,Autumn,
BL.20141111.16SV4V5.3.200.SRF,BL-20141111-16SV4V5-3-200-SRF,BL.20141111.3.200.SRF,BL-20141111,20141111,BL_EAMO_R03,BL_EAMO_R02,BBMO,>3um,BBMO >3um,2014,Nov,Autumn,
BL.20141216.16SV4V5.3.200.SRF,BL-20141216-16SV4V5-3-200-SRF,BL.20141216.3.200.SRF,BL-20141216,20141216,BL_EAMO_R03,BL_EAMO_R02,BBMO,>3um,BBMO >3um,2014,Dec,Autumn,
BL.20150113.16SV4V5.3.200.SRF,BL-20150113-16SV4V5-3-200-SRF,BL.20150113.3.200.SRF,BL-20150113,20150113,BL_EAMO_R03,BL_EAMO_R02,BBMO,>3um,BBMO >3um,2015,Jan,Winter,
BL.20150210.16SV4V5.3.200.SRF,BL-20150210-16SV4V5-3-200-SRF,BL.20150210.3.200.SRF,BL-20150210,20150210,BL_EAMO_R03,BL_EAMO_R02,BBMO,>3um,BBMO >3um,2015,Feb,Winter,
BL.20150310.16SV4V5.3.200.SRF,BL-20150310-16SV4V5-3-200-SRF,BL.20150310.3.200.SRF,BL-20150310,20150310,BL_EAMO_R03,BL_EAMO_R02,BBMO,>3um,BBMO >3um,2015,Mar,Winter,
BL.20150415.16SV4V5.3.200.SRF,BL-20150415-16SV4V5-3-200-SRF,BL.20150415.3.200.SRF,BL-20150415,20150415,BL_EAMO_R03,BL_EAMO_R02,BBMO,>3um,BBMO >3um,2015,Apr,Spring,
BL.20150512.16SV4V5.3.200.SRF,BL-20150512-16SV4V5-3-200-SRF,BL.20150512.3.200.SRF,BL-20150512,20150512,BL_EAMO_R03,BL_EAMO_R02,BBMO,>3um,BBMO >3um,2015,May,Spring,
BL.20150609.16SV4V5.3.200.SRF,BL-20150609-16SV4V5-3-200-SRF,BL.20150609.3.200.SRF,BL-20150609,20150609,BL_EAMO_R02,BL_EAMO_R02,BBMO,>3um,BBMO >3um,2015,Jun,Spring,
BL.20150707.16SV4V5.3.200.SRF,BL-20150707-16SV4V5-3-200-SRF,BL.20150707.3.200.SRF,BL-20150707,20150707,BL_EAMO_R03,BL_EAMO_R02,BBMO,>3um,BBMO >3um,2015,Jul,Summer,
BL.20150804.16SV4V5.3.200.SRF,BL-20150804-16SV4V5-3-200-SRF,BL.20150804.3.200.SRF,BL-20150804,20150804,BL_EAMO_R03,BL_EAMO_R02,BBMO,>3um,BBMO >3um,2015,Aug,Summer,
BL.20150916.16SV4V5.3.200.SRF,BL-20150916-16SV4V5-3-200-SRF,BL.20150916.3.200.SRF,BL-20150916,20150916,BL_EAMO_R03,BL_EAMO_R02,BBMO,>3um,BBMO >3um,2015,Sep,Summer,
BL.20151006.16SV4V5.3.200.SRF,BL-20151006-16SV4V5-3-200-SRF,BL.20151006.3.200.SRF,BL-20151006,20151006,BL_EAMO_R03,BL_EAMO_R02,BBMO,>3um,BBMO >3um,2015,Oct,Autumn,
BL.20151110.16SV4V5.3.200.SRF,BL-20151110-16SV4V5-3-200-SRF,BL.20151110.3.200.SRF,BL-20151110,20151110,BL_EAMO_R03,BL_EAMO_R02,BBMO,>3um,BBMO >3um,2015,Nov,Autumn,
BL.20151215.16SV4V5.3.200.SRF,BL-20151215-16SV4V5-3-200-SRF,BL.20151215.3.200.SRF,BL-20151215,20151215,BL_EAMO_R03,BL_EAMO_R02,BBMO,>3um,BBMO >3um,2015,Dec,Autumn,
BL.20160119.16SV4V5.3.200.SRF,BL-20160119-16SV4V5-3-200-SRF,BL.20160119.3.200.SRF,BL-20160119,20160119,BL_EAMO_R03,BL_EAMO_R02,BBMO,>3um,BBMO >3um,2016,Jan,Winter,
BL.20160210.16SV4V5.3.200.SRF,BL-20160210-16SV4V5-3-200-SRF,BL.20160210.3.200.SRF,BL-20160210,20160210,BL_EAMO_R03,BL_EAMO_R02,BBMO,>3um,BBMO >3um,2016,Feb,Winter,
BL.20160308.16SV4V5.3.200.SRF,BL-20160308-16SV4V5-3-200-SRF,BL.20160308.3.200.SRF,BL-20160308,20160308,BL_EAMO_R03,BL_EAMO_R02,BBMO,>3um,BBMO >3um,2016,Mar,Winter,
BL.20160405.16SV4V5.3.200.SRF,BL-20160405-16SV4V5-3-200-SRF,BL.20160405.3.200.SRF,BL-20160405,20160405,BL_EAMO_R03,BL_EAMO_R02,BBMO,>3um,BBMO >3um,2016,Apr,Spring,
BL.20160504.16SV4V5.3.200.SRF,BL-20160504-16SV4V5-3-200-SRF,BL.20160504.3.200.SRF,BL-20160504,20160504,BL_EAMO_R03,BL_EAMO_R02,BBMO,>3um,BBMO >3um,2016,May,Spring,
BL.20160607.16SV4V5.3.200.SRF,BL-20160607-16SV4V5-3-200-SRF,BL.20160607.3.200.SRF,BL-20160607,20160607,BL_EAMO_R03,BL_EAMO_R02,BBMO,>3um,BBMO >3um,2016,Jun,Spring,
BL.20160705.16SV4V5.3.200.SRF,BL-20160705-16SV4V5-3-200-SRF,BL.20160705.3.200.SRF,BL-20160705,20160705,BL_EAMO_R03,BL_EAMO_R02,BBMO,>3um,BBMO >3um,2016,Jul,Summer,
BL.20160802.16SV4V5.3.200.SRF,BL-20160802-16SV4V5-3-200-SRF,BL.20160802.3.200.SRF,BL-20160802,20160802,BL_EAMO_R03,BL_EAMO_R02,BBMO,>3um,BBMO >3um,2016,Aug,Summer,
BL.XXXX.16SV4V5.Mock.XXX,BL-XXXX-16SV4V5-Mock-XXX,,,,Mock,Mock,BBMO,Mock,BBMO Mock,,,,
